!!	0.10386714349118253
!!!	0.11386714349118253
%-	0.04240358376564003
%~-	0.08344516150509135
%￥	0.04240358376564003
&-	0.04240358376564003
''	0.266817651903597
'''	0.2671807447377811
((	0.2812504999844426
(((	0.29125049998444263
))	0.5786747547966925
**	0.051349081050361844
*-	0.05996772325459172
++-	0.06996772325459172
+-	0.05996772325459172
+/-	0.12721075129692008
,,	0.2717137970219136
-%	0.05996772325459172
-&	0.04240358376564003
-***-****	0.08995158488188759
--	0.12577904733420342
-/&	0.05193357174559127
-\列	0.05193357174559127
-∞	0.11993544650918345
-∞+∞	0.16961433506256013
-■	0.04240358376564003
-〔	0.11993544650918345
-〜	0.04240358376564003
-｛	0.07344516150509135
..	0.9128012310522235
...	0.9131643238864078
/-	0.04240358376564003
0.0	0.1089278502552255
0.00	0.3004742673472681
0.00001	0.9617690326739695
0.000026	0.7269054559875636
0.000035	0.8952971316420713
0.0001	0.8832974706903354
0.0003	0.6013886772198893
0.0004	0.5909485346945362
0.000463	0.6009485346945362
0.0005	1.0267599584975093
0.00062	0.5909485346945362
0.0006258	1.2298362013282496
0.001	0.9819509723125301
0.0011	1.4370888612319677
0.0015	1.2984516549393281
0.001:1	0.9919509723125302
0.002	0.8130919062141018
0.002061	1.5869975053147096
0.0022	0.8230919062141018
0.0024	0.8230919062141018
0.003	0.7100534574230013
0.0030	0.7931983018185867
0.00357	0.8952971316420713
0.0036	0.7200534574230013
0.0037	0.7200534574230013
0.004	0.4971401556272042
0.0040	0.5071401556272042
0.0043	0.5925048746599595
0.00487	0.5071401556272042
0.0049	0.5071401556272042
0.005	1.0267599584975093
0.0051	1.0367599584975093
0.0055	1.0367599584975093
0.0059	1.0367599584975093
0.006	0.4683815104323461
0.0064	0.4935131393001697
0.0066	0.4783815104323461
0.007	0.31047426734726813
0.0072	0.7362976423762378
0.0074	0.38018971728564155
0.008	0.6663206980064084
0.0080	0.6763206980064084
0.0082	0.6763206980064084
0.0084	0.6763206980064084
0.0095	0.4334353698980883
0.01	0.5623779605792261
0.010	1.4402262971070163
0.0100	1.4502262971070163
0.0113	1.4370888612319677
0.0122	3.3242690419288112
0.0133	1.7055727641201095
0.015	1.9407877273137986
0.0153	1.9507877273137986
0.016	0.5722659865711585
0.018	0.8970260903226277
0.0184	1.2388494387202578
0.019	0.5722659865711585
0.01:1	0.5722659865711585
0.02	0.7041751014666263
0.020	1.5869975053147096
0.0200	1.5969975053147096
0.0218	1.2593529643101107
0.0236	1.6430700886201741
0.024	0.7844983960429508
0.025	1.2298362013282496
0.03	0.6011265128860229
0.030	0.8921362448983998
0.0301	1.7617051134508268
0.0313	0.9740254231345907
0.0326	1.7165131008015837
0.033	0.8499568467470942
0.0345	1.2512123696852544
0.035	0.8952971316420713
0.0356	0.9052971316420713
0.0359	0.9052971316420713
0.036	0.6110255843857052
0.0365	0.7953211768217886
0.0375	0.6110255843857052
0.039	0.6110255843857052
0.0391	0.6210255843857052
0.04	0.487252129635272
0.040	2.198799503696591
0.0444	0.4971401556272042
0.045	0.5463618331568341
0.0457	0.5563618331568341
0.048	0.4971401556272042
0.0493	0.4971401556272042
0.05	0.5530465283022119
0.050	1.8828514990718292
0.0516	0.9513520429604712
0.055	0.5630465283022119
0.0556	0.5730465283022119
0.06	0.3598066601867171
0.060	0.49706048207126385
0.0623	0.5089497326950417
0.065	0.58245495984824
0.0665	0.48341513558494675
0.0667	0.4725048222874407
0.07	0.2816135928186267
0.070	0.38941348464846703
0.075	0.29125049998444263
0.0762	0.5089497326950417
0.08	0.6229376139425771
0.080	0.6329376139425771
0.0833	0.8499568467470942
0.0889	0.6329376139425771
0.09	0.3777002348367943
0.093	0.3873371420026102
0.1	0.772799404922336
0.1.2.3	0.782799404922336
0.10	1.6457337827784873
0.107	1.6557337827784873
0.1081	1.965109066980353
0.11	1.2529895268907714
0.110	1.2629895268907714
0.1108	1.965109066980353
0.1158	1.9508886558141165
0.12	0.8241484859726979
0.125	3.3146321347629955
0.126	1.1665526843894145
0.13	0.9641373971426584
0.1307	1.5363923382060671
0.1392	1.4068013992802295
0.14	2.224436374443493
0.140	2.2344363744434927
0.15	1.9407877273137986
0.1509	1.9507877273137986
0.1571	1.9507877273137986
0.16	1.5880381500260194
0.162	1.5980381500260195
0.1624	1.6080381500260195
0.17	1.1429891222079778
0.170	1.1529891222079778
0.175	1.1529891222079778
0.1756	1.1629891222079778
0.1778	1.1529891222079778
0.179	1.1529891222079778
0.18	1.328508836130237
0.180	1.338508836130237
0.19	0.782799404922336
0.192	0.8122917901499593
0.199	0.8312727932823196
0.1:1	0.782799404922336
0.1:1.0	0.792799404922336
0.2	0.7225456170332035
0.2.778	0.7325456170332035
0.20	3.4989911335539565
0.200	3.5089911335539563
0.21	2.581644164542363
0.213	2.591644164542363
0.22	0.8252437791339271
0.221	1.1964634406430086
0.2222	1.1343761287383634
0.23	0.7325456170332035
0.2381	1.6430700886201741
0.239	1.6430700886201741
0.24	1.5451086877036275
0.245	2.5304781576083886
0.2467	1.5551086877036275
0.25	0.7951641838700204
0.254	1.2298362013282496
0.2581	0.8051641838700204
0.25:1	0.8051641838700204
0.26	0.7325456170332035
0.267	0.9844330636411731
0.27	0.7229087098673874
0.270	0.968012321001972
0.2778	0.7325456170332035
0.279	0.7325456170332035
0.28	0.7325456170332035
0.2844	0.7425456170332035
0.2:1	0.7325456170332035
0.3	0.47062210155941137
0.30	2.8910016775117984
0.3004	2.901001677511798
0.31	1.8968063854515729
0.32	1.7065131008015837
0.320	1.7165131008015837
0.33	0.8400577752474119
0.33:1	0.8499568467470942
0.35	0.5890751283666272
0.356	0.5989631543585595
0.3582	0.5989631543585595
0.36	0.4806221015594114
0.3645	0.8091673280391714
0.368	0.8091673280391714
0.3773	0.5439983966413781
0.38	0.62081639986754
0.398	0.4806221015594114
0.3:0.7	0.4806221015594114
0.3:1	0.4806221015594114
0.4	0.3557568692047958
0.40	0.7914682702256979
0.40.2	2.2087995036965906
0.4158	1.3195509628226163
0.4178	1.0549117243696773
0.42	0.41986723142345395
0.43	0.5925048746599595
0.45	0.8472338326303605
0.45:1	0.8572338326303605
0.46	0.36575686920479583
0.4669	0.37575686920479584
0.48	0.36575686920479583
0.49	0.36575686920479583
0.4977	0.37575686920479584
0.5	0.8507537071530835
0.50	1.8828514990718292
0.500	1.8928514990718293
0.508	1.8928514990718293
0.537	0.8607537071530835
0.538	0.8607537071530835
0.54	0.8607537071530835
0.5478	0.8707537071530835
0.55	0.9021915324045989
0.56	0.8511167999872676
0.57	0.8607537071530835
0.5821	1.1964634406430086
0.5839	0.8607537071530835
0.5:1	0.8511167999872676
0.6	0.2741290782723059
0.60	1.4500086755195363
0.601	1.4600086755195363
0.635	0.5989631543585595
0.64	0.4935131393001697
0.65	0.47377822841913086
0.6555	0.48341513558494675
0.67	0.2744921711064898
0.6701	1.032196903875777
0.68	0.36575686920479583
0.6889	0.37575686920479584
0.7	0.2881960026242104
0.70	0.38941348464846703
0.7103	4.394323779366344
0.716	1.5980381500260195
0.75	0.45676370836029595
0.7521	1.1964634406430086
0.78	0.3634559270182692
0.791	0.5051926045476108
0.7:0.3	0.4806221015594114
0.7:1	0.2981960026242104
0.8	0.36127280851660176
0.80	1.0311887009080243
0.83	0.37127280851660177
0.8333	0.8499568467470942
0.85	0.4506983315503046
0.850	1.0992785025522553
0.8575	0.4605863575422368
0.865	0.48341513558494675
0.8842	0.41986723142345395
0.8981	0.543635303807194
0.8:1	0.3616359013507858
0.8:1.0	0.5209169055207966
0.9	0.2741290782723059
0.90	1.0013409584197923
0.91	0.49555569738179484
0.910	1.0675595196190872
0.92	0.44267504764532084
0.930	0.7931983018185867
0.94	0.2958995835362751
0.940	0.6159625194945234
0.945	0.8105010042537274
0.95	0.42379846273227234
0.950	1.8928514990718293
0.951	0.9513520429604712
0.958	0.4334353698980883
0.96	0.318094486302171
0.960	0.6085687536494392
0.965	0.48341513558494675
0.969	0.32809448630217103
0.970	0.38941348464846703
0.98	0.41757069553287035
0.985	0.7248163643148604
0.9894	0.42757069553287036
0.99	0.4730133068479998
0.990	0.4830133068479998
0.9:1	0.28412907827230593
00	0.2904742673472681
000	0.5809485346945362
0000	0.581049463194854
0001	0.8832974706903354
0004	0.5909485346945362
0005	1.0267599584975093
000573	1.0367599584975093
0007	0.5909485346945362
001	0.8732974706903354
0012	3.3242690419288112
0014	2.2344363744434927
0015	1.2984516549393281
001549	1.9507877273137986
001683	0.9436688965246012
001810	1.416569681663345
0019	0.8832974706903354
002	0.7169054559875636
002086	1.5869975053147096
0021	1.1964634406430086
002224	1.1547938675294587
002450	2.5304781576083886
003733	0.8499568467470942
004	0.48750324846138826
0040	0.4971401556272042
004893	0.4971401556272042
004990	0.4971401556272042
005	1.0167599584975093
006742	0.41793378836705436
007	0.2908373601814523
007111	3.617978652120024
007923	0.4909663161913232
007977	0.3620315637292793
009	0.3777002348367943
01	0.5622659865711584
01.07.2016	0.5722659865711585
010	1.4302262971070163
011	1.4270888612319677
0110	1.4370888612319677
0111	1.4370888612319677
01111	3.618341744954208
011120	3.618341744954208
011135	1.6487610819520815
012	3.3142690419288114
013087	1.5363923382060671
014	2.224436374443493
015	1.2884516549393281
0150	1.2984516549393281
015982	1.2984516549393281
016816	0.9436688965246012
018259	1.338508836130237
018340	2.2087995036965906
01877	1.074904524925026
02	0.7040631274585586
020	1.5769975053147096
0200	1.5869975053147096
0208	1.5869975053147096
021	1.1865754146510763
02160	2.591644164542363
0217	1.5738005826456185
0220	0.8626623317164497
022017	0.8726623317164497
023	1.633070088620174
023211	1.6430700886201741
023226	2.284263673899529
0237:2009	1.6430700886201741
023967	1.6430700886201741
025	1.2198362013282495
026548	0.9940699708069891
026891	0.9940699708069891
028971	0.7140631274585586
028973	0.7140631274585586
03	0.6010255843857052
03069	2.901001677511798
035	0.8852971316420712
036554	0.7953211768217886
038897	0.6110255843857052
038960	0.63081639986754
039144	0.7213391624019506
04	0.4871401556272042
04101	1.7371442149501446
04288	0.6634470036720267
0454	0.9308716359876991
04735	0.5989631543585595
047432	0.5925048746599595
048308	1.01095307382872
048732	0.4971401556272042
049435	0.5925048746599595
049962	0.5089497326950417
05	0.435711401020902
0508	1.8928514990718293
052160	2.591644164542363
0524	0.7844983960429508
0548	0.445711401020902
0563	0.5051926045476108
058762	0.5089497326950417
059	0.4360744938550861
06	0.359443567352533
0601	1.0325346203176267
0601:2013	3.508890205053638
061261	1.2184570668065684
068836	0.3861091848018314
07	0.2812504999844426
07.07.86	0.45912103217375844
07024	1.032196903875777
0716	1.5980381500260195
072	0.7262976423762378
076838	0.42716190649590424
07767	0.42716190649590424
07794	0.29125049998444263
0797	0.3620315637292793
08	0.5572919192508651
080	0.5672919192508651
08015	1.2984516549393281
0808	0.5772919192508651
0823	0.5672919192508651
08316	1.1326549832836437
088	0.6229376139425771
09	0.3773371420026102
094481	0.543635303807194
09568	0.4334353698980883
0994	0.3873371420026102
1.0	0.5109169055207966
1.0.5	0.8607537071530835
1.00	0.5112799983549806
1.00.2	0.7325456170332035
1.000	0.5909485346945362
1.001	0.8832974706903354
1.003	0.6110255843857052
1.01	0.5722659865711585
1.010	1.4402262971070163
1.0268	0.7140631274585586
1.03	0.6013886772198893
1.03:1	0.6110255843857052
1.04	0.5112799983549806
1.05	0.5112799983549806
1.06	0.5112799983549806
1.074	0.5209169055207966
1.08	0.6229376139425771
1.0:0.1	0.782799404922336
1.0:0.5	0.8607537071530835
1.0:1.0	0.5209169055207966
1.0:1.1	0.5209169055207966
1.0:4.0	0.5209169055207966
1.1	0.23531105077970568
1.1.1	0.2453110507797057
1.10	4.384323779366344
1.10.3	4.394323779366344
1.10.3.2	4.404323779366344
1.100	4.394323779366344
1.11	3.6079786521200243
1.11.1	3.617978652120024
1.1111	3.617978652120024
1.15	1.9407877273137986
1.16	1.5880381500260194
1.19	0.5453732097460446
1.2	0.39774827150221265
1.2.3	0.39811136433639654
1.20	3.4988902050536383
1.200	3.508890205053638
1.2222	1.1343761287383634
1.25	1.2198362013282495
1.25:1	1.2298362013282496
1.2:1	0.39811136433639654
1.3	0.2741290782723059
1.30	0.7931983018185867
1.300	0.90222708057413
1.31	0.6265447327524376
1.32	0.35743376355816403
1.330	1.3370970023742983
1.335	1.1493408087534125
1.343	0.719200561314225
1.35	0.5989631543585595
1.355	0.6089631543585595
1.360	1.460472696854038
1.3651.314	2.2344363744434927
1.37	0.533998396641378
1.3778	0.5439983966413781
1.38	0.28412907827230593
1.3:1.0	0.5209169055207966
1.4	0.32067490837910695
1.40	2.198799503696591
1.41	1.350170165781719
1.4167	1.360170165781719
1.42	0.41986723142345395
1.4381	0.5925048746599595
1.45	0.8472338326303605
1.4551	0.9513520429604712
1.46	0.33067490837910696
1.49	0.33067490837910696
1.5	0.5554252340251078
1.5.6	0.5654252340251078
1.50	1.8828514990718292
1.52	0.5654252340251078
1.524	0.7844983960429508
1.5278	0.6775380536547041
1.55	0.6068743378575404
1.56	0.5557883268592919
1.58	0.5654252340251078
1.587	0.5754252340251078
1.5:1	0.5557883268592919
1.5:1.0	0.5654252340251078
1.6	0.3144158470497678
1.60	1.4500086755195363
1.62	0.7654471690552825
1.625	1.2298362013282496
1.65	0.48341513558494675
1.668	0.36575686920479583
1.6889	0.36575686920479583
1.7	0.2435700778136021
1.70	1.022196903875777
1.716	1.5980381500260195
1.75	0.45676370836029595
1.77	0.24393317064778616
1.8	0.39774827150221265
1.80	0.40774827150221266
1.8226	2.284263673899529
1.8333	0.8499568467470942
1.85	0.4509494503764209
1.881	0.543635303807194
1.9	0.12577904733420342
1.90	1.0013409584197923
1.9167	0.9717251789086867
1.93	0.3777002348367943
1.96	0.318094486302171
1.99	0.38462442966646454
1.１２５	0.42716190649590424
1.２０	0.1974386026475724
10	0.9242834589065131
10.0	1.4866494682597422
10.000	1.7771338284315978
10.1	4.384323779366344
10.10	4.394323779366344
10.100	4.404323779366344
10.11	4.394323779366344
10.2	4.384323779366344
10.3	1.7642403056536076
10.4	1.5605030993183748
10.5	4.384323779366344
10.6	0.9342834589065131
10.7	0.9342834589065131
10.8	4.384323779366344
10.9	4.384323779366344
10.992	4.394323779366344
100	0.9756325399568748
100.0	4.384686872200528
100.000	4.394686872200528
1000	4.982658061457389
10000	5.282006748920006
100000	5.282107677420323
1000000	5.292006748920006
1000771	4.992658061457389
1000:1	4.992658061457389
1001	4.384686872200528
1002	4.384686872200528
1003.1	0.9856325399568748
1004.5	0.9856325399568748
10047	0.9856325399568748
100539	1.0267599584975093
1006	4.384686872200528
1008	4.384686872200528
1009	4.384686872200528
10090	4.394686872200528
100:0	4.384686872200528
100:1	4.384686872200528
101	1.2939002014111516
101.102	4.394323779366344
101.3	1.3039002014111516
1010	4.384686872200528
1011	4.384686872200528
1013	9.905768378666082
1014	4.384686872200528
1015	4.384686872200528
1018	1.3039002014111516
1018:102	1.7087818549494638
102	1.6987818549494638
1020	4.384686872200528
10202	4.394686872200528
103	1.102161893508911
1030	4.384686872200528
104	1.4321997969531752
104.8	1.4421997969531752
1043	4.384686872200528
1048	1.4421997969531752
105	1.178448442835373
1050	4.384686872200528
1056	4.384686872200528
106	1.39769859449146
106.1	1.40769859449146
106.7	1.40769859449146
107	1.5574574702214627
108	1.955109066980353
108.5	1.965109066980353
1089:2007	4.2847073720695
109	1.419576086236195
1091	4.384686872200528
1092	1.429576086236195
1093	1.429576086236195
1094	1.429576086236195
10957.10.1	4.394323779366344
1096	1.429576086236195
1096:2010	1.439576086236195
109724	1.429576086236195
1099	1.429576086236195
10:1	4.384323779366344
10:1:10000	5.292006748920006
10:90	0.9342834589065131
11	0.4907656854182341
11.0	3.6079786521200243
11.00	3.6083417449542083
11.1	3.6079786521200243
11.1.1	3.617978652120024
11.11	3.617978652120024
11.12	3.617978652120024
11.15	3.617978652120024
11.2	1.6772291260612426
11.21	1.6872291260612426
11.23	1.6872291260612426
11.4	3.6079786521200243
11.472	3.617978652120024
11.5	0.5633842522550513
11.651	0.9513520429604712
11.8	0.5007656854182341
11.9	1.312242487977212
110	1.0531316947714635
110.1	4.394323779366344
1100	4.384686872200528
111	0.9815313708364682
1110	4.384686872200528
1111	3.6083417449542083
11111	3.6087048377883932
11117	3.618341744954208
1112	3.6083417449542083
11134	3.618341744954208
1114	3.6083417449542083
1116	0.9915313708364683
112	0.9170968512764589
1121	3.6083417449542083
1122	3.6083417449542083
1124	3.6083417449542083
1125	1.6433355144333182
113	1.3307225321653287
1130	3.6083417449542083
1132	3.6083417449542083
1134	3.6083417449542083
1135	1.6487610819520815
11357	1.6587610819520815
1139	1.4068013992802295
114	0.9006329168416881
1140	3.6083417449542083
1142	3.6083417449542083
1143	3.6083417449542083
1144	3.6083417449542083
1145	3.6083417449542083
115	1.9408886558141165
1150	3.6083417449542083
1153	1.9508886558141165
1154	1.9508886558141165
116	0.977826167489498
1160	3.6083417449542083
117	0.7538324514176402
1171	3.6083417449542083
118	0.8871380643306954
1180	1.1875003576698957
1185	1.338508836130237
119	0.7766652689545092
12	0.6576029516943726
12.0	3.3142690419288114
12.0.5	3.3242690419288112
12.1	3.3142690419288114
12.12	3.3242690419288112
12.13	3.3146321347629955
12.2	0.7833819990285761
12.22	0.7933819990285761
12.24	0.7933819990285761
12.5	0.8693289868323925
12.69	0.6676029516943726
12.7	3.3142690419288114
120	0.7302215185311896
1200	3.4992532978878232
120000	4.200199554608905
12002	3.509253297887823
1201	3.4992532978878232
12022	0.8626623317164497
121	1.1865754146510763
1213	1.6260806757839699
12173	1.5738005826456185
122	1.138569267885696
123	0.9039654217891554
1230	3.3146321347629955
1234	3.3146321347629955
1238	3.3146321347629955
124	0.9389543801791328
124.5	0.9489543801791328
1240	1.074972663390219
125	1.6333355144333181
1250	3.3146321347629955
126	1.1565526843894145
126.7	1.1665526843894145
1260	3.3146321347629955
12691	1.1665526843894145
127	3.3142690419288114
127.9	3.3242690419288112
1270	3.3146321347629955
1273	3.3242690419288112
1275	3.3242690419288112
128	0.9143483569461818
12800	1.0415517937422083
129	1.065173647227243
1290	1.075173647227243
1292	1.0902880921642812
13	0.9640254231345907
13.0	0.9740254231345907
13.07.2016	0.9840254231345907
13.1	0.9740254231345907
13.13	0.9840254231345907
13.14	0.9840254231345907
13.2	1.338906579442136
13.3	0.9740254231345907
13.4	1.7594461533800874
13.5	2.5028077567982043
13.6	0.9740254231345907
13.65	0.9840254231345907
130	1.5263923382060671
1300	2.8913647703459824
1300000	3.1912015962260347
13044	1.5363923382060671
1306044	2.901001677511798
131	1.9281517747694994
1310	4.384323779366344
1311	3.617978652120024
1317	2.5031708496323892
132	2.5028077567982043
132099	2.512807756798204
133	1.6955727641201095
1330	1.7055727641201095
1335	1.7055727641201095
134	1.548795053995773
1340	2.5031708496323892
1341	1.5587950539957731
135	1.6387610819520815
1350	2.5031708496323892
1352	1.6487610819520815
1353	1.6487610819520815
1354	1.6487610819520815
13540	1.6587610819520815
1356	2.5031708496323892
136	1.4511868337061726
1360	1.4611868337061726
137	2.5028077567982043
138	2.5028077567982043
13839	2.512807756798204
13896	2.512807756798204
139	1.3968013992802295
13934	1.4068013992802295
1394	2.5031708496323892
13948	2.513170849632389
14	0.3695158140043206
14.0	2.224436374443493
14.05	2.2344363744434927
14.1	2.224436374443493
14.14	2.2344363744434927
14.15	2.2344363744434927
14.2	2.224436374443493
14.5	2.224436374443493
14.7	2.224436374443493
14.9	2.224436374443493
140	0.6507663139887632
1400	2.224799467277677
14000	2.6168016927814013
1408	2.2087995036965906
141	0.9049890465324357
1415	0.9149890465324357
1418	0.9149890465324357
142	2.224436374443493
1425	2.2344363744434927
1426	2.2344363744434927
1427	2.2344363744434927
143	2.224436374443493
143:1	2.2344363744434927
144	0.7113391624019506
145	0.5569544166518932
1450	2.224799467277677
146	0.8684655466993625
14648	0.8784655466993625
147	0.5473942486067187
14798	0.5573942486067187
148	0.6942759177557901
148772	0.7042759177557901
149	2.224436374443493
14:113	1.3407225321653287
15	0.3880675233175105
15.0	1.9407877273137986
15.1	1.9407877273137986
15.16	1.9507877273137986
15.16.17	1.9607877273137986
15.20	3.508890205053638
15.23	0.4909663161913232
15.3	0.3980675233175105
15.6	0.3980675233175105
15.8	1.9407877273137986
150	0.8290967329772793
1500	1.9411508201479828
15000	2.2708751480272014
150000	2.2709659837029323
1500000	2.2808650552026135
151	1.9407877273137986
1515	1.9507877273137986
152	0.8290967329772793
152.4	0.8390967329772793
1525	1.9411508201479828
1526	0.8390967329772793
1527	0.8390967329772793
153	0.7641767081193419
1535	0.8952971316420713
154	1.9407877273137986
155	0.43941660436787233
1550	1.9411508201479828
156	0.43941660436787233
1560	0.7929973505361982
157	1.9407877273137986
158	1.3095509628226163
1580	1.3195509628226163
1590	1.0113409584197923
15909	1.0213409584197923
15949	0.3980675233175105
15:1	1.9407877273137986
15:70:15	0.3980675233175105
15:85	0.4605863575422368
16	0.5541544833758163
16.1	1.5880381500260194
16.16	1.5980381500260195
16.2	1.5880381500260194
16.21	1.5980381500260195
16.3	0.5641544833758163
16.5	0.6267730502126333
16.8	0.5641544833758163
16.9	0.5641544833758163
160	0.8446287507230843
1600	1.5884012428602035
16028	0.8546287507230843
161	1.5880381500260194
1611	1.5980381500260195
162	1.0713059022332816
163	0.7082017265269018
164	1.5880381500260194
164036	1.5980381500260195
165	1.0199568211829197
1657913	1.0299568211829198
166	1.5880381500260194
167	0.9617251789086867
168	0.9336688965246012
16815	0.9436688965246012
169	0.9384158202080967
17	0.48019012196843514
17.0	0.49019012196843514
17.1	1.1980191786308736
17.10	1.2080191786308736
17.11	1.2080191786308736
17.12	1.2080191786308736
17.2	1.1980191786308736
17.3	0.49019012196843514
17.4	1.1980191786308736
17.455	1.2080191786308736
17.5	0.49019012196843514
17.6	1.1980191786308736
17.7	1.1980191786308736
17.8	1.1980191786308736
17.9	0.49019012196843514
170	0.7706643893157031
1700	1.1983822714650574
17032	1.032196903875777
171	0.9603802439368703
1710	4.394323779366344
1714897	2.2344363744434927
172	0.582888284069159
1722789	0.9893499708650858
173	0.9617260385074343
1730	2.8910016775117984
1733	0.9717260385074343
174	1.1980191786308736
175	0.7752681576864683
175000	2.2808650552026135
17530	0.8237792145083925
17540	1.3685833068951392
176	0.9638032840506758
177	0.8503798392540768
1770	0.8603798392540768
178	1.0449117243696773
179	0.49019012196843514
18	0.8870260903226277
18.0	1.328508836130237
18.00	1.3288719289644213
18.1	1.328508836130237
18.18	1.338508836130237
18.19	1.338508836130237
18.2	0.8970260903226277
18.26	0.9070260903226277
18.28	0.9070260903226277
18.3	0.8970260903226277
18.33	0.9070260903226277
18.4	0.8970260903226277
18.5	1.328508836130237
18.7	0.8970260903226277
18.9	0.8970260903226277
180	1.1775003576698957
1800	1.3288719289644213
181	1.328508836130237
182	1.328508836130237
1822	2.284263673899529
183	1.0410733334737134
184	1.2288494387202578
185	1.328508836130237
1850	1.8828514990718292
186	1.328508836130237
187	1.064904524925026
188	1.2117861940740973
189226	1.1381340222890899
18:2	1.328508836130237
18:3	0.8970260903226277
19	0.5353732097460446
19.1	0.9345777412320802
19.2	0.9345777412320802
19.23	0.9445777412320802
19.5	0.9345777412320802
19.7	0.5453732097460446
190	0.8258474770933126
1900	1.001704051253976
191	0.9345777412320802
1910	4.384323779366344
192	0.8022917901499593
194	0.7983483031523554
195	0.7228118123936169
196	0.8911300789508403
1960	0.9011300789508403
197	0.7470908946950888
198	0.7869313044144512
1985	0.9860715412963491
1986	0.7969313044144513
199	0.8212727932823196
1990	1.0013409584197923
1992	0.8312727932823196
1994	1.590034860475359
1995	1.7125713026268663
1998	1.5537312949621158
1999	1.4484714271965347
1:0	0.07344516150509135
1:0.01	0.5722659865711585
1:0.05	0.5630465283022119
1:0.1	0.782799404922336
1:0.25	0.8051641838700204
1:0.5	0.8607537071530835
1:0.8	0.3616359013507858
1:1	0.23531105077970568
1:1.010	1.4502262971070163
1:1.050	0.7361856683681701
1:1.5	0.5654252340251078
1:1.8	0.40774827150221266
1:10	0.9243843874068308
1:100	4.384686872200528
1:15	0.9614967191478757
1:18	0.8970260903226277
1:1:1	0.23567414361388975
1:2	0.1406252499922213
1:2.2	0.31160756008880774
1:2.3	0.35446010743226625
1:2.5	0.5486212493787959
1:20	3.4988902050536383
1:2002	3.508890205053638
1:2008	4.066182124304504
1:25	0.19154641709204254
1:250	0.7361856683681701
1:3	0.1406252499922213
1:3.5	0.3601540486690441
1:3000	3.1912015962260347
1:4	0.12577904733420342
1:40	2.198799503696591
1:5	0.1406252499922213
1:50	1.8828514990718292
1:6	0.10386714349118253
1:7	0.05193357174559127
1:8	0.12721075129692008
1:9	0.07344516150509135
1:99	0.38462442966646454
2.0	0.5223996180206981
2.00	0.5227627108548822
2.000	0.5909485346945362
2.0247	0.7844983960429508
2.028	0.7140631274585586
2.031	0.6265447327524376
2.095	0.5323996180206981
2.1	0.266817651903597
2.10	0.9342834589065131
2.16	1.5880381500260194
2.1667	1.5980381500260195
2.2	0.30160756008880774
2.2.1	0.30197065292299174
2.20	0.43633116585822485
2.21	1.1964634406430086
2.2153	1.9226491090111786
2.23	0.4909663161913232
2.25	1.2198362013282495
2.3	0.34446010743226624
2.33	0.8499568467470942
2.36	0.3861091848018314
2.3778	0.5439983966413781
2.4	0.4123941852696551
2.4.1.25	1.2298362013282496
2.419	1.360170165781719
2.4381	0.5925048746599595
2.44	0.4223941852696551
2.5	0.4395104167344116
2.50	0.7361856683681701
2.54	0.6165520654385263
2.551	0.9513520429604712
2.6	0.1886685710013051
2.6274	1.2601429510967344
2.63	0.5051926045476108
2.65	0.47377822841913086
2.67	0.22171768494904415
2.6:1	0.1986685710013051
2.7	0.06288952366710171
2.7.1.37	0.5439983966413781
2.75	0.24878768369793422
2.7889	0.37309283418408506
2.8	0.19887413575110632
2.80	1.0311887009080243
2.81	0.533998396641378
2.8226	2.284263673899529
2.8333	0.8499568467470942
2.881	0.543635303807194
2.9	0.1089278502552255
2.9167	0.9717251789086867
2.96	0.318094486302171
2.１２５	0.42716190649590424
20	0.42633116585822484
20.0	3.4988902050536383
20.1	3.4988902050536383
20.186	3.508890205053638
20.2	0.7325456170332035
20.21	2.591644164542363
20.29	0.7425456170332035
20.3	3.4988902050536383
20.4	3.4988902050536383
20.5	3.4988902050536383
20.7	3.4988902050536383
200	0.5352590161134504
2000	4.190199554608905
20000	4.200199554608905
200000	4.210199554608905
2001	3.4992532978878232
2007	4.2747073720695
2008	4.056182124304504
200:1	0.5452590161134504
201	0.5623779605792261
2011	3.6083417449542083
20110	3.618341744954208
2012	3.4992532978878232
202	0.8526623317164497
202502	1.2298362013282496
203	0.7737649294163887
203091	1.1010918368383693
203536	0.8952971316420713
204	1.7761382388057592
205	0.5503997422457215
20560	0.7929973505361982
206	0.4989497326950418
207	0.6893979318576309
208	0.5573928477511828
209	0.8590062135035456
20:1	0.4263412586828125
20:10	0.9342834589065131
20:80	0.43633116585822485
21	1.1864634406430086
21.1	2.0734895309656367
21.2	1.1964634406430086
21.25	1.2298362013282496
21.5	1.1964634406430086
21.6	1.1964634406430086
21.633	1.2064634406430086
21.7	1.4252511243409427
210	1.6221748416639103
211	1.312242487977212
212	1.6674297568343315
213	1.6160806757839699
214	2.581644164542363
215	1.9126491090111786
215.6	1.9226491090111786
216	2.581644164542363
2160	2.5820072573765476
217	1.5638005826456185
218	1.2493529643101107
219	1.2394363372046031
22	0.5621880643691817
22.0	0.5721880643691817
22.1	0.5721880643691817
22.2	0.5721880643691817
22.23	0.5821880643691817
22.23.24	0.7844983960429508
22.5	0.5721880643691817
22.6	0.5721880643691817
22.68	0.5821880643691817
220	0.8526623317164497
2200	3.4992532978878232
22000	4.200199554608905
220000	4.210199554608905
22075	0.8626623317164497
221	1.1865643691433263
222	1.1243761287383633
2224	1.1547938675294587
223	1.4021449111162758
224	1.1447938675294587
225	0.6348066312059986
226	1.1281340222890899
2262	1.1381340222890899
227	0.9793499708650858
228	0.8214329168439793
2283	0.8314329168439794
229	0.9464494012014618
23	0.4809663161913232
23.0	0.4909663161913232
23.0.5	0.8607537071530835
23.1	0.4909663161913232
23.2	0.4909663161913232
23.24	0.7844983960429508
23.5	1.633070088620174
23.62	0.5089497326950417
230	0.7833102758266545
2300	2.8913647703459824
23000	3.1912015962260347
231	1.8968063854515729
23126	1.9068063854515729
232	1.120416659067055
2329930	1.130416659067055
233	1.633070088620174
235	0.5890640828588772
237	0.5535848830281405
238	1.633070088620174
239	1.633070088620174
2394055	1.6430700886201741
24	0.7744983960429508
24.0	0.7844983960429508
24.1	0.7844983960429508
24.3	0.7844983960429508
24.4	1.5451086877036275
24.475	1.5551086877036275
24.5	0.7844983960429508
24.6	0.7844983960429508
24.75	0.7844983960429508
240	1.064972663390219
2400	2.1991625965307753
241	1.5451086877036275
242	1.3082346283504627
243	1.1507085093451002
244	1.5451086877036275
245	2.520478157608389
2460	0.8881913628429482
24629	0.7844983960429508
248	1.0181790967918416
2489058	1.0281790967918416
249	1.5451086877036275
2497327	1.5551086877036275
25	0.18154641709204253
25.0	1.2198362013282495
25.00	1.2201992941624338
25.2	0.19154641709204254
25.4	0.24725325710649015
25.5	0.3049780129359624
25.6	1.2198362013282495
25.8	0.19154641709204254
25.956	0.4334353698980883
250	0.7262976423762378
2500	1.5103104686755178
25000	2.2709659837029323
250000	2.2808650552026135
2509049	1.0113409584197923
251	1.6603593858179149
2512364	1.6703593858179149
252	1.2198362013282495
253	0.9647447189106293
253.3	0.9747447189106293
254	1.2198362013282495
2544	1.2298362013282496
256	0.5027740910068048
257	1.2198362013282495
25851	0.9513520429604712
25874	0.37637813047916224
259	1.2198362013282495
25921	1.2298362013282496
26	0.12396764788717883
26.0	0.318094486302171
26.2	0.13396764788717883
26.5	0.3244476183355085
26.6	0.13396764788717883
26.667	0.4725048222874407
260	0.6863336572404077
261	1.0110946667101246
263	0.5000768326890102
26398	0.5051926045476108
264	0.5127217886276934
265	0.9840699708069891
266	0.6229173805822208
268	0.36575686920479583
2689	0.9840699708069891
27	0.6675380536547041
27.096	0.6775380536547041
27.1	0.6775380536547041
27.2	0.6679011464888881
27.5	0.6775380536547041
27.6	0.6775380536547041
27.7	0.6775380536547041
27.8	0.6679011464888881
270	0.958012321001972
2700	0.968012321001972
271	0.6679011464888881
271.2	0.6775380536547041
272	0.6679011464888881
273	1.4506354269729727
274	1.2501429510967343
27466	1.2601429510967344
275	0.6679011464888881
27504	1.1983273978214266
27675	0.6775380536547041
277	0.6679011464888881
2785	0.6775380536547041
28	0.2960846825078022
28.1	0.8283421459667639
28.114	0.9106329168416881
28.26	0.3060846825078022
28.29.30	0.7931983018185867
28.5	0.8283421459667639
280	0.5865589498550704
2800	1.0315517937422083
281	0.8283421459667639
282	0.8283421459667639
28212	1.6774297568343315
283	0.8283421459667639
285	0.8283421459667639
2857	0.8383421459667639
2880	0.38941348464846703
28964	0.4935131393001697
29	0.39317242944799186
29.15	0.40317242944799186
290	0.6673015077202976
292.7	0.44267504764532084
2920	0.44267504764532084
294002	2.209162596530775
29671	0.40317242944799186
2:1	0.1540472431510855
2:2	0.07344516150509135
2:2000	4.200199554608905
2:3	0.1089278502552255
2:4	0.05193357174559127
2:5	0.06288952366710171
2:8	0.05193357174559127
2:98	0.41757069553287035
3.0	0.39274494942127885
3.00	0.393108042255463
3.000	0.5909485346945362
3.08	0.5672919192508651
3.09	0.40274494942127886
3.1	0.20858095324795212
3.15	1.9407877273137986
3.1666	1.5980381500260195
3.1667	1.5980381500260195
3.1:1	0.2453110507797057
3.2	0.23531105077970568
3.3	0.2881960026242104
3.3.3.6	0.2981960026242104
3.319	1.9068063854515729
3.33	1.1393408087534125
3.35	0.8852971316420712
3.3556	0.8952971316420713
3.4	0.16639003969446192
3.419	1.360170165781719
3.5	0.3501540486690441
3.50	1.8828514990718292
3.5024	1.8928514990718293
3.5746	0.38018971728564155
3.5:1	0.3505171415032282
3.6	0.1778784346023979
3.6193	0.9625315589040129
3.6422	2.284263673899529
3.7	0.12577904733420342
3.7417	0.517916338046662
3.75	0.24878768369793422
3.7639	0.5051926045476108
3.8	0.12577904733420342
3.80	0.38941348464846703
3.9167	0.9717251789086867
3.95	0.4334353698980883
3.96	0.318094486302171
3.9667	0.4725048222874407
3.9:1	0.16422837374383503
3.１２５	0.42716190649590424
30	0.7831983018185867
30.0	0.7931983018185867
30.1	2.8910016775117984
30.2	2.8910016775117984
30.5	0.8607537071530835
300	0.89222708057413
300.0	0.90222708057413
3000	3.181201596226035
30000	3.1912015962260347
300000	3.2012015962260345
3000000	3.2112015962260343
3001	2.8913647703459824
3003	0.90222708057413
301	1.7517051134508268
302	1.2093285163944232
303	1.3719605048947578
304	1.3656022479782284
305	2.8910016775117984
306	2.8910016775117984
307	1.1460901847202838
308	1.00095307382872
309	1.0910918368383693
30:70	0.7931983018185867
31	0.6165447327524376
31.1	0.6265447327524376
31.15	1.9507877273137986
31.2	0.6265447327524376
31.411	1.360170165781719
31.856	0.6265447327524376
31.9	0.6265447327524376
310	0.9243954329145808
3100	4.384686872200528
311	3.6079786521200243
3111	3.6083417449542083
312	1.2336859541090164
313	0.9641263516349085
314	2.224436374443493
3140	2.224799467277677
315	1.3427304011206076
3150	1.9411508201479828
316	1.1226549832836437
317	0.9938818747550476
318	1.1223371411023333
319	1.8968063854515729
32	0.347433763558164
32.0	0.5323996180206981
32.2	0.35743376355816403
32.324	0.7844983960429508
32.35	0.5989631543585595
320	0.6287851920429245
3200	3.4992532978878232
32039	0.7837649294163888
321	1.1865754146510763
322	2.274263673899529
323	0.694867527116328
323.1	0.704867527116328
324	0.7745993245432685
325	1.0736194319263344
326	1.7065131008015837
327	0.7645956700540683
33	0.8399568467470941
33.0	0.8499568467470942
33.2	0.8499568467470942
33.34	0.8499568467470942
33.7	0.8499568467470942
33.8	0.8499568467470942
33.9	0.8499568467470942
330	1.3270970023742983
3300	2.8913647703459824
331	1.8968063854515729
332	1.7069771221360854
334	1.1393408087534125
335	1.1393408087534125
3359	1.1493408087534125
336	0.9125754135839111
337	1.1393408087534125
34	0.709200561314225
34.0	0.719200561314225
34.422	2.284263673899529
34.5	0.719200561314225
340	2.198799503696591
3400	2.1991625965307753
341	1.350170165781719
3417	1.360170165781719
342	1.1880707785563052
3420:2013	1.1980707785563052
34379	0.719200561314225
345	1.2412123696852544
35	0.5889631543585595
35.15	0.5989631543585595
35.37	0.5989631543585595
35.8	0.5989631543585595
35.9	0.5989631543585595
350	0.7262976423762378
3500	1.8832145919060137
351	0.9414529714607889
35102	1.7087818549494638
352	1.0131252764265464
35:35	0.5989631543585595
35:65	0.5989631543585595
36	0.37610918480183136
36.0	0.3861091848018314
36.078	0.3961091848018314
36.1	0.3861091848018314
36.4	0.3861091848018314
36.717	0.49019012196843514
36.8	0.3861091848018314
360	1.450472696854038
360.0	1.460472696854038
360208	1.5969975053147096
361	0.7991673280391713
362	1.0485271943314027
364	0.7991673280391713
365	0.7853211768217886
366	0.7991673280391713
36645	0.8091673280391714
368	0.7991673280391713
37	0.4728878793863652
37.244	1.5551086877036275
37.512	1.0369816210072371
37.8	0.4828878793863652
370	1.022196903875777
3700	1.0225599967099612
371	0.5581568887091135
374	0.533998396641378
375	0.533998396641378
377	0.533998396641378
379	0.4828878793863652
38	0.23470689758942892
38.1	0.24470689758942893
38.3	0.24470689758942893
38.512	1.0369816210072371
38.725	0.30427328306077767
380	1.0311887009080243
3800	1.0315517937422083
382	0.62081639986754
384	0.8322597361835535
3841	1.360170165781719
385	0.62081639986754
386	0.62081639986754
389	0.62081639986754
39	0.42961723514096134
39.267	0.43961723514096135
390	1.0013409584197923
3900	1.0113409584197923
3:0.4	0.36575686920479583
3:1	0.08893921730119896
3:10	0.9342834589065131
3:2	0.05193357174559127
3:7	0.08995158488188759
4.0	0.4218757499766637
4.00	0.4222388428108478
4.0833	0.8499568467470942
4.1	0.19887413575110632
4.12	0.6676029516943726
4.15	0.3980675233175105
4.169	0.9484158202080967
4.17	0.49019012196843514
4.2	0.1089278502552255
4.24	0.7844983960429508
4.3	0.12577904733420342
4.319	1.9068063854515729
4.3324	1.7169771221360854
4.3556	0.5989631543585595
4.4	0.1089278502552255
4.40	0.35182334839762985
4.5	0.33278007938892384
4.5024	1.0322703508759723
4.5381	0.72925022753925
4.6	0.1089278502552255
4.7	0.1161269967375045
4.70	0.38941348464846703
4.7352	1.0231252764265464
4.75	0.24878768369793422
4.8	0.16639003969446192
4.8364	0.8091673280391714
4.9	0.1089278502552255
4.9167	0.9717251789086867
4.9667	0.4725048222874407
40	0.34182334839762984
40.0	0.35182334839762985
40.07	0.36182334839762986
40.2	2.198799503696591
40.211	2.591644164542363
40.317	1.9068063854515729
40.4	0.36575686920479583
40.6	0.35182334839762985
40.82	0.510488932792804
400	0.6322976157448978
4000	2.6068016927814015
40000	2.6168016927814013
400000	2.626801692781401
401	0.8325890338158641
402	0.9040114127668114
402.8	0.9140114127668114
40392	0.6110255843857052
404	2.198799503696591
405	1.317455888354505
406	1.0786040577527731
408	2.198799503696591
40:100	0.9856325399568748
40:15	0.3980675233175105
40:60	0.49706048207126385
40:80	0.38941348464846703
41	0.507916338046662
41.3	0.517916338046662
41.43	0.5925048746599595
41.5	0.5654252340251078
41.553	0.6168743378575404
41.683	0.517916338046662
41.7	0.517916338046662
41.867	0.517916338046662
41.9	0.517916338046662
410	1.7271442149501446
411	0.5592654190970238
4111	0.9915313708364683
41174	1.2080191786308736
412	3.3142690419288114
413	2.5028077567982043
413.7	2.512807756798204
414	2.224436374443493
4140	2.2344363744434927
416	0.7487648770577299
417629	0.9738032840506758
41827	1.338508836130237
419	1.350170165781719
42	0.40986723142345394
42.3	0.41986723142345395
42.327	0.7745956700540683
42.8	1.1880707785563052
42.9	0.41986723142345395
420	0.7003414987707219
4208	3.4992532978878232
421	1.5605030993183748
422	2.274263673899529
42243	2.284263673899529
424	1.5451086877036275
425	1.2198362013282495
426	1.3656748645256724
428	0.6534470036720267
4287	0.6634470036720267
43	0.5825048746599595
43.383	0.5925048746599595
43.824	0.7844983960429508
430	2.8910016775117984
4305:2005	2.901001677511798
43083	2.901001677511798
434	0.9289157821213013
436	0.8409837786515489
43821	1.1964634406430086
44	0.3887541407405144
44.1	0.3987541407405144
44.2	0.3987541407405144
44.47	0.3987541407405144
44.5	0.3987541407405144
44.7	0.3987541407405144
440	1.6551603015865655
445	0.8472338326303605
45	0.5363618331568341
450	0.9726497871303799
4500	1.8832145919060137
451	1.2497401575477334
452	1.0131252764265464
453	0.5463618331568341
457.2	0.5463618331568341
46	0.262975093406311
46.3	0.272975093406311
46.8	0.272975093406311
460	0.8781913628429482
465	0.5880801883298645
47	0.38081497719944607
47.1	0.3908149771994461
47.2	0.3908149771994461
470	1.022196903875777
48	0.33186341931161484
48.4	0.34186341931161485
48.5	0.34186341931161485
48.6	0.34186341931161485
48.8	0.34186341931161485
480	0.6223376866588829
485	0.5813116275287205
48579	0.5913116275287205
4860	0.49706048207126385
48736	0.3873371420026102
487691	0.5051926045476108
488	0.5813116275287205
49	0.2812504999844426
49.0	0.29125049998444263
49.4	0.29125049998444263
49.5	0.29125049998444263
49.8	0.29125049998444263
49.884	0.38028348935007183
49.9	0.29125049998444263
490	0.5717247673317106
491:2011	3.618341744954208
49229	0.9564494012014618
495	0.42379846273227234
498	0.40793378836705435
4986	0.41757069553287035
4:1	0.1540472431510855
4:1:1	0.2453110507797057
4:6	0.1161269967375045
4\を	0.05193357174559127
4：7	0.05193357174559127
5.0	0.3557568692047958
5.00	0.35611996203898
5.1	0.217855700510451
5.169	0.9484158202080967
5.1833	1.0510733334737135
5.2	0.1540472431510855
5.2.1.02	0.7140631274585586
5.20	3.4988902050536383
5.3	0.06288952366710171
5.4	0.1089278502552255
5.5	0.2949780129359624
5.5:1	0.3049780129359624
5.6	0.1089278502552255
5.7	0.12577904733420342
5.8	0.1161269967375045
5.8333	0.8499568467470942
5.875	0.24878768369793422
5.9	0.08893921730119896
5.95	0.4334353698980883
50	0.7261856683681701
50.0	0.7361856683681701
50.389	0.7361856683681701
50.4	0.7361856683681701
50.489	0.7461856683681701
50.5	0.8607537071530835
50.733	0.8499568467470942
50.9	0.7361856683681701
500	1.0166599357154384
5000	2.2708650552026137
50000	2.2708751480272014
500000	2.2808650552026135
500537	1.0266599357154385
500:1	1.0266599357154385
501	0.7775347494185317
501283	3.3242690419288112
502	1.0222703508759723
504	1.1883273978214266
505	1.2187087515571002
50553	1.2287087515571002
506	1.8828514990718292
50648	1.8928514990718293
508	1.8828514990718292
50:50	0.7361856683681701
51	0.9413520429604711
51.2	0.9513520429604712
51.6	0.9513520429604712
51.7	0.9513520429604712
510	1.5398513320608174
5100	1.5498513320608174
5101	1.5498513320608174
51056	4.394686872200528
511	1.4321177283787054
51114	3.618341744954208
512	1.026981621007237
513	1.5496968832856908
515	1.2297975238857348
52	0.25416498392885967
52.8	0.2641649839288597
520	1.2144779260507022
5201	1.2244779260507022
521	1.1865643691433263
521060	1.6321748416639104
5211	3.6083417449542083
522	1.7989105787983029
522537	1.8089105787983029
523	0.7270528633152248
525	1.2198362013282495
527	0.6775380536547041
528252	1.2298362013282496
53	0.523204924379054
53.54	0.533204924379054
53.7	0.533204924379054
530	0.8137792145083925
53019	1.7617051134508268
5304	1.3756022479782284
53122	1.2436859541090164
53159	1.3527304011206076
532	0.7118734953803589
5320	3.4992532978878232
53380	1.0411887009080243
535	0.8852971316420712
53627	1.0585271943314027
538	0.7192502275392499
53866	0.72925022753925
54	0.44363055186017725
54.044	0.4971401556272042
54.1	0.45363055186017726
54.2	0.45363055186017726
54.56	0.45363055186017726
540	1.3585833068951392
5400	1.3685833068951392
541	1.350170165781719
543	0.7937846005292213
55	0.12396764788717886
55.3	0.13396764788717885
55.53	0.533204924379054
55.578	0.37309283418408506
55.8	0.13396764788717885
55.9	0.13396764788717885
550	0.7262976423762378
5500	1.016771909723506
552	0.2641649839288597
555	0.24793529577435772
55536	0.533204924379054
55544	0.45363055186017726
55672	0.6434370813670632
55:45	0.5463618331568341
55:55	0.13396764788717885
56	0.2116260123559492
56.0	0.318094486302171
56.25	0.2216260123559492
56.8	0.2216260123559492
56.9	0.2216260123559492
560	0.7829973505361982
5600	1.4503717683537203
564	0.4935131393001697
56500	1.0266599357154385
5660	1.4600086755195363
5670	1.032196903875777
57	0.1874386026475724
57.1	0.1974386026475724
57.2	0.1974386026475724
57.7	0.1974386026475724
570	0.5523042336281209
5700	1.0225599967099612
5701	0.5623042336281209
571	0.5581568887091135
57317	1.0038818747550475
57452	1.0231252764265464
58	0.36637813047916223
58.0997	0.3873371420026102
58.1	0.37637813047916224
58.103	1.112161893508911
58.133	1.7055727641201095
58.3	0.37637813047916224
58.317	1.0038818747550475
58.447	0.3987541407405144
580	0.8020895315000643
583.0	0.40274494942127886
585	0.4509494503764209
586	0.39142604330835584
589	0.5614686084298414
59	0.14523713367363406
59.2	0.15523713367363406
59.683	0.36575686920479583
59.789	0.37309283418408506
590	1.0013409584197923
5931	0.6265447327524376
595	0.42379846273227234
5:1	0.08893921730119896
5:10	0.9342834589065131
5:101	1.3039002014111516
5:5	0.08995158488188759
5:95	0.4334353698980883
5：6	0.05193357174559127
6.0	0.308094486302171
6.1	0.06288952366710171
6.10	0.9342834589065131
6.11	0.5007656854182341
6.12	0.6676029516943726
6.12.1	3.3242690419288112
6.14	0.3795158140043206
6.15.1	1.9507877273137986
6.2	0.1089278502552255
6.26.1	0.13396764788717883
6.27.1	0.6875380536547041
6.3	0.16639003969446192
6.3:6.3	0.17639003969446193
6.4	0.12577904733420342
6.4941	0.517916338046662
6.5	0.3144476183355085
6.6	0.12577904733420342
6.7	0.1089278502552255
6.7.2	0.1986685710013051
6.75	0.24878768369793422
6.8	0.1089278502552255
6.89	0.26155809466840685
6.9	0.08893921730119896
60	0.48706048207126384
600	0.7775347494185317
6000	2.193580091284217
60000	2.2035800912842167
601	1.0225346203176267
604	0.8970286419950356
605	0.9546364098655942
608	1.1161941940036104
609	0.9254492803564481
60:1	0.49706048207126385
60:25	0.49706048207126385
60:40	0.49706048207126385
61	0.5659459579199084
61.488	0.5913116275287205
610	4.384323779366344
611	1.056711643338143
612	1.2084570668065684
61340	2.513170849632389
614	2.224436374443493
615	1.9407877273137986
616	0.8108998886276255
618	0.9596446571594447
619	0.9525315589040129
61:23	0.5759459579199084
62	0.4989497326950418
620	0.7344256521603959
622	0.9252808985532666
624	1.0814546073550013
625	1.2198362013282495
6251	1.6703593858179149
6253	1.2298362013282496
6264	0.5227217886276934
63	0.4951926045476108
63.9	0.5051926045476108
630	0.785666871894879
6300	2.8913647703459824
6301	1.7617051134508268
631	0.9859582899658449
632	0.6767390216396535
633	1.1393408087534125
634	0.9289157821213013
636	0.7991673280391713
638	0.62081639986754
64	0.4835131393001697
64.0	0.4935131393001697
64.65	0.4935131393001697
640	1.2611488172190197
6401	1.2711488172190197
64109	1.7371442149501446
64174	1.2080191786308736
642	1.1880707785563052
644	0.7824889937825276
65	0.47341513558494674
65.5	0.48341513558494675
650	0.7638894029322149
657	0.47377822841913086
65873	0.48341513558494675
66	0.16027693130558737
66.0	0.318094486302171
66.1	0.17027693130558738
660	1.4500086755195363
662	0.7654471690552825
66213	1.6260806757839699
66359	0.5989631543585595
66363	0.8091673280391714
664	0.4935131393001697
667	0.46250482228744066
67	0.21171768494904414
67.676	0.42716190649590424
670	1.022196903875777
672	0.6334370813670632
6721	1.1964634406430086
674	0.40793378836705435
6768	0.42716190649590424
677689	0.42716190649590424
6785	0.4605863575422368
68	0.3557568692047958
68.0	0.36575686920479583
68.8	0.36575686920479583
680	0.6462311365520641
682	0.500852025626988
684	0.38028348935007183
6854	0.4605863575422368
689.4	0.36575686920479583
69	0.24084853901106779
69.5	0.2508485390110678
690	0.531322806358336
69086	1.0113409584197923
69089	1.0113409584197923
69115	1.9508886558141165
69177	0.8603798392540768
6921	1.1964634406430086
6:1	0.06288952366710171
6:3	0.05193357174559127
6:4	0.08995158488188759
7.0	0.4491210321737584
7.00	0.4494841250079425
7.0833	0.8499568467470942
7.1	0.1406252499922213
7.14	0.3795158140043206
7.2	0.1886685710013051
7.3	0.06288952366710171
7.36	0.3861091848018314
7.4	0.20858095324795212
7.5	0.2741290782723059
7.54	0.45363055186017726
7.65	0.48341513558494675
7.7	0.12577904733420342
7.8	0.1089278502552255
7.8.9.10.1	4.394323779366344
7.98	0.41757069553287035
70	0.379413484648467
70.5	0.8607537071530835
70.53	0.8707537071530835
700	0.6699886804960529
7000	1.0225599967099612
70000	1.0325599967099612
702	1.022196903875777
703	1.022196903875777
704	0.7602284618479133
705	1.022196903875777
706	1.022196903875777
708	1.022196903875777
70:30	2.8910016775117984
70:70	0.38941348464846703
71	0.2630667659994061
710	4.384323779366344
7103	4.384686872200528
7105	4.394323779366344
711	3.6079786521200243
7110	3.617978652120024
7111	3.617978652120024
71129	3.617978652120024
712	0.6577149257024404
714	2.224436374443493
7140	2.2344363744434927
715	1.9407877273137986
716	1.5880381500260194
7171	0.9703802439368703
718	0.8970260903226277
72	0.29427328306077766
72.4	0.4223941852696551
720	0.9235482558801471
7201	0.9335482558801471
7206	0.9335482558801471
7208	0.9335482558801471
7210:190	4.394323779366344
723	0.4909663161913232
7244	1.5551086877036275
73	0.3773371420026102
73.9	0.3873371420026102
737	0.4828878793863652
74	0.37018971728564154
740	0.6606639846329098
74262	1.3756748645256724
74594	0.5463618331568341
74837	0.4828878793863652
75	0.2387876836979342
75.0	0.36575686920479583
750	0.7262976423762378
754	0.6165520654385263
75:25	0.24878768369793422
76	0.41716190649590423
76.0	0.42716190649590424
76.2	0.42716190649590424
760	0.7076361738431725
762213	1.6260806757839699
77	0.21171768494904414
770	0.769009604199909
77094	0.7790096041999091
77213	1.6260806757839699
77723	0.5009663161913231
77794	0.2958995835362751
78	0.36309283418408506
780	0.7988042352049871
79	0.1778784346023979
79.5	0.1986685710013051
790	0.35182334839762985
79325	1.0836194319263344
7:1	0.06288952366710171
7:3	0.06288952366710171
8.0	0.2435700778136021
8.1	0.06288952366710171
8.100	0.9856325399568748
8.15	1.9407877273137986
8.2	0.1089278502552255
8.3	0.06288952366710171
8.4	0.1089278502552255
8.5	0.16639003969446192
8.5.1	0.227855700510451
8.6	0.06288952366710171
8.7	0.06288952366710171
8.73	0.3873371420026102
8.749	0.38018971728564155
8.8	0.1089278502552255
8.9	0.06288952366710171
80	0.379413484648467
80.0	0.38941348464846703
800	0.6698877519957351
8000	1.0315517937422083
80000	1.0319148865763925
801	1.0311887009080243
802	0.7041751014666263
803	0.6011265128860229
804	1.0311887009080243
8051	0.9513520429604712
806	1.0311887009080243
80629	1.0411887009080243
809	1.0311887009080243
80:1	0.38941348464846703
80:20	0.43633116585822485
81	0.533635303807194
810	1.406569681663345
811	3.6079786521200243
8113	3.617978652120024
8117	3.617978652120024
8119	3.617978652120024
8119:1998	3.627978652120024
812.8	0.6676029516943726
8121	1.1964634406430086
8125	1.6433355144333182
8128	0.9243483569461818
8138	2.512807756798204
814	0.8754586522048236
8140	0.8754687450294113
8140:1998	1.5637312949621158
8142	2.2344363744434927
8142:2005	2.2444363744434925
8147	0.8854586522048236
8148:2001	3.509253297887823
815	0.7210739064547662
8150	1.2598310649999518
8150:2004	1.2698310649999518
815515	1.2397975238857348
816	0.5641544833758163
82	0.500488932792804
82.5	0.510488932792804
8207	3.4992532978878232
821	1.1964634406430086
822	2.274263673899529
825	0.510488932792804
826	0.9840699708069891
826408	2.2087995036965906
82:18	0.8970260903226277
83	0.32476010375146946
830	0.8820520230023343
8365	0.7953211768217886
84	0.3702834893500718
84.5	0.38028348935007183
84.7	0.38028348935007183
840	0.6607577566973398
841	1.350170165781719
846	0.38028348935007183
85	0.4505863575422368
850	1.0892785025522553
85:15	0.4605863575422368
86	0.25674540525180933
87	0.17030563517359884
87.0	0.45912103217375844
87.3	0.18030563517359885
870	1.022196903875777
8701	1.032196903875777
8722	0.5721880643691817
8730	0.7931983018185867
8741	0.517916338046662
875	0.24878768369793422
876	0.41752499933008824
877	0.22171768494904415
8772	0.30427328306077767
88	0.25924485247479784
88.0	0.26924485247479785
8809	1.0411887009080243
885	0.4509494503764209
89	0.25155809466840684
89.0	0.26155809466840685
89.9	0.26155809466840685
890	1.0013409584197923
8:1	0.10386714349118253
8:1.0	0.5209169055207966
8:2	0.06288952366710171
9.0	0.16639003969446192
9.072	0.7362976423762378
9.1	0.08893921730119896
9.17	0.49019012196843514
9.2	0.05193357174559127
9.3	0.06288952366710171
9.4	0.1468903230101827
9.5	0.1886685710013051
9.6	0.12577904733420342
9.6:0.4	0.36575686920479583
9.7	0.06288952366710171
9.8	0.06288952366710171
9.9	0.08893921730119896
90	0.34182334839762984
90.0	0.35182334839762985
900	0.6323985442452156
9000	1.001704051253976
901	1.266106807304143
902	1.0013409584197923
903	1.0013409584197923
904	1.0013409584197923
905	1.0013409584197923
906	1.0013409584197923
9073	0.3873371420026102
908	1.0013409584197923
90:10	4.384323779366344
91	0.4951926045476108
91.44	0.5051926045476108
91.9	0.5051926045476108
910	1.0575595196190872
911	1.1528964847423016
912	0.6676029516943726
914	0.5051926045476108
915	1.9407877273137986
92	0.43267504764532083
92.7	0.44267504764532084
9237	0.5635848830281405
924	0.7844983960429508
926	0.44267504764532084
928	0.44267504764532084
93	0.3773371420026102
93.2	0.3873371420026102
93.3	0.3873371420026102
93.5	0.3873371420026102
934	0.719200561314225
94	0.2858995835362751
940	0.5600286618085808
9400	2.1991625965307753
942	0.41986723142345395
94333	0.8499568467470942
944	0.3987541407405144
94747	0.3908149771994461
95	0.4234353698980883
95.9	0.4334353698980883
950	1.8828514990718292
955897	0.5714686084298414
95:5	0.4334353698980883
96	0.308094486302171
960	0.5985687536494392
961669	1.5980381500260195
965972	0.48341513558494675
96919	0.5453732097460446
97	0.3520315637292793
97.9	0.3620315637292793
9700	0.6799886804960529
97674	0.42716190649590424
977	0.3620315637292793
979142	2.2344363744434927
97935	0.5989631543585595
97:3	0.3620315637292793
98	0.40757069553287034
98.0	0.41757069553287035
98.5	0.41757069553287035
98.99	0.41757069553287035
98059	0.445711401020902
98176	0.9738032840506758
987	0.41757069553287035
98:2	0.41757069553287035
99	0.3842613368322805
99.0	0.3942613368322805
99.5	0.3842714296568681
99.69	0.3942613368322805
99.8	0.7636748214807475
99.9	0.38508845100096634
99.97	0.3942613368322805
99.99	0.3942613368322805
99.995	0.4334353698980883
99.999	0.4042613368322805
99.9995	0.4334353698980883
99:1	0.3942613368322805
9:1	0.06288952366710171
9:8	0.05193357174559127
::	0.12577904733420342
;;	0.051349081050361844
<<	0.3165369942664396
==	0.1778784346023979
>>	0.308094486302171
AA	0.11482003581075538
AASHTO	0.38933664797745887
AB	0.3957341351128489
ABO	0.41115574123707876
ABS	0.4311488522453961
AC	0.294828830516864
ACC	0.6559104079220847
ACCEPT	0.6659104079220847
ACS	0.7301706573282493
AD	0.1874386026475724
ADABAS	0.4057341351128489
ADP	0.3706465821842559
ADR	0.27681765190359703
AE	0.24084853901106779
AEC	0.24121163184525185
AES	0.24121163184525185
AF	0.1540472431510855
AFM	0.2671807447377811
AG	0.11482003581075538
AI	0.1358568985109568
AIC	0.6140358386049467
AID	1.3839326135104215
AIDS	1.3842957063446055
AIM	0.2508485390110678
AIN	0.14585689851095682
AIUEO	0.25347974946650204
AJ	0.07344516150509135
AKD	0.06996772325459172
AL	0.051349081050361844
ALC	0.2937806460203654
ALS	0.22675140227124127
AMP	0.3169000871006237
AMP×LGP×	0.3265369942664396
AMQ	0.2596678587279564
AMT	0.2466246344286492
AND	0.14560022650781815
ANSI	0.3915874194692527
ANT	0.14560022650781815
AO	0.051349081050361844
AOF	0.08344516150509135
AOX	0.07344516150509135
AP	0.3764038271196063
APC	1.102874619075233
API	1.102874619075233
APS	1.102874619075233
AR	0.359443567352533
AREA	0.36944356735253303
ARF	0.6595202075029389
ARN	0.36944356735253303
ARX	0.36944356735253303
AS	0.37933664797745886
ASA	0.41752499933008824
ASAB	0.42752499933008825
ASIC	1.2929085868343133
ASTM	0.38933664797745887
ASTMD	0.8239145772605808
AT	0.19213066841614024
ATCC	0.27681765190359703
ATGGCGG	0.22171768494904415
ATL	0.1924937612503243
ATP	0.37419004559439023
ATPS	0.3838269527602062
ATPase	0.4424334021345295
ATR	0.20213066841614025
ATRP	0.26484925803502807
ATTACH	0.6679011464888881
ATTCC	0.27681765190359703
ATTGGTG	0.20213066841614025
ATc	0.20213066841614025
AV	0.23531105077970568
AVx	0.2453110507797057
AVy	0.2453110507797057
AW	0.05996772325459172
AX	0.05996772325459172
AXr	0.06996772325459172
AXr×	0.1468903230101827
AXt	0.06996772325459172
AXt×	0.1468903230101827
AY	0.05996772325459172
Aa	0.08480716753128006
Ac	0.15865968242239462
Access	0.25680971588970514
Acetobacter	0.2343786746835586
Acinetobacter	0.4653328446076508
Acl	0.16865968242239462
Active	0.16865968242239462
Aeromicrobium	0.21413243877072602
Ag	0.24084853901106779
AgI	0.2508485390110678
Ai	0.12577904733420342
AiJ	0.13577904733420343
Ail	0.13577904733420343
Al	0.500488932792804
AlAs	0.5519380366252367
AlCl	0.510488932792804
AlN	0.500852025626988
AlO	0.500852025626988
AlP	0.510488932792804
AlSb	0.510488932792804
Ala	0.500852025626988
AlaC	0.510488932792804
Albumin	0.510488932792804
Alcalige	0.510488932792804
Alcaligenes	0.7250362633799924
Alf	0.510488932792804
Alk	0.510488932792804
Am	0.10269816210072369
Amn	0.10306125493490778
An	0.1540472431510855
Analog	0.23847720943492706
Anguilla	0.2398708930183669
Application	0.47833587866437705
Ar	0.23531105077970568
ArF	0.2453110507797057
ArNHO	0.2453110507797057
Arg	0.2453110507797057
Arl	0.2453110507797057
As	0.051349081050361844
Asn	0.06288952366710171
Asp	0.18550483750921998
Asphalt	0.19550483750922
Assisted	0.2343786746835586
Associate	0.2343786746835586
Association	0.12993544650918346
AtJ	0.05193357174559127
Au	0.12577904733420342
AuGe	0.2453110507797057
Automatic	0.31160143047354766
Av	0.04240358376564003
Avr	0.09480716753128006
Ax	0.07261856683681703
Axial	0.18963459157915524
AxialHot	0.19963459157915525
Axr	0.08261856683681702
Azotobacter	0.2343786746835586
A×	0.08480716753128006
A×lnX	0.09480716753128006
BAC	0.6679011464888881
BAFF	0.30375750471867213
BB	0.31234426617838734
BC	0.24626154159446512
BCF	0.29990414166204243
BCH	0.2562615415944651
BCJR	0.2562615415944651
BCKD	0.2562615415944651
BCRF	0.6595202075029389
BCl	0.2718299662808526
BD	0.266817651903597
BET	0.1627431447099188
BF	0.1540472431510855
BFS	0.16404724315108551
BFTA	0.23964007162151077
BGM	0.1706687280077829
BH	0.051349081050361844
BHHCT	0.36575686920479583
BHHT	0.13577904733420343
BHMF	0.12482003581075538
BIOS	0.5899560258719247
BIS	0.16404724315108551
BJ	0.07261856683681703
BJH	0.10481729578957762
BL	0.24626154159446512
BLE	0.2741290782723059
BLKN	0.2562615415944651
BLMH	0.2562615415944651
BLu	0.2562615415944651
BMOCA	0.3710815774052205
BN	0.13409190565316204
BNIP	0.25347974946650204
BO	0.08893921730119896
BOBS	0.3908149771994461
BOG	0.09893921730119895
BP	0.21171768494904414
BPA	0.31378526028278936
BR	0.1778784346023979
BRAF	0.43472386263627794
BS	0.38081497719944607
BSA	0.3811780700336301
BT	0.39774827150221265
BTA	0.4709851943935954
BTDA	0.40774827150221266
BTE	0.39811136433639654
BUSY	0.08480716753128006
BX	0.05996772325459172
BY	0.1358568985109568
BZVL	0.05996772325459172
Ba	0.1778784346023979
BaF	0.18787843460239792
BaO	0.178241527436582
Bacillus	0.28066534090427514
Balance	0.18787843460239792
Bard	0.18787843460239792
Basic	0.18787843460239792
Bax	0.18787843460239792
Bcl	0.16639003969446192
Be	0.051349081050361844
Beam	0.08344516150509135
Bed	0.05193357174559127
Bes	0.05193357174559127
Bezier	0.17616911686111725
Bf	0.04240358376564003
Bi	0.1851417446750359
Bicine	0.19514174467503592
Bim	0.18550483750921998
Bioquant	0.19514174467503592
Birc	0.19514174467503592
Bis	0.19514174467503592
Bisphosphoglyceric	0.20514174467503593
Bk	0.08480716753128006
Blaa	0.11993544650918345
Blocked	0.1372107512969201
Blue	0.11993544650918345
Bluetooth	0.30247785240741154
Bm	0.051349081050361844
Bmf	0.05193357174559127
Bmn	0.17224417150312876
Board	0.17088163051616845
Boil	0.05996772325459172
BookManager	0.1462199913451409
Bovine	0.12482003581075538
Br	0.1778784346023979
BrK	0.18787843460239792
Break	0.18787843460239792
Brevibacterium	0.2343786746835586
Brevundimonas	0.18787843460239792
Brij	0.18787843460239792
Bs	0.07261856683681703
Bu	0.04240358376564003
Buring	0.12482003581075538
Burkholderia	0.20773428698236507
Bw	0.04240358376564003
BzCL	0.20213066841614025
CA	0.3610815774052205
CAC	0.3710815774052205
CAD	0.4759016132159759
CAF	0.44801400311859735
CALM	0.3710815774052205
CAM	0.44801400311859735
CAR	0.5482581565446119
CAS	0.44801400311859735
CB	0.24084853901106779
CBD	0.2671807447377811
CBP	0.2508485390110678
CBR	0.24121163184525185
CBr	0.2508485390110678
CC	0.08893921730119896
CCD	0.5628640928030693
CCG	0.21208077778322823
CCL	0.1924937612503243
CCM	0.3880401531677146
CCR	0.20575941703563147
CCl	0.2718299662808526
CD	0.3663781304791622
CDI	0.3763781304791622
CDS	0.5628640928030693
CDT	0.5628640928030693
CEA	0.4014122364658772
CELP	0.17990316976377518
CEN	0.1468903230101827
CF	0.2899041416620424
CFRP	0.6137147280926721
CFX	0.29990414166204243
CG	0.21171768494904414
CGG	0.21208077778322823
CGGBP	0.22171768494904415
CGT	0.2698547546456628
CH	0.19213066841614024
CHA	0.1924937612503243
CHAPS	1.112874619075233
CHAPSO	1.122874619075233
CHBr	0.20213066841614025
CHC	0.1924937612503243
CHCOOM	0.3506112703471977
CHCl	0.2718299662808526
CHF	0.21208077778322823
CHO	0.1924937612503243
CHOH	0.23666580998790251
CHOHR	0.24666580998790252
CHR	0.20213066841614025
CHSO	0.20213066841614025
CHX	0.20213066841614025
CHannel	0.31731936484478923
CHl	0.20213066841614025
CI	0.12577904733420342
CIS	0.16404724315108551
CIT	0.29512567098435427
CIoT	0.1468903230101827
CL	0.19213066841614024
CLD	0.20213066841614025
CLEAR	0.36944356735253303
CLI	0.27967084287315297
CLK	0.23531105077970568
CLV	0.20213066841614025
CM	0.23855506061168047
CMC	0.3880401531677146
CMD	0.3880401531677146
CMIJ	0.24855506061168048
CMOS	0.7485830441781572
CMP	0.3880401531677146
CN	0.24084853901106779
CNCT	0.36575686920479583
CNO	0.2508485390110678
CNS	0.24121163184525185
CNTO	0.2508485390110678
CO	0.3406112703471977
COCH	0.3506112703471977
COE	0.3506112703471977
COHO	0.3506112703471977
COM	0.6124138115702645
CON	0.34097436318138175
CONH	0.3506112703471977
CONHC	0.3606112703471977
CONHR	0.3606112703471977
CONHRoNHCO	0.3706112703471977
CONIi	0.3506112703471977
CONR	0.3506112703471977
CONT	0.3506112703471977
COO	0.3506112703471977
COOA	0.3606112703471977
COOC	0.3606112703471977
COOCH	0.3706112703471977
COOCO	0.3706112703471977
COOH	0.5673780088354179
COOM	0.3606112703471977
COOR	0.3606112703471977
COOSiR	0.5509961384737844
COOX	0.3606112703471977
COPD	0.5585789448657165
COPTICLEANR	0.6140358386049467
COPTIMASER	0.42752499933008825
COQ	0.3506112703471977
COR	0.3506112703471977
COX	0.3506112703471977
CP	0.1540472431510855
CPC	0.695000585936265
CPI	0.2718299662808526
CPLT	0.31160143047354766
CPS	0.30219762006142964
CPU	0.6912708360953977
CR	0.20539632420144738
CRC	0.41716190649590423
CRE	0.2153963242014474
CRF	0.649883300337123
CRR	0.2153963242014474
CRT	0.2741290782723059
CS	0.34752179655077065
CSA	0.35752179655077065
CSF	0.7301706573282493
CSP	0.7301706573282493
CT	0.3557568692047958
CTAB	0.984981571657825
CU	0.08893921730119896
CV	0.11482003581075538
CVD	0.16639003969446192
CW	0.1851417446750359
CX	0.08480716753128006
CXCL	0.31160143047354766
CXY	0.18787843460239792
CYFRA	0.19514174467503592
CZs	0.10386714349118253
Ca	0.22382545514220661
CaCO	0.3506112703471977
CaO	0.22418854797639065
Campher	0.23382545514220662
Candida	0.37798467230136
Carbon	0.23382545514220662
Carbopol	0.23382545514220662
Card	0.23382545514220662
Carrier	0.23382545514220662
Cd	0.07261856683681703
CdCl	0.2718299662808526
CdS	0.12577904733420342
CdSe	0.24303617601848357
CdTe	0.16165871263833378
CdZnS	0.3049780129359624
CdZnTe	0.45662454127513175
Ce	0.20539632420144738
CeO	0.20575941703563147
Cellular	0.2243786746835586
Cellulose	0.2153963242014474
Cement	0.2153963242014474
Cf	0.11482003581075538
Cgate	0.2343786746835586
Ch	0.11993544650918345
Cha	0.12993544650918346
Chamber	0.13993544650918346
Channel	0.1754167517196115
Characteristics	0.2343786746835586
Chas	0.13993544650918346
Check	0.12993544650918346
Chlamydia	0.1474033155341651
Ci	0.10269816210072369
Cl	0.2618299662808526
Clostridium	0.2718299662808526
Clq	0.2718299662808526
Cm	0.11482003581075538
Cmn	0.16422837374383503
Cn	0.14523713367363406
Co	0.32067490837910695
CoA	0.32103800121329107
CoF	0.33067490837910696
CoFe	0.43653750199184993
CoQ	0.33067490837910696
Coast	0.33067490837910696
Columnar	0.33067490837910696
Common	0.5687221781615325
Communication	0.33067490837910696
Compact	0.33067490837910696
ComputerMemory	0.33067490837910696
Contents	0.33067490837910696
Control	0.49609166009871836
Controller	0.5475527151571481
Coo	0.33067490837910696
Cop	0.33067490837910696
Copri	0.34067490837910697
Coprin	0.350674908379107
Coprinus	0.360674908379107
Coresta	0.33067490837910696
Corynebacterium	0.5478038339832644
Cos	0.33067490837910696
Coxiella	0.33067490837910696
Cpt	0.05193357174559127
Cr	0.32879454544347575
Cre	0.33879454544347576
Cs	0.24626154159446512
Ctl	0.06996772325459172
Cu	0.4203103429086824
CuInS	0.4303103429086824
CuInSe	0.44031034290868243
CuK	0.42067343574286653
CuO	0.42067343574286653
CuPT	0.4303103429086824
CuZr	0.4303103429086824
Cyclic	0.12721075129692008
Cys	0.1540472431510855
DA	0.19887413575110632
DAC	0.6679011464888881
DADMAC	0.44839221001060536
DATA	0.4709851943935954
DB	0.17030563517359884
DBF	0.1706687280077829
DBN	0.1706687280077829
DBP	0.22171768494904415
DBS	0.3908149771994461
DC	0.8151413910657407
DCO	0.8155044838999248
DCOO	0.8158675767341089
DCOOD	0.8251413910657407
DDNP	0.17238005187573474
DDTC	0.27681765190359703
DDX	0.1544103359852696
DEAD	0.1974386026475724
DEDMA	0.27886727896184094
DEET	0.12482003581075538
DEG	0.08995158488188759
DES	0.05193357174559127
DG	0.05996772325459172
DGS	0.08893921730119896
DHA	0.574817470670643
DI	0.08480716753128006
DIA	0.12482003581075538
DIN	0.20575941703563147
DIP	0.34617791156722577
DIX	0.17238005187573474
DJ	0.37382695276020617
DKFZp	0.17738691759250141
DL	0.31234426617838734
DLC	0.3127073590125715
DLmax	0.32234426617838735
DLmaxDLmax	0.33234426617838736
DMA	0.2688672789618409
DMAA	0.27886727896184094
DMC	0.1924937612503243
DMDCCS	0.8251413910657407
DME	0.08995158488188759
DMOS	0.36239465656346337
DMP	0.3169000871006237
DMPT	0.3265369942664396
DMSO	0.3984744571705807
DMT	0.2466246344286492
DMTDA	0.2562615415944651
DN	0.10269816210072369
DNA	1.0523430108006537
DNS	0.16558768576782543
DNase	0.21201791882820015
DOBA	0.20887413575110633
DOCSIS	0.937395891369346
DOM	0.1540472431510855
DOWN	0.1754054731386942
DPC	0.3325371119806533
DPCCH	0.695464607270767
DPI	0.26219305911503665
DPO	0.227855700510451
DPP	0.1362199913451409
DR	0.266817651903597
DRAM	0.49555569738179484
DRG	0.27681765190359703
DROI	0.27681765190359703
DS	0.20539632420144738
DSC	0.4517698398039803
DSU	0.2153963242014474
DTA	0.23964007162151077
DTX	0.22418854797639065
DURAZYMR	0.318094486302171
DUV	0.4971401556272042
DV	0.2717137970219136
DVD	0.3865338328326689
DWf	0.10386714349118253
DWp	0.10386714349118253
Da	0.20336044372468792
Data	0.2843362517858612
Db	0.11993544650918345
De	0.08480716753128006
Dedicated	0.2343786746835586
Delayest	0.16961433506256013
Density	0.14585689851095682
Df	0.11482003581075538
Dg	0.10386714349118253
Diamond	0.1121893373417793
Digital	0.3232043124771854
Dihydroxyacetone	0.16961433506256013
Diode	0.09481729578957762
Discovery	0.4144580045289491
Dl	0.08480716753128006
Dm	0.11482003581075538
Dn	0.16238005187573473
Do	0.11482003581075538
Doppler	0.12482003581075538
Downlink	0.3792691831583105
Dowson	0.12482003581075538
Dp	0.051349081050361844
Dr	0.07261856683681703
Drosera	0.07932984121119731
Ds	0.051349081050361844
Dst	0.11269816210072368
Dugane	0.11269816210072368
Dw	0.10386714349118253
Dx	0.12721075129692008
Dy	0.12577904733420342
Dye	0.13577904733420343
Dynamic	0.13577904733420343
EAA	0.11518312864493944
EAR	0.36944356735253303
EBI	0.19431763234344604
EBP	0.22171768494904415
EBV	0.05193357174559127
EC	0.1851417446750359
ECB	0.2508485390110678
ECC	0.3876770603335305
ECM	0.3880401531677146
ED	0.19213066841614024
EDM	0.20213066841614025
EDOT	0.1924937612503243
EE	0.04240358376564003
EEA	0.08893921730119896
EEPROM	0.407682669540938
EF	0.1358568985109568
EFLAGS	0.31160756008880774
EGFR	0.6330739885328792
EGR	0.19923722858529036
EHD	0.2379895236335919
EL	0.12396764788717886
ELAC	0.304828830516864
ELISA	0.32915763827765987
EM	0.23531105077970568
EMFs	0.2453110507797057
EN	0.08893921730119896
EO	0.051349081050361844
EP	0.1358568985109568
EPK	0.14585689851095682
EPM	0.14585689851095682
ERBB	0.32642729502682033
ERN	0.05193357174559127
ERVK	0.08480716753128006
ESCA	0.3710815774052205
ESD	0.48206017085631964
ESDV	0.49206017085631965
ESL	0.5133493547098752
ESLR	0.5233493547098752
ESS	0.2466246344286492
EST	0.3857019593750462
ESTVQTWFKPLAYAFILTRESGYPQ	0.3957019593750462
ET	0.11482003581075538
ETC	0.2671807447377811
ETMA	0.2562615415944651
EUROIMAGE	0.2944518873687329
EUV	0.48750324846138826
EV	0.10269816210072369
EVA	0.33278007938892384
EVSE	0.227855700510451
EX	0.10269816210072369
Eave	0.09893921730119895
Eave×	0.10893921730119895
Ec	0.07261856683681703
Ed	0.1406367771170335
Ef	0.04240358376564003
Effect	0.1221893373417793
Eft	0.32731936484478924
Eir	0.07344516150509135
El	0.05996772325459172
Electrical	0.13409190565316204
Electro	0.07932984121119731
Electrohydrodynamic	0.1306966227704897
Electronics	0.1406367771170335
Element	0.1121893373417793
Elestab	0.17155778413801603
Elongation	0.12482003581075538
Em	0.07261856683681703
Emitting	0.11993544650918345
Engineer	0.11993544650918345
Enhanced	0.2717137970219136
Enterobacter	0.2343786746835586
Enterococcus	0.2343786746835586
Entity	0.19431763234344604
Eo	0.04240358376564003
EphA	0.05996772325459172
Epigaea	0.07932984121119731
Er	0.14523713367363406
ErbB	0.19668623750606667
Erythrose	0.1948329364783868
Escherichia	0.16404724315108551
Est	0.10386714349118253
Et	0.10386714349118253
Eu	0.051349081050361844
Ew	0.10386714349118253
Ex	0.16961433506256013
Extender	0.2343786746835586
FABP	0.4057341351128489
FAP	0.3864038271196063
FAR	0.36944356735253303
FAT	0.20858095324795212
FAX	0.21938550996269995
FBI	0.178241527436582
FC	0.266817651903597
FCF	0.29990414166204243
FCM	0.27681765190359703
FD	0.11482003581075538
FDP	0.12482003581075538
FEP	0.14585689851095682
FET	0.19923722858529036
FF	0.12577904733420342
FFT	0.33867044958952863
FFU	0.1374033155341651
FG	0.10269816210072369
FGF	0.1886685710013051
FGSS	0.2562615415944651
FH	0.16238005187573473
FI	0.10269816210072369
FIFO	0.3773371420026102
FIJ	0.21773428698236508
FIZZ	0.41546857396473014
FKM	0.05193357174559127
FLAG	0.31160756008880774
FLDQRVFFV	0.15523713367363406
FLDQRVFVV	0.15523713367363406
FLDQVAFVV	0.19523048887618938
FLDQVAFXV	0.19523048887618938
FLDQVPFSV	0.23964007162151077
FLDQXXFXV	0.15523713367363406
FLFLWFFEV	0.13577904733420343
FLFSWFALV	0.19514174467503592
FLFSWYAXP	0.18030563517359885
FLFSWYAXV	0.18030563517359885
FLP	0.15523713367363406
FLXXWXXXV	0.08995158488188759
FLYSWWAIV	0.23666580998790251
FLYSWWWPV	0.18030563517359885
FM	0.266817651903597
FMS	0.27681765190359703
FOT	0.15689032301018271
FPC	0.695000585936265
FPD	0.22785570051045104
FPGA	0.8279790531325799
FPR	0.07344516150509135
FR	0.1851417446750359
FRP	0.20858095324795212
FRT	0.19514174467503592
FSH	0.10386714349118253
FTP	0.37419004559439023
FW	0.04240358376564003
FXR	0.1540472431510855
Fa	0.08480716753128006
Fab	0.26219305911503665
Fb	0.08480716753128006
Fc	0.5160518778149923
Fd	0.09481729578957762
Fe	0.4265375019918499
FeAlO	0.510488932792804
FeO	0.426900594826034
FePO	0.43653750199184993
FeSO	0.43653750199184993
FeSiO	0.5509961384737844
Feather	0.43653750199184993
FebCo	0.43653750199184993
Fh	0.051349081050361844
Fi	0.3702834893500718
Fibreboard	1.9303721233302555
Field	0.38028348935007183
Fl	0.04240358376564003
Flash	0.6341143737680814
Fmax	0.2535700778136021
Foxo	0.08344516150509135
Fr	0.07344516150509135
Francisella	0.16404724315108551
Fref	0.16961433506256013
Frequency	0.17422837374383504
Fructose	0.20773428698236507
Fuel	0.05996772325459172
Fv	0.07261856683681703
Fw	0.08480716753128006
GA	0.217855700510451
GAPDH	0.3864038271196063
GBC	0.2562615415944651
GCCCA	0.3710815774052205
GCGG	0.22171768494904415
GCP	0.18724915584671722
GDPO	0.23785570051045102
GET	0.12482003581075538
GF	0.1358568985109568
GFRP	0.21858095324795213
GHz	0.2781838113063241
GIS	0.4123941852696551
GITAVWIPPAYKGTSQADVGYGAYD	0.3976770603335305
GJB	0.12721075129692008
GL	0.12396764788717886
GN	0.10269816210072369
GND	0.20858095324795212
GNSS	0.5286711465740901
GO	0.17030563517359884
GP	0.22382545514220661
GPC	0.23382545514220662
GPS	0.8484260592695394
GPa	0.4424334021345295
GPah	0.4524334021345295
GP×AMP	0.3265369942664396
GR	0.19887413575110632
GRC	0.2716359458451602
GRIN	0.227855700510451
GRP	0.20887413575110633
GTH	0.10386714349118253
GTP	0.6193949931873538
GTWYANELQLDGFRLDAVKHIKFSF	0.289826290485289
GUI	0.5462113117494604
GW	0.24626154159446512
Ga	0.12577904733420342
GaAs	0.3773371420026102
GaGdN	0.14585689851095682
GaN	0.47062210155941137
GaNAs	0.4806221015594114
GaP	0.1261421401683875
GaSb	0.20889043756735093
Galactose	0.14585689851095682
Galbana	0.13577904733420343
Gaq	0.13577904733420343
Gas	0.1261421401683875
Gd	0.1358568985109568
Ge	0.23531105077970568
GenBank	0.2453110507797057
Genbank	0.9650891713079569
General	0.2453110507797057
Gi	0.1358568985109568
Gibbs	0.14585689851095682
Gln	0.14560022650781815
Glu	0.06288952366710171
Gluconic	0.15523713367363406
Glucose	0.2580353185564285
Gly	0.06288952366710171
Glyceraldehyde	0.15865968242239462
Glycerol	0.11993544650918345
Gn	0.23531105077970568
Gnen	0.2453110507797057
Go	0.04240358376564003
Goodrich	0.08480716753128006
Gpa	0.12721075129692008
Green	0.09481729578957762
Greenwood	0.10481729578957762
Grona	0.11269816210072368
Grubin	0.11269816210072368
Gs	0.04240358376564003
Gurleys	0.07932984121119731
HA	0.19213066841614024
HALS	0.23675140227124128
HAN	0.1924937612503243
HARQ	1.000977865585608
HAZE	0.20213066841614025
HBr	0.18787843460239792
HC	0.14523713367363406
HCCI	0.15523713367363406
HCV	0.19887413575110632
HCVNS	0.20887413575110633
HCfl	0.15523713367363406
HCl	0.26219305911503665
HCoo	0.34067490837910697
HD	0.10269816210072369
HDDR	0.27681765190359703
HDL	0.3127073590125715
HDPE	0.6190510016703719
HDR	0.4664011902741265
HE	0.051349081050361844
HEF	0.14585689851095682
HEK	0.05193357174559127
HEPES	0.6190510016703719
HERV	0.11993544650918345
HEV	0.12721075129692008
HF	0.21171768494904414
HFBI	0.22171768494904415
HFBII	0.3004742673472681
HFC	0.2671807447377811
HFO	0.21208077778322823
HFP	0.21208077778322823
HG	0.10269816210072369
HI	0.20539632420144738
HIV	0.39142604330835584
HJ	0.04240358376564003
HL	0.12577904733420342
HLA	0.1886685710013051
HLB	0.19923722858529036
HMC	0.16422837374383503
HMk	0.07344516150509135
HN	0.08480716753128006
HNCO	0.3506112703471977
HNF	0.2453110507797057
HNO	0.7100215119492371
HNSO	0.15523713367363406
HO	0.07261856683681703
HOCH	0.20213066841614025
HOOC	0.16404724315108551
HP	0.2630667659994061
HPC	0.695000585936265
HPT	0.2730667659994061
HR	0.12577904733420342
HREF	0.1899031697637752
HRG	0.13577904733420343
HRSiO	0.5509961384737844
HRT	0.13577904733420343
HS	0.19213066841614024
HSCCG	0.34278007938892385
HSI	0.2466246344286492
HSO	0.20213066841614025
HSTXK	0.3857019593750462
HSV	0.33867044958952863
HSiO	0.5509961384737844
HSiR	0.5509961384737844
HT	0.12577904733420342
HTLV	0.19514174467503592
HTML	0.6953798793018854
HTTP	0.7441188790714104
HUMM	0.2817137970219136
HV	0.051349081050361844
HVAC	0.304828830516864
HWYHFDGTDWDESRKLNRIYKFQGK	0.48895234298450485
HZ	0.051349081050361844
Ha	0.07261856683681703
HaPO	0.227855700510451
Had	0.08261856683681702
Hal	0.15580071523677383
Haze	0.08261856683681702
Hb	0.11993544650918345
HbOS	0.15523713367363406
He	0.1540472431510855
Hemocyanin	0.16404724315108551
Hepes	0.16404724315108551
Herreburgh	0.16404724315108551
Het	0.16404724315108551
Hf	0.21171768494904414
Hg	0.10269816210072369
HgPd	0.20213066841614025
HgS	0.11269816210072368
HgSe	0.18030563517359885
HgTe	0.11269816210072368
Hi	0.19887413575110632
Higginson	0.20887413575110633
High	0.19923722858529036
His	0.21821879334463506
Hjjr	0.08480716753128006
Ho	0.12577904733420342
Horizontal	0.13577904733420343
Hot	0.1261421401683875
Hr	0.04240358376564003
Hs	0.05996772325459172
Ht	0.07344516150509135
Human	0.11269816210072368
Hunter	0.2343786746835586
Hv	0.1468903230101827
Hy	0.05996772325459172
Hybrid	1.9303721233302555
Hydrophile	0.16404724315108551
Hydroxybutyric	0.15865968242239462
Hz	0.26818381130632407
IA	0.11482003581075538
IACS	0.7305337501624336
IB	0.14523713367363406
IBC	0.2562615415944651
IC	0.6040358386049467
ICC	0.6140358386049467
ICI	0.8672353530572458
ICIIII	0.8772353530572458
ICLD	0.6140358386049467
ICTD	0.6140358386049467
ID	1.3835695206762375
IDCT	1.739438363889101
IDH	1.3839326135104215
IE	0.16155778413801603
IEC	0.19514174467503592
IEEE	0.6437652342515957
IF	0.16238005187573473
IFA	0.17238005187573474
IFFT	0.33903354242371264
IFJ	0.17238005187573474
IFN	0.2650782139764585
IFNAR	0.6246337553370592
IG	0.07261856683681703
IGA	0.227855700510451
IGBT	0.5717991670725502
IGC	0.1374033155341651
IGF	0.2881960026242104
IGT	0.1374033155341651
IGW	0.2466246344286492
IGWc	0.2562615415944651
IH	0.04240358376564003
IHC	0.15523713367363406
IHSI	0.24725325710649015
II	0.2904742673472681
IIC	0.8672353530572458
III	0.40529430315802345
IIIB	0.41529430315802346
IIIWJ	0.41529430315802346
IIIa	0.41529430315802346
IIIb	0.8158675767341089
IIIi	0.41529430315802346
IIIａ	0.41529430315802346
IIIｂ	0.41529430315802346
IIK	0.3004742673472681
IIR	0.36309283418408506
IIRf	0.37309283418408506
IIa	0.3004742673472681
IIb	0.3004742673472681
IIc	0.3004742673472681
IIi	0.3004742673472681
IIll	0.3004742673472681
IIａ	0.3004742673472681
IIｂ	0.3004742673472681
IJ	0.20773428698236507
IJI	0.21773428698236508
IJJf	0.21773428698236508
IJi	0.21773428698236508
IJil	0.2277342869823651
IK	0.04240358376564003
IL	0.27801489103826443
ILC	0.3004742673472681
ILLl	0.28801489103826444
ILm	0.28801489103826444
IM	0.24084853901106779
IMAGE	0.2844518873687329
IMC	0.2508485390110678
IMDG	0.2508485390110678
IMV	0.2508485390110678
INH	0.17238005187573474
INK	0.21208077778322823
INTERRUPT	0.4586648865913426
IO	0.19839761417102042
IOIA	0.20839761417102043
IP	0.24347974946650205
IPA	0.31378526028278936
IPG	1.5946673022706486
IQ	0.31234426617838734
IR	0.24626154159446512
IRF	0.6595202075029389
IRI	0.2466246344286492
IRPT	0.2562615415944651
IRb	0.2562615415944651
IS	0.1540472431510855
ISGF	0.16404724315108551
ISH	0.16404724315108551
ISLR	0.2453110507797057
ISO	0.266817651903597
ISPK	0.32234426617838735
ISt	0.16404724315108551
IT	0.28512567098435426
ITO	0.5729508281931536
ITV	0.29512567098435427
IU	0.05996772325459172
IUPAC	0.31378526028278936
IV	0.2266658099879025
IVa	0.23666580998790251
IVａ	0.23666580998790251
IVｂ	0.23666580998790251
IX	0.16238005187573473
Ia	0.08893921730119896
Iac	0.09893921730119895
Iag	0.09893921730119895
Ib	0.07261856683681703
Ic	0.051349081050361844
IcK	0.05193357174559127
Icm	0.33067490837910696
Id	0.07261856683681703
Identifier	0.18963459157915524
Identity	0.11269816210072368
Ie	0.04240358376564003
If	0.04240358376564003
Iff	0.1221893373417793
Ig	0.24084853901106779
Ih	0.05996772325459172
Ii	0.051349081050361844
Iir	0.07344516150509135
Ij	0.04240358376564003
IjL	0.06996772325459172
Il	0.08480716753128006
Ile	0.08893921730119896
Ill	0.09480716753128006
IllI	0.10480716753128005
Ilr	0.09480716753128006
Im	0.07261856683681703
Imag	0.08480716753128006
In	0.16616911686111724
InAs	0.17616911686111725
InGa	0.17616911686111725
InGaAlP	0.5204889327928041
InGaAsP	0.3873371420026102
InGaN	0.4709851943935954
InGaNAs	0.4906221015594114
InGaP	0.18616911686111726
InP	0.17616911686111725
InSb	0.20889043756735093
InactivityTimer	0.499880496114792
Incl	0.17616911686111725
Indicator	0.3483809902125135
Information	0.48959794134972207
Input	0.22418854797639065
Institut	0.17616911686111725
Intermediate	0.2343786746835586
International	0.2343786746835586
Internet	0.5134908105036187
IoT	0.08930231013538305
IpA	0.05193357174559127
Iq	0.05996772325459172
Ir	0.10269816210072369
Irjj	0.11269816210072368
Ishak	0.22621670106726474
Isochrysis	0.1948329364783868
Ist	0.1627431447099188
It	0.1540472431510855
ItK	0.16404724315108551
IvII	0.3004742673472681
Iw	0.10386714349118253
Iy	0.04240358376564003
IyM	0.05193357174559127
Iａ	0.05996772325459172
Iｂ	0.05996772325459172
JAK	0.266817651903597
JAPAN	0.3864038271196063
JGS	0.1468903230101827
JH	0.09481729578957762
JI	0.05996772325459172
JIJJ	0.21773428698236508
JIS	0.1544103359852696
JISA	0.244176350974833
JISK	0.16404724315108551
JISL	0.17616911686111722
JISP	0.32234426617838735
JItI	0.16404724315108551
JJ	0.19887413575110632
JJIj	0.20887413575110633
JK	0.10269816210072369
JL	0.04240358376564003
JM	0.051349081050361844
JNI	0.20213066841614025
JPEG	0.6286879088361877
JPIP	0.2718299662808526
JS	0.22964007162151076
JSCE	0.26155809466840685
JT	0.10269816210072369
Java	0.5944085873471451
Jc	0.04240358376564003
Jd	0.04240358376564003
Jf	0.04240358376564003
Ji	0.051349081050361844
Jit	0.11269816210072368
Jj	0.04240358376564003
JjI	0.05193357174559127
Jl	0.05996772325459172
Jll	0.08344516150509135
Jnt	0.06996772325459172
Jt	0.04240358376564003
Jti	0.08261856683681702
Jun	0.05193357174559127
Jv	0.05996772325459172
KA	0.1468903230101827
KB	0.2717137970219136
KCl	0.26219305911503665
KD	0.05996772325459172
KES	0.12721075129692008
KEY	0.2593001488242421
KF	0.07344516150509135
KFi	0.38028348935007183
KG	0.07261856683681703
KI	0.11482003581075538
KIAA	0.18963459157915524
KJ	0.04240358376564003
KL	0.051349081050361844
KLH	0.09893921730119895
KLK	0.07344516150509135
KLTN	0.09893921730119895
KOH	0.3127073590125715
KOHmg	0.3227073590125715
KP	0.1468903230101827
KPa	0.4424334021345295
KTA	0.23964007162151077
KTN	0.09893921730119895
KTNFNHSVFDVPLHYQFHAASTQGG	0.38933664797745887
KTP	0.3838269527602062
KTa	0.3004742673472681
KV	0.10269816210072369
KW	0.08893921730119896
Ka	0.07261856683681703
Kcal	0.1261269967375045
Kd	0.10386714349118253
Kermel	0.07344516150509135
Keyhole	0.12423860471746352
Kg	0.10269816210072369
Kgf	0.1374033155341651
Ki	0.04240358376564003
Klebsiella	0.3627434869366069
Klf	0.05193357174559127
Kll	0.08344516150509135
KllI	0.09995158488188759
Km	0.10269816210072369
Korr	0.10386714349118253
KrF	0.07344516150509135
KrIk	0.08480716753128006
Ks	0.10386714349118253
Kti	0.08261856683681702
LADS	0.2153963242014474
LAG	0.30160756008880774
LAGgyro	0.31160756008880774
LAN	0.3877090363971268
LARSSEN	0.3942613368322805
LB	0.19887413575110632
LBKP	0.20887413575110633
LBO	0.19923722858529036
LBS	0.3811780700336301
LC	0.2904742673472681
LCCO	0.3506112703471977
LCD	0.7572901472526016
LCP	0.47377822841913086
LD	0.14523713367363406
LDL	0.3127073590125715
LDPC	0.695000585936265
LDPE	0.6190510016703719
LED	2.1140610614158457
LGP	0.23382545514220662
LH	0.08893921730119896
LHSV	0.34867044958952864
LIDAR	1.3935695206762375
LINE	0.11269816210072368
LINK	0.2844249959870146
LIPOLASER	0.38933664797745887
LJ	0.05996772325459172
LK	0.07261856683681703
LL	0.08480716753128006
LMS	0.39811136433639654
LN	0.051349081050361844
LNG	0.16639003969446192
LO	0.19839761417102042
LOBS	0.3908149771994461
LOC	0.20839761417102043
LOI	0.20839761417102043
LOR	0.20839761417102043
LP	0.14523713367363406
LPG	0.15523713367363406
LPRM	0.15523713367363406
LR	0.23531105077970568
LRRK	0.2453110507797057
LRU	0.3634559270182692
LSA	0.32915763827765987
LSI	0.2466246344286492
LTB	0.05193357174559127
LU	0.05996772325459172
LUT	0.32067490837910695
LUX	0.07344516150509135
LV	0.1851417446750359
LVL	0.19514174467503592
LWG	0.07344516150509135
LY	0.05996772325459172
LYCRA	0.2153963242014474
La	0.2688672789618409
Lab	0.27207688985609774
Lactbacillus	0.27886727896184094
Laminated	0.27886727896184094
Language	0.27886727896184094
Lb	0.08480716753128006
Lc	0.051349081050361844
Ld	0.07344516150509135
Learning	0.11993544650918345
Lefty	0.32731936484478924
Length	0.22974100012182852
Leu	0.06288952366710171
Level	0.08119002593786737
Li	0.2812504999844426
LiCoO	0.33067490837910696
LiFePO	0.44653750199184994
LiInS	0.29125049998444263
LiInSe	0.30125049998444264
LiMn	0.36944356735253303
LiNbO	0.29125049998444263
LiNiO	0.29125049998444263
LiOH	0.29125049998444263
Licensed	0.29125049998444263
Light	0.29125049998444263
Like	0.29125049998444263
Limpet	0.29125049998444263
Lin	0.29125049998444263
Line	0.30125049998444264
Lipophile	0.29125049998444263
Ll	0.05996772325459172
Lm	0.18963459157915524
Ln	0.1540472431510855
Lo	0.051349081050361844
Locator	0.14585689851095682
Log	0.1406252499922213
LogR	0.15062524999222132
Low	0.12577904733420342
Lq	0.04240358376564003
Lt	0.05996772325459172
Lu	0.19887413575110632
LuAG	0.20887413575110633
Lufteintritt	0.32731936484478924
Lumber	0.20887413575110633
Luminescence	0.20887413575110633
Luteinizing	0.2343786746835586
Lx	0.04240358376564003
Ly	0.07344516150509135
Lycra	0.08344516150509135
Lys	0.08893921730119896
MA	0.19213066841614024
MAC	0.43839221001060535
MACH	0.44839221001060536
MAG	0.1924937612503243
MALDI	0.33746782487184507
MAOB	0.20213066841614025
MAP	1.102874619075233
MAPK	1.103237711909417
MAS	0.41752499933008824
MASL	0.42752499933008825
MASTER	0.42752499933008825
MAXAPEM	0.3864038271196063
MAlX	0.510488932792804
MBL	0.2562615415944651
MBLL	0.26626154159446513
MBR	0.19887413575110632
MCM	0.3880401531677146
MCS	0.7301706573282493
MCVD	0.17639003969446193
MCrAlX	0.510488932792804
MD	0.21171768494904414
MDF	0.21208077778322823
MDI	0.21208077778322823
MDM	0.22171768494904415
MDMX	0.23171768494904416
MDR	0.27681765190359703
MDR×	0.28681765190359704
MDT	0.2881960026242104
ME	0.07261856683681703
MEGI	0.08261856683681702
MEK	0.08893921730119896
MEMS	0.8406206858173648
MF	0.11482003581075538
MFFT	0.34867044958952864
MFH	0.17238005187573474
MFR	0.18550483750921998
MGCR	0.2153963242014474
MGFR	0.19514174467503592
MGOe	0.18030563517359885
MH	0.10269816210072369
MHC	0.20858095324795212
MHz	0.2781838113063241
MI	0.14523713367363406
MID	1.3836814946843055
MIDI	1.3842957063446055
MIG	0.15523713367363406
MIJ	0.21773428698236508
MIM	0.24121163184525185
MIN	0.17224417150312876
MIS	0.1544103359852696
MISFET	0.289826290485289
MKS	0.05193357174559127
ML	0.5694888579596141
MM	0.2717137970219136
MME	0.8460920079167307
MMI	0.27207688985609774
MMO	0.2817137970219136
MMP	0.3169000871006237
MMS	0.39811136433639654
MMT	0.2817137970219136
MMVF	0.2817137970219136
MN	0.22964007162151076
MND	0.23964007162151077
MO	0.1358568985109568
MOD	0.1362199913451409
MOPS	0.34671844226714865
MOS	0.35239465656346336
MOSFET	0.6032151201776155
MP	0.3165369942664396
MPC	0.695000585936265
MPE	0.3265369942664396
MPEG	0.6286879088361877
MPa	0.4424334021345295
MPaG	0.4524334021345295
MQ	0.04240358376564003
MR	0.308094486302171
MRI	0.30845757913635513
MRR	0.318094486302171
MRU	0.318094486302171
MS	0.274080961976235
MSK	0.284080961976235
MSMS	0.43961723514096135
MT	0.24626154159446512
MTF	0.2466246344286492
MTP	0.3838269527602062
MUC	0.10386714349118253
MVTR	0.16404724315108551
MW	0.07261856683681703
MWTR	0.16404724315108551
MWf	0.07344516150509135
MWp	0.07344516150509135
MX	0.08893921730119896
MXLNG	0.17639003969446193
MYCL	0.20213066841614025
Ma	0.05996772325459172
MaO	0.06996772325459172
Man	0.1362199913451409
Management	0.2508629846468741
Manchester	0.2343786746835586
Manifold	0.16404724315108551
Mannose	0.15865968242239462
Materials	0.2343786746835586
Max	0.14560022650781815
Maxim	0.1459633193420022
Mb	0.051349081050361844
Md	0.04240358376564003
Me	0.12577904733420342
MeO	0.1261421401683875
Media	0.22857813793524487
Medium	0.12721075129692008
Mekk	0.13577904733420343
Memory	0.19887413575110632
Mes	0.13577904733420343
Met	0.217855700510451
Metal	0.36223062078091095
Method	0.227855700510451
Mevalonic	0.12721075129692008
Mf	0.04240358376564003
Mg	0.32476010375146946
MgF	0.3347601037514695
MgO	0.32512319658565353
MgX	0.3347601037514695
Mi	0.11482003581075538
MiJ	0.12482003581075538
Microbacterium	0.2343786746835586
Micrococcus	0.17224417150312876
Mii	0.4110491436316932
Mjt	0.05193357174559127
Ml	0.051349081050361844
Mn	0.359443567352533
MnMgSr	0.36944356735253303
MnO	0.3598066601867171
Mo	0.17712812838456524
MoO	0.2519211875025909
Mobility	0.2243786746835586
Model	0.18712812838456525
Modulation	0.18712812838456525
Module	0.18712812838456525
Mpa	0.10386714349118253
Mpsi	0.5241161305356395
Mr	0.04240358376564003
Ms	0.11993544650918345
Mu	0.04240358376564003
Multi	0.11482003581075538
Mutant	0.11269816210072368
Muting	0.3145045912509214
Mw	0.11482003581075538
Mx	0.1748344547704601
Myc	0.05193357174559127
Myceli	0.10481729578957762
Myceliophthora	0.15865968242239462
Myxococcus	0.15523713367363406
Mz	0.051349081050361844
M×cos	0.2580353185564285
M×sin	0.2184754653477738
NA	0.10269816210072369
NACA	0.3710815774052205
NAD	0.23855506061168047
NADP	0.3806465821842559
NAND	0.393108042255463
NBKP	0.15689032301018271
NBR	0.178241527436582
NBS	0.3908149771994461
NBT	0.39811136433639654
NC	0.16238005187573473
NCCS	0.35752179655077065
NCH	0.20213066841614025
NCO	0.34097436318138175
NCX	0.17238005187573474
ND	0.051349081050361844
NE	0.10269816210072369
NF	0.23531105077970568
NFC	0.3610900981139091
NFe	0.43653750199184993
NG	0.10269816210072369
NGF	0.4218757499766637
NH	0.16238005187573473
NHA	0.20213066841614025
NHC	0.17990316976377518
NHCH	0.20213066841614025
NHCN	0.2508485390110678
NHCO	0.3506112703471977
NHCOC	0.3606112703471977
NHCOCH	0.3706112703471977
NHCONH	0.3606112703471977
NHCOOC	0.3706112703471977
NHCOR	0.3606112703471977
NHNH	0.17238005187573474
NHR	0.17238005187573474
NHSO	0.21213066841614026
NI	0.19213066841614024
NIL	0.28801489103826444
NK	0.21171768494904414
NKG	0.22171768494904415
NMOS	0.5145116383870849
NMP	0.3169000871006237
NMR	0.318094486302171
NN	0.051349081050361844
NO	0.22479611581215575
NOBS	0.3908149771994461
NOH	0.7100215119492371
NOL	0.23479611581215576
NONPENDING	0.36477383518500284
NOR	0.4426518163226067
NOx	0.7100215119492371
NP	0.16238005187573473
NPN	0.1627431447099188
NPP	0.17238005187573474
NPPTA	0.4809851943935954
NPYLM	0.22236626923763728
NR	0.12577904733420342
NS	0.14523713367363406
NSAIDs	1.3935695206762375
NSCLC	0.5521443360237427
NSF	0.4360744938550861
NSO	0.14560022650781815
NTA	0.4709851943935954
NTP	0.37419004559439023
NTT	0.18030563517359885
NTU	0.11386714349118253
NVYGDVVINHKGGADATEDVTAVEV	0.2817137970219136
NY	0.05996772325459172
NYSE	0.227855700510451
Na	0.19887413575110632
NaCl	0.46957852214730617
NaN	0.20887413575110633
NaO	0.20887413575110633
NaOH	0.5200928220448411
NaX	0.20887413575110633
Nanog	0.20887413575110633
Narrow	0.20887413575110633
Nb	0.23531105077970568
Nc	0.05996772325459172
Nd	0.19887413575110632
Ndr	0.20887413575110633
Ne	0.11482003581075538
Near	0.12482003581075538
Nenn	0.12482003581075538
Nested	0.2343786746835586
Network	0.2852256937664249
Ni	0.10269816210072369
NiFe	0.43653750199184993
NiO	0.10386714349118253
NiP	0.10386714349118253
Nl	0.08480716753128006
Nm	0.051349081050361844
No	0.38081497719944607
Nodal	0.3908149771994461
Node	0.43226408103187874
Noise	0.3908149771994461
Nonidet	0.3908149771994461
Npo	0.08995158488188759
Npr	0.07344516150509135
Nt	0.1540472431510855
Nu	0.04240358376564003
Nv	0.04240358376564003
Nylon	0.11269816210072368
N×N	0.22033548451527404
OA	0.07261856683681703
OB	0.19887413575110632
OBS	0.3811780700336301
OC	0.1540472431510855
OCB	0.2508485390110678
OCC	0.1886685710013051
OCF	0.29990414166204243
OCH	0.1924937612503243
OCHF	0.22171768494904415
OCN	0.2508485390110678
OCOC	0.3506112703471977
OCOR	0.3606112703471977
ODH	0.05193357174559127
OF	0.07344516150509135
OFDM	0.5125683073129682
OFF	0.1261421401683875
OH	0.2266658099879025
OHC	0.23666580998790251
OHP	0.2730667659994061
OIJ	0.21773428698236508
OIL	0.28801489103826444
OJ	0.04240358376564003
OKWZm	0.09893921730119895
OLED	2.114424154250029
OMPI	0.3265369942664396
OMe	0.13577904733420343
ON	0.12577904733420342
OO	0.07344516150509135
OOC	0.16404724315108551
OP	0.33671844226714864
OPO	0.34671844226714865
OR	0.16238005187573473
ORDER	0.17238005187573474
ORF	0.649883300337123
ORP	0.1627431447099188
OS	0.14523713367363406
OSB	0.15523713367363406
OSC	0.35239465656346336
OSI	0.35239465656346336
OSO	0.2379895236335919
OSiR	0.5509961384737844
OT	0.1468903230101827
OTDR	0.343143172223108
OVA	0.18533051165826012
OWt	0.07344516150509135
OZ	0.051349081050361844
Oa	0.07344516150509135
Ob	0.051349081050361844
Oc	0.05996772325459172
Oct	0.06996772325459172
Of	0.10386714349118253
Off	0.11386714349118253
Offset	0.12386714349118252
Oi	0.04240358376564003
Oil	0.05193357174559127
Ol	0.10269816210072369
Om	0.05996772325459172
Omax	0.2535700778136021
Omin	0.17616911686111725
On	0.14523713367363406
Optical	0.20549634698351815
Or	0.051349081050361844
Org	0.08995158488188759
Oriented	0.2343786746835586
Orn	0.11269816210072368
Os	0.07261856683681703
Ot	0.04240358376564003
Out	0.10306125493490778
Output	0.435711401020902
Ovalbumin	0.17616911686111725
Oxide	0.30414835311697347
PA	0.30378526028278935
PAAE	0.31378526028278936
PAC	0.31378526028278936
PAI	0.31378526028278936
PAM	0.30414835311697347
PANOX	0.31378526028278936
PAR	0.3598066601867171
PB	0.10269816210072369
PBEF	0.14585689851095682
PBGD	0.11269816210072368
PBI	0.14560022650781815
PBO	0.10386714349118253
PBP	0.22171768494904415
PBT	0.39811136433639654
PC	0.22479611581215575
PCB	1.0801630410207108
PCD	0.695000585936265
PCH	0.3788433589632413
PCMCIA	0.3980401531677146
PCR	0.695000585936265
PCT	0.3558688432128636
PCTAIRE	0.36575686920479583
PCa	0.27967084287315297
PCl	0.2718299662808526
PD	0.21785570051045103
PDA	0.8723129491755455
PDB	0.4681754850936028
PDE	0.22785570051045104
PDF	0.4681754850936028
PDGF	0.4681754850936028
PE	0.19163737940192263
PEDOT	0.6190510016703719
PEEK	0.6186879088361877
PEG	0.6186879088361877
PEI	0.6186879088361877
PEK	0.20163737940192264
PEN	0.20163737940192264
PENDING	0.35477383518500283
PENDINQG	0.21163737940192265
PEO	0.20163737940192264
PEP	0.6186879088361877
PEPS	0.6286879088361877
PES	0.20163737940192264
PET	0.5793144397354534
PEVA	0.34278007938892385
PF	0.22964007162151076
PFA	0.23000316445569488
PFBE	0.25442150259384017
PFK	0.23964007162151077
PG	0.08893921730119896
PGI	0.1627431447099188
PH	0.21171768494904414
PHA	0.22171768494904415
PHS	0.21208077778322823
PI	0.2618299662808526
PIB	0.2718299662808526
PID	1.3839326135104215
PII	0.3004742673472681
PILOT	0.28801489103826444
PIN	0.26219305911503665
PKID	1.7575084474445113
PLA	0.20858095324795212
PLAY	0.21858095324795213
PLID	1.3935695206762375
PLL	0.19887413575110632
PLR	0.23567414361388975
PLS	0.14560022650781815
PMA	0.2466246344286492
PMDA	0.22171768494904415
PMMA	0.4384922327926761
PMOS	0.5983931281058152
PN	0.08893921730119896
PNA	0.35223062078091094
PNG	0.11269816210072368
PNP	0.16284407321023658
PO	0.217855700510451
POM	0.21821879334463506
POO	0.227855700510451
POP	0.33708153510133276
POS	0.6032151201776155
POSS	0.6132151201776155
POST	0.8239145772605808
POr	0.227855700510451
PP	0.07261856683681703
PPAR	0.43217410819741775
PPD	0.22785570051045104
PPE	0.20163737940192264
PPM	0.2466246344286492
PPS	0.6873669751552937
PRCA	0.3710815774052205
PRCE	0.2716359458451602
PRN	0.08995158488188759
PRO	0.27207688985609774
PRP	0.07344516150509135
PS	0.29219762006142963
PSA	0.6873669751552937
PSF	0.30219762006142964
PSS	0.5437557147298366
PTA	0.4709851943935954
PTC	0.3501540486690441
PTD	0.05193357174559127
PTE	0.07344516150509135
PTFE	0.37684131455465775
PTO	0.178241527436582
PTP	0.37419004559439023
PTT	0.2435700778136021
PU	0.31298502689552204
PUG	0.32298502689552205
PUMA	0.6543611420705504
PUSH	0.5158618609599942
PUT	0.32298502689552205
PVA	0.2741290782723059
PVAm	0.28412907827230593
PVB	0.4847893546117429
PVC	0.5261715054003269
PVD	0.1627431447099188
PVDF	0.2773120616945579
PVP	0.1627431447099188
PW	0.25155809466840684
PWC	0.26155809466840685
PWM	0.7307102334408061
PWV	0.2519211875025909
PX	0.12577904733420342
PZT	0.217855700510451
Pa	0.43243340213452947
Packed	0.4424334021345295
Part	0.4424334021345295
Partial	0.4524334021345295
Particle	0.4524334021345295
Pas	0.4424334021345295
Passive	0.4524334021345295
Pattern	0.4424334021345295
Pb	0.14523713367363406
PbO	0.14560022650781815
PbS	0.15523713367363406
PbSe	0.18030563517359885
PbTe	0.15523713367363406
Pc	0.05996772325459172
Pd	0.19213066841614024
Pending	0.2508629846468741
Period	0.12721075129692008
Personal	0.15414726593315634
Pf	0.05996772325459172
Pfizer	0.15063677711703352
Ph	0.07261856683681703
PhBz	0.08261856683681702
Phe	0.08893921730119896
Phosphoenolpyruvic	0.17990316976377518
Phosphogluconic	0.16422837374383503
Phosphoglyceric	0.232253993475009
Phosphoribosyl	0.1121893373417793
Physical	0.4240358376564003
Pipes	0.09481729578957762
Pitman	0.10386714349118253
Pkr	0.07344516150509135
Pl	0.051349081050361844
Plane	0.16422837374383503
Pm	0.10269816210072369
Pn	0.11482003581075538
Polyester	0.2343786746835586
Polymeric	0.08995158488188759
Polypo	0.07344516150509135
Pp	0.05996772325459172
Pr	0.12577904733420342
Pressing	0.25442150259384017
Pro	0.1261421401683875
Probe	0.21483023864347012
ProbeMatch	0.232253993475009
Processing	0.42552744549342486
Protocol	0.14585689851095682
Pseudomonas	0.37999827256928453
Pt	0.217855700510451
Pu	0.281273554234067
Pulse	0.29127355423406703
Pw	0.05996772325459172
Px	0.051349081050361844
Py	0.05996772325459172
Pycnoporus	0.4354739212040008
P×	0.04240358376564003
P×e	0.05193357174559127
P×y	0.05193357174559127
QC	0.11482003581075538
QF	0.05996772325459172
QMF	0.12482003581075538
QO	0.04240358376564003
QTE	0.08995158488188759
Qacl	0.08480716753128006
Qadd	0.08480716753128006
Qbad	0.17990316976377518
Qbase	0.2535900433794421
Qc	0.05996772325459172
Qexcel	0.09893921730119895
Qf	0.08893921730119896
Qfnl	0.13409190565316204
Ql	0.05996772325459172
Qll	0.08344516150509135
Qmin	0.17616911686111725
Qn	0.14523713367363406
QoS	0.7414565489652224
Qp	0.07344516150509135
Qr	0.11993544650918345
Qtad	0.08480716753128006
Quadrature	0.13409190565316204
Quality	0.10481729578957762
RA	0.14523713367363406
RAB	0.41115574123707876
RAD	0.3706465821842559
RAFT	0.2711162037899083
RAID	1.5288953985510252
RAM	0.2600571694843895
RAP	1.102874619075233
RAS	0.37944862198552665
RAT	0.9156852863620167
RB	0.3164272950268203
RC	0.2616359458451602
RCO	0.3506112703471977
RCONH	0.3606112703471977
RCOO	0.3606112703471977
RCl	0.2716359458451602
RCmin	0.2716359458451602
RDBMS	0.39883755000476473
REC	0.3169000871006237
REF	0.17990316976377518
REM	0.3169000871006237
REP	0.18724915584671722
REQUEST	2.8681069832454553
RER	0.07344516150509135
RF	0.6495202075029389
RFID	2.033201702187245
RFL	0.6595202075029389
RFLP	0.669520207502939
RGB	0.3546107430739458
RH	0.12577904733420342
RI	0.217855700510451
RIA	0.227855700510451
RID	1.3935695206762375
RIJ	0.227855700510451
RIP	0.41546857396473014
RL	0.1851417446750359
RLM	0.18550483750921998
RNA	0.34125322271240416
RNAi	0.533998396641378
RNHCO	0.3606112703471977
RNase	0.20887413575110633
RO	0.2717137970219136
ROM	0.30160756008880774
ROOC	0.2817137970219136
ROP	0.34671844226714865
RP	0.07261856683681703
RPM	0.10386714349118253
RPW	0.26155809466840685
RR	0.1121893373417793
RS	0.3842613368322805
RSA	0.38462442966646454
RSEPVVINSEGWGEFHVNGGSVSIY	0.3942613368322805
RSO	0.3942613368322805
RSiO	0.5509961384737844
RSiR	0.5509961384737844
RSm	0.3942613368322805
RT	0.11482003581075538
RTT	0.1706687280077829
RTV	0.23567414361388975
RX	0.23531105077970568
RY	0.13409190565316204
RZ	0.05996772325459172
Ra	0.07261856683681703
Radio	0.17738691759250141
Random	0.15062524999222132
Rank	0.20773428698236507
Ras	0.08995158488188759
Rayls	0.08261856683681702
Rb	0.08893921730119896
RbAp	0.09893921730119895
Rc	0.04240358376564003
Rd	0.05996772325459172
Re	0.19887413575110632
Redundancy	0.20887413575110633
Reinforced	0.20887413575110633
Repeat	0.25442150259384017
Replenishment	0.22621670106726474
Report	0.3020354134680848
Reset	0.27160467659599113
Resource	0.25068633241772303
Rest	0.20887413575110633
RetransmissionTimer	0.499880496114792
Rf	0.10269816210072369
Rg	0.04240358376564003
Rh	0.08893921730119896
RheoPro	0.13577904733420343
Rhizoctonia	0.16404724315108551
Rho	0.09893921730119895
Rhodococcus	0.15523713367363406
Ri	0.07344516150509135
Ribose	0.1468903230101827
Ribulose	0.11993544650918345
Rickettsia	0.14585689851095682
Rm	0.1540472431510855
Rmr	0.16404724315108551
Ro	0.08893921730119896
Room	0.09893921730119895
Rr	0.04240358376564003
Rs	0.08893921730119896
Rt	0.1540472431510855
Rth	0.16404724315108551
Ru	0.08893921730119896
Ry	0.08480716753128006
Rz	0.11993544650918345
SA	0.234176350974833
SAI	0.32915763827765987
SAMPA	0.3265369942664396
SAN	0.32915763827765987
SAPO	1.103237711909417
SAR	0.3598066601867171
SAT	0.32915763827765987
SATA	0.4709851943935954
SATP	0.3838269527602062
SBR	0.178241527436582
SBS	0.3811780700336301
SC	0.25155809466840684
SCC	0.33278007938892384
SCHRX	0.26155809466840685
SCLC	0.5421443360237427
SCN	0.26155809466840685
SCR	0.2519211875025909
SD	0.32798756692709696
SDA	0.48206017085631964
SDF	0.48206017085631964
SDR	0.47322470060073096
SE	0.217855700510451
SEBS	0.3908149771994461
SEL	0.227855700510451
SEM	0.23567414361388975
SEPS	0.30219762006142964
SEQ	0.8507537071530835
SER	0.21821879334463506
SERPINB	0.2718299662808526
SET	0.227855700510451
SF	0.279826290485289
SFa	0.289826290485289
SFb	0.289826290485289
SG	0.051349081050361844
SGAP	0.3864038271196063
SGDM	0.05996772325459172
SH	0.08893921730119896
SHD	0.12721075129692008
SHG	0.10306125493490778
SHGC	0.11269816210072368
SHW	0.10386714349118253
SID	1.3836814946843055
SIGN	0.11269816210072368
SIJ	0.21773428698236508
SIL	0.28801489103826444
SINE	0.11269816210072368
SIS	0.2466246344286492
SK	0.051349081050361844
SKD	0.06996772325459172
SKID	1.3935695206762375
SL	0.1661691168611172
SLAVE	0.2453110507797057
SLID	1.3935695206762375
SM	0.42961723514096134
SMA	0.4299803279751454
SMC	0.4299803279751454
SMPT	0.43961723514096135
SMS	0.4299803279751454
SN	0.21171768494904414
SNAP	0.3864038271196063
SNF	0.2453110507797057
SNR	0.33278007938892384
SO	0.08893921730119896
SOC	0.19163737940192263
SOK	0.09893921730119895
SONR	0.13577904733420343
SOR	0.17238005187573474
SOVA	0.19523048887618938
SOx	0.1089278502552255
SP	0.31234426617838734
SPA	0.3127073590125715
SPL	0.3127073590125715
SPR	0.3127073590125715
SPS	0.6873669751552937
SQL	0.5865944257112577
SR	0.47895234298450484
SRAM	0.7028778209087824
SRHI	0.48895234298450485
SRa	0.48895234298450485
SS	0.24626154159446512
SSCP	0.2562615415944651
SSD	0.48206017085631964
SSX	0.2562615415944651
ST	0.3757019593750462
STALO	0.3857019593750462
STAR	0.3857019593750462
STAT	0.8239145772605808
STDP	0.3857019593750462
STI	0.4905219951858016
STN	0.3857019593750462
SUS	0.10386714349118253
SUU	0.05193357174559127
SVG	0.18787843460239792
SW	0.17030563517359884
SWS	0.18030563517359885
SWn	0.18030563517359885
SWt	0.19431763234344604
SYCL	0.20213066841614025
SYMPATEX	0.3265369942664396
SYT	0.05193357174559127
SZ	0.07261856683681703
Sa	0.11993544650918345
Sag	0.12993544650918346
Sb	0.19889043756735092
Sc	0.08893921730119896
Scherrer	0.09893921730119895
Scyta	0.09893921730119895
Scytalidium	0.11269816210072368
Se	0.17030563517359884
Sedoheptulose	0.18030563517359885
Semiconductor	0.6902993250641917
Sensiva	0.18030563517359885
Ser	0.1706687280077829
Serratia	0.18030563517359885
Serum	0.18030563517359885
Service	0.34571226498424756
Serving	0.18030563517359885
Sf	0.11993544650918345
Shared	0.2937806460203654
Sharpening	0.12482003581075538
Shh	0.07344516150509135
Si	0.5409961384737844
SiC	0.5413592313079685
SiCo	0.5509961384737844
SiF	0.5509961384737844
SiH	0.5413592313079685
SiHRO	0.5509961384737844
SiJ	0.5509961384737844
SiMe	0.6668761143083055
SiNO	0.5509961384737844
SiO	0.5413592313079685
SiR	0.5509961384737844
Signal	0.5924339637252996
SilkII	0.5509961384737844
Simass	0.5509961384737844
Sit	0.5509961384737844
Skip	0.08480716753128006
Sl	0.051349081050361844
Sli	0.10481729578957762
Sm	0.1540472431510855
Sn	0.27652326415110595
SnO	0.28652326415110596
So	0.10386714349118253
Soll	0.32915763827765987
Source	0.2949780129359624
Sox	0.11386714349118253
Sr	0.20539632420144738
SrO	0.20575941703563147
St	0.08893921730119896
StOO	0.09893921730119895
Standard	0.15062524999222132
Staphylococcus	0.2748066310683302
Station	0.1121893373417793
Stenotrophomonas	0.2343786746835586
Stra	0.13409190565316204
Strand	0.14409190565316204
Stratum	0.14409190565316204
Subscriber	0.09481729578957762
Supply	0.22033548451527404
Support	0.11269816210072368
Sv	0.07261856683681703
Swollenin	0.12721075129692008
System	0.2343786746835586
TA	0.22964007162151076
TAA	0.23964007162151077
TAB	0.4709851943935954
TACAN	0.3710815774052205
TAED	0.2508485390110678
TAJ	0.4709851943935954
TAO	0.4709851943935954
TAP	0.3864038271196063
TAPPI	0.3964038271196063
TARC	0.36944356735253303
TAS	0.4709851943935954
TC	0.266817651903597
TCA	0.3710815774052205
TCP	0.772799404922336
TDI	0.33314317222310796
TDR	0.33314317222310796
TDt	0.05193357174559127
TEA	0.39142604330835584
TEM	0.2873368314722195
TEMED	0.2973368314722195
TEXH	0.1468903230101827
TFCI	0.27681765190359703
TFT	0.3914986752680991
TH	0.051349081050361844
THF	0.21208077778322823
TIDE	1.3935695206762375
TIF	0.1886685710013051
TIG	0.10306125493490778
TIME	0.2508485390110678
TLV	0.18550483750921998
TLVA	0.19514174467503592
TM	0.24626154159446512
TMP	0.3265369942664396
TMSNR	0.34278007938892385
TN	0.08893921730119896
TNF	0.274080961976235
TO	0.1540472431510855
TOC	0.1544103359852696
TOPO	0.3720038721618543
TP	0.37382695276020617
TPA	0.3838269527602062
TPC	0.695000585936265
TPE	0.6186879088361877
TPM	0.37419004559439023
TPO	0.37419004559439023
TPPO	0.3838269527602062
TPR	0.37419004559439023
TPU	0.46250482228744066
TR	0.1540472431510855
TREB	0.16404724315108551
TREF	0.1899031697637752
TS	0.3876770603335305
TSC	0.3880401531677146
TSH	0.3976770603335305
TSV	0.3880401531677146
TT	0.17030563517359884
TTA	0.23964007162151077
TTL	0.38254203811054927
TU	0.10386714349118253
TV	0.23531105077970568
TW	0.051349081050361844
TXK	0.05193357174559127
Ta	0.2904742673472681
Tab	0.2908373601814523
Table	0.3004742673472681
Tair	0.3004742673472681
Tave	0.3004742673472681
Tb	0.14523713367363406
Tc	0.051349081050361844
TcD	0.07344516150509135
TcE	0.07344516150509135
TcF	0.08995158488188759
TcLo	0.05996772325459172
TcR	0.08995158488188759
Tcc	0.11269816210072368
Td	0.14523713367363406
Te	0.08893921730119896
Temperature	0.34886378648140537
Tepa	0.15865968242239462
Tepc	0.17990316976377518
Test	0.11269816210072368
Tf	0.05996772325459172
Tg	0.1540472431510855
Th	0.16961433506256013
The	0.17961433506256014
Thermoactinomyces	0.18961433506256015
Thermoanaerobacter	0.2343786746835586
Thermoanaerobacterium	0.24437867468355862
Thermoanaerobium	0.18961433506256015
Thermoplastic	0.18961433506256015
Thf	0.17961433506256014
Things	0.17990316976377518
Thr	0.1948329364783868
Thyroid	0.2243786746835586
Ti	0.41716190649590423
TiAl	0.9177508620707789
TiC	0.5713100781473077
TiN	0.41752499933008824
TiO	0.41752499933008824
TiW	0.42716190649590424
Time	0.489880496114792
Tirofiban	0.42716190649590424
Tj	0.07261856683681703
Tl	0.04240358376564003
Tm	0.22964007162151076
TmA	0.23964007162151077
TmB	0.23964007162151077
Tmax	0.2535700778136021
Tmin	0.23964007162151077
Tmsec	0.5161858433956596
Tn	0.25155809466840684
To	0.051349081050361844
Topo	0.05996772325459172
Torr	0.1706687280077829
Tower	0.06704595282658102
Tp	0.051349081050361844
Tr	0.07344516150509135
Trametes	0.2343786746835586
Transistor	0.16404724315108551
Transport	0.11269816210072368
Treg	0.1261421401683875
Trichoderma	0.2435900433794421
Tricine	0.11269816210072368
Tripp	0.08344516150509135
Tris	0.21821879334463506
Trispropane	0.22821879334463507
Triton	0.2480353185564285
Trp	0.2748066310683302
TrrIn	0.17616911686111725
Ts	0.10269816210072369
Tsu	0.11269816210072368
Tt	0.05996772325459172
Tth	0.12482003581075538
Tu	0.08480716753128006
Tubular	0.09480716753128006
Tuv	0.09480716753128006
Tw	0.05996772325459172
Tween	0.18963459157915524
Tx	0.25155809466840684
Ty	0.1358568985109568
Type	0.2811949606849087
Tyr	0.1362199913451409
UA	0.22964007162151076
UAV	0.23567414361388975
UB	0.05996772325459172
UBE	0.06996772325459172
UDOBS	0.3908149771994461
UE	0.24347974946650205
UEQLERALNSS	0.25347974946650204
UHMWPE	0.6186879088361877
UI	0.2266658099879025
UID	1.3839326135104215
UL	0.17712812838456524
ULR	0.2453110507797057
UNI	0.1924937612503243
UP	0.22964007162151076
UR	0.10269816210072369
URL	0.8759497042025524
USB	0.24069910592702953
USIM	1.3896380790383454
UST	0.3857019593750462
UT	0.20539632420144735
UTR	0.21539632420144736
UUI	0.23666580998790251
UUID	1.4350073459277528
UV	0.4871401556272042
UVLED	2.1240610614158455
UZM	0.07344516150509135
Uh	0.05996772325459172
Ultra	0.09481729578957762
Uniform	0.16404724315108551
Unique	0.1468903230101827
Universal	0.11269816210072368
Universally	0.19889043756735092
Uplink	0.21761822069354989
Us	0.05996772325459172
VA	0.18523048887618937
VALID	1.3935695206762375
VAR	0.36944356735253303
VC	0.19887413575110632
VCC	0.19923722858529036
VDAC	0.6779011464888881
VDATA	0.4809851943935954
VDD	0.3557568692047958
VE	0.1540472431510855
VEGF	0.3406112703471977
VG	0.1778784346023979
VI	0.24084853901106779
VICS	0.6140358386049467
VIF	0.2844518873687329
VII	0.3297877563122667
VIII	0.8158675767341089
VIP	1.5946673022706486
VIRTUAL	0.5854206204514018
VLAN	0.7003080973380882
VLDL	0.32234426617838735
VM	0.5261715054003269
VNHR	0.18238005187573475
VNN	0.05193357174559127
VO	0.08893921730119896
VP	0.08893921730119896
VQR	0.05193357174559127
VR	0.5671691381020558
VSS	0.2997771142833564
VT	0.08893921730119896
VUV	0.4971401556272042
Va	0.07344516150509135
Vac	0.08995158488188759
Vacuum	0.09995158488188759
Vag	0.08995158488188759
Val	0.08893921730119896
Value	0.1406252499922213
Vb	0.051349081050361844
Vc	0.12577904733420342
Vcc	0.1374033155341651
Vd	0.10269816210072369
Vdc	0.16422837374383503
Vdcb	0.17422837374383504
Vdcw	0.17422837374383504
Vdd	0.19887413575110632
Ve	0.04240358376564003
Velcro	0.10386714349118253
Veneer	0.07344516150509135
Vent	0.08480716753128006
Vg	0.08893921730119896
Vibration	1.9303721233302555
Vibrio	1.9303721233302555
Violet	0.10386714349118253
Vl	0.051349081050361844
Vm	0.051349081050361844
Vmax	0.2535700778136021
Vmin	0.16961433506256013
Vo	0.07261856683681703
VoIP	1.6757971963886293
Voff	0.11269816210072368
Vol	0.10386714349118253
Vpp	0.15580071523677383
Vq	0.04240358376564003
Vr	0.08893921730119896
Vref	0.19213066841614024
Vrr	0.09893921730119895
Vss	0.1540472431510855
Vth	0.2593001488242421
Vtps	0.2153963242014474
Vu	0.051349081050361844
Vulcanizing	0.1406367771170335
Vａ	0.11993544650918345
Vｂ	0.11993544650918345
WA	0.051349081050361844
WB	0.051349081050361844
WC	0.1778784346023979
WCF	0.29990414166204243
WD	0.1358568985109568
WDD	0.14585689851095682
WEB	0.4265375019918499
WI	0.11482003581075538
WIPO	1.595030395104833
WJl	0.06996772325459172
WL	0.12577904733420342
WM	0.10269816210072369
WN	0.07261856683681703
WO	0.1358568985109568
WPP	0.08261856683681702
WR	0.05996772325459172
WS	0.14523713367363406
WSC	0.2519211875025909
WTIf	0.05996772325459172
WWW	0.1406252499922213
Wa	0.10386714349118253
Wb	0.07344516150509135
Wc	0.05996772325459172
Wcg	0.07344516150509135
Wcl	0.07344516150509135
We	0.13409190565316204
Web	0.5223996180206981
Weg	0.14409190565316204
Wel	0.14409190565316204
Wf	0.04240358376564003
Wi	0.37382695276020617
Wide	0.3838269527602062
Width	0.3838269527602062
Wk	0.04240358376564003
Wnt	0.23531105077970568
World	0.12993544650918346
Wr	0.07344516150509135
Write	0.2343786746835586
Wt	0.07261856683681703
XA	0.11482003581075538
XB	0.08480716753128006
XCm	0.12482003581075538
XE	0.051349081050361844
XI	0.12577904733420342
XIAP	1.103237711909417
XIII	0.9410204611820148
XJ	0.07261856683681703
XML	0.746771717714033
XVIII	0.8258675767341089
XXII	0.3004742673472681
XXIV	0.23666580998790251
XXV	0.05193357174559127
XY	0.1778784346023979
XYZ	0.4034061696903626
Xanthomonas	0.1406367771170335
XeCl	0.26219305911503665
Xf	0.07344516150509135
Xi	0.07261856683681703
Xnm	0.12482003581075538
Xo	0.08480716753128006
Xq	0.04240358376564003
Xs	0.05996772325459172
Xylulose	0.11993544650918345
YAG	0.19887413575110632
YCOB	0.3506112703471977
YES	0.1924937612503243
YGAQHDYFDHHDIVGWTREGDSSVA	0.2562615415944651
YI	0.07261856683681703
YNC	0.17238005187573474
YR	0.08480716753128006
YZ	0.4032941956822948
Yb	0.051349081050361844
Yersinia	0.2184754653477738
YfJ	0.09480716753128006
Yi	0.07344516150509135
Ymax	0.2535700778136021
Ynm	0.12482003581075538
Yor	0.11269816210072368
Yr	0.04240358376564003
Yt	0.07261856683681703
ZD	0.05996772325459172
ZDS	0.2153963242014474
ZG	0.08480716753128006
ZJ	0.051349081050361844
ZNF	0.2453110507797057
ZPT	0.05193357174559127
ZSM	0.4299803279751454
Zg	0.04240358376564003
Zl	0.05996772325459172
Zmomonas	0.11269816210072368
Zn	0.2949780129359624
ZnCl	0.5569089077171329
ZnDTP	0.3838269527602062
ZnO	0.38254203811054927
ZnS	0.2953411057701465
ZnSe	0.3049780129359624
ZnSeS	0.3149780129359624
ZnSn	0.3049780129359624
ZnTe	0.3049780129359624
Znl	0.3049780129359624
Znm	0.3049780129359624
Zof	0.11269816210072368
Zr	0.14028829835156081
ZrAdBe	0.15028829835156082
ZrAdBel	0.16028829835156083
ZrB	0.22418854797639065
ZrF	0.15028829835156082
ZrO	0.22418854797639065
[[	0.1358568985109568
\d	0.04240358376564003
\の	0.04240358376564003
^+	0.2613932455409794
^+_	0.27139324554097943
^-	0.08480716753128006
^-^	0.17990316976377518
^-_	0.1161269967375045
^-〔	0.12993544650918346
^±^	0.10386714349118253
^〜	0.04240358376564003
_+_	0.18724915584671722
_-_	0.20773428698236507
_/_	0.18724915584671722
_~_	0.1374033155341651
aA	0.04240358376564003
aAbBc	0.09481729578957762
aCTAB	0.994981571657825
aJ	0.04240358376564003
aKIR	0.2562615415944651
aM	0.051349081050361844
aR	0.04240358376564003
aTsu	0.12269816210072368
aa	0.07261856683681703
ab	0.16155778413801603
access	0.2949780129359624
acid	0.4015988976993357
acillus	0.16580071523677384
acofilcon	0.15523713367363406
addressing	0.2184754653477738
adeno	0.09893921730119895
adenovirus	0.12482003581075538
ae	0.051349081050361844
aerogenes	0.12721075129692008
aeruginosa	0.13409190565316204
aff	0.1221893373417793
agent	0.08119002593786737
ai	0.14523713367363406
ajor	0.11269816210072368
alE	0.05193357174559127
albicans	0.11993544650918345
aligning	0.12482003581075538
alk	0.10386714349118253
alkalophilus	0.16404724315108551
alofilcon	0.15063677711703352
alphafilcon	0.15063677711703352
alternating	0.26310731797601444
aluminiumacetatesolution	0.36223062078091095
aluminum	0.17616911686111725
am	0.07344516150509135
ame	0.08344516150509135
amifilcon	0.16404724315108551
aminyl	0.17616911686111725
an	0.10269816210072369
and	0.1406252499922213
annular	0.17541765743785853
anthracis	0.1948329364783868
apparel	0.07932984121119731
aqueoussodiumstearate	0.2343786746835586
arc	0.05193357174559127
arcsin	0.2184754653477738
arctan	0.25684633375212707
arylene	0.1121893373417793
asb	0.05193357174559127
asiatica	0.14585689851095682
associated	0.2343786746835586
astifilcon	0.16404724315108551
at	0.07261856683681703
atalafilcon	0.15063677711703352
atm	0.178241527436582
atom	0.1468903230101827
atoms	0.17738691759250141
aureus	0.10386714349118253
autolyticus	0.14585689851095682
av	0.08893921730119896
avCsa	0.2562615415944651
avg	0.08995158488188759
ax	0.14523713367363406
ay	0.04240358376564003
az	0.04240358376564003
a×b×c×d	0.07932984121119731
bB	0.051349081050361844
bH	0.04240358376564003
bR	0.05996772325459172
bTair	0.31047426734726813
back	0.08480716753128006
bake	0.05996772325459172
balafilcon	0.15063677711703352
band	0.14098834282640532
bar	0.08893921730119896
bas	0.2435900433794421
bearing	0.12482003581075538
bgval	0.09481729578957762
bias	0.05996772325459172
bid	0.11269816210072368
bisfilcon	0.16404724315108551
bisphosphate	0.5188430051876803
bit	0.1540472431510855
bl	0.17030563517359884
blown	0.18030563517359885
bm	0.10386714349118253
boken	0.16422837374383503
bonding	0.12482003581075538
book	0.11518312864493944
bottoms	0.14585689851095682
bpy	0.05193357174559127
br	1.9203721233302555
bufilcon	0.15063677711703352
bur	0.07344516150509135
burnetii	0.4110491436316932
butyoyl	0.07932984121119731
bx	0.11482003581075538
by	0.07261856683681703
cAMP	0.3172631799348077
cAl	0.510488932792804
cBN	0.1468903230101827
cD	0.04240358376564003
cDNA	1.052706103634838
cE	0.05996772325459172
cFiItE	0.38028348935007183
cIIL	0.3004742673472681
cIT	0.29512567098435427
cJ	0.04240358376564003
cMyc	0.05996772325459172
cN	0.36476942004032376
cP	0.09481729578957762
cPs	0.10481729578957762
cS	0.04240358376564003
cSt	0.1468903230101827
cWII	0.3004742673472681
cZg	0.05193357174559127
cal	0.1161269967375045
calcoaceticus	0.46856469873980455
campestris	0.16404724315108551
carbonated	0.2343786746835586
card	0.2598208478173674
carded	0.2698208478173674
cc	0.10269816210072369
cdc	0.05193357174559127
cds	0.07344516150509135
cereus	0.07344516150509135
chMOs	0.14585689851095682
channel	0.20893948668227566
chip	0.41546857396473014
cholerae	0.11993544650918345
cinereus	0.11993544650918345
cinnabarinus	0.17155778413801603
circulans	0.12721075129692008
clear	1.4269924264207325
client	0.3414740011501518
cm	0.32067490837910695
cmCu	0.4303103429086824
cmHg	0.33067490837910696
cmHgsec	0.5161858433956596
cn	0.217855700510451
cnoporus	0.227855700510451
co	0.14523713367363406
coagulans	0.2815580535190928
coextructed	0.2343786746835586
coli	0.15523713367363406
collection	0.38081307592105884
comfilcon	0.15523713367363406
commit	0.5486212493787959
common	0.5486212493787959
compton	0.15523713367363406
conduction	0.232253993475009
conductor	0.15523713367363406
configured	0.232253993475009
construction	0.15523713367363406
contact	0.15865968242239462
control	0.3609215892288315
cord	0.15523713367363406
core	0.18550483750921998
corrected	0.2343786746835586
cos	0.2480353185564285
cp	0.10269816210072369
cps	0.5534096211363959
crofilcon	0.15063677711703352
cruzi	0.1161269967375045
cy	0.05996772325459172
cyclofilcon	0.15063677711703352
dA	0.07344516150509135
dAbs	0.08344516150509135
dB	0.14523713367363406
dL	0.11993544650918345
dR	0.07261856683681703
dSiO	0.5509961384737844
dT	0.08480716753128006
dTex	0.15865968242239462
dTr	0.08995158488188759
dW	0.11993544650918345
daN	0.10386714349118253
damage	0.08344516150509135
darfilcon	0.15063677711703352
day	0.22033548451527404
dd	0.07261856683681703
de	0.051349081050361844
decade	0.1468903230101827
decimal	0.07932984121119731
deg	0.05193357174559127
degradable	0.17422837374383504
degree	0.16037785980590516
delta	0.17721687258571875
deltafilcon	0.18721687258571876
density	0.14585689851095682
des	0.08995158488188759
di	0.10269816210072369
die	0.17616911686111725
diffraction	0.16404724315108551
diketonate	0.2343786746835586
dimefilcon	0.15063677711703352
dimericalkylketene	0.2343786746835586
diphosphino	0.16404724315108551
diphtheria	0.13409190565316204
diphtheriae	0.1406367771170335
discs	0.16404724315108551
distribution	0.16404724315108551
dj	0.22382545514220661
dk	0.051349081050361844
dl	0.12577904733420342
dm	0.07261856683681703
dmllr	0.35826641201379866
dmm	0.15523713367363406
dmrllr	0.17990316976377518
dn	0.12721075129692008
dooz	0.242253993475009
dot	0.05193357174559127
downlink	0.22208077778322824
dpf	0.05193357174559127
dr	0.051349081050361844
drlllss	0.15865968242239462
drooxifilcon	0.16404724315108551
drx	0.2379895236335919
dt	0.07261856683681703
dtex	0.2343786746835586
duty	0.20773428698236507
dw	0.07261856683681703
dyn	0.05193357174559127
dyne	0.13409190565316204
eFWI	0.12482003581075538
eH	0.05996772325459172
eK	0.04240358376564003
eS	0.04240358376564003
ei	0.051349081050361844
ein	0.11269816210072368
el	0.04240358376564003
elastomers	0.14585689851095682
elec	0.08480716753128006
electron	0.11269816210072368
element	0.1374033155341651
ell	0.08344516150509135
elongation	0.12482003581075538
emu	0.1468903230101827
en	0.05996772325459172
encoded	0.15523713367363406
end	0.06996772325459172
engage	0.12721075129692008
engine	0.12482003581075538
eo	0.07261856683681703
eout	0.16404724315108551
epcm	0.33067490837910696
epidermidis	0.19889043756735092
epsifilcon	0.5241161305356395
eq	0.16422837374383503
ert	0.08261856683681702
established	0.22621670106726474
esterifilcon	0.2343786746835586
et	0.04240358376564003
eta	0.35223062078091094
etafilcon	0.36223062078091095
etakh	0.36223062078091095
etalab	0.36223062078091095
ethanolicus	0.12482003581075538
ets	0.07344516150509135
evaluate	0.2343786746835586
evolved	0.3391576382776599
ex	0.08893921730119896
exp	0.14028829835156081
expi	0.15028829835156082
external	0.2343786746835586
fD	0.04240358376564003
fE	0.04240358376564003
fEj	0.05193357174559127
fJ	0.08480716753128006
fM	0.051349081050361844
fN	0.05996772325459172
fO	0.05996772325459172
fT	0.05996772325459172
fW	0.05996772325459172
fY	0.04240358376564003
fa	0.10269816210072369
faecalis	0.34578464533507897
fb	0.051349081050361844
fbl	0.18030563517359885
fc	0.1540472431510855
fd	0.051349081050361844
ferrite	0.2343786746835586
ff	0.1121893373417793
ffL	0.1221893373417793
ffl	0.1221893373417793
fgval	0.09481729578957762
fi	0.1406367771170335
fiPt	0.227855700510451
fiber	0.14991930813647933
fiberboard	0.15063677711703352
field	0.17738691759250141
fiff	0.16404724315108551
fifi	0.16404724315108551
fii	0.4110491436316932
fiij	0.4210491436316932
fill	0.16580071523677384
film	0.15063677711703352
finnii	0.4110491436316932
firmus	0.15063677711703352
fj	0.04240358376564003
fjil	0.08480716753128006
fjt	0.05193357174559127
fl	0.051349081050361844
flX	0.06996772325459172
fli	0.10481729578957762
fnHz	0.2781838113063241
focofilcon	0.15523713367363406
fod	0.05193357174559127
follicle	0.11993544650918345
for	0.12396764788717886
former	0.1468903230101827
fpJ	0.05193357174559127
fr	0.08893921730119896
front	0.11269816210072368
fs	0.07261856683681703
ft	0.31731936484478923
ftHK	0.32731936484478924
fte	0.32731936484478924
function	0.22964007162151076
fw	0.21201791882820015
fzc	0.07344516150509135
gZc	0.07344516150509135
gZcm	0.33067490837910696
gZm	0.05193357174559127
gb	0.051349081050361844
gc	0.05996772325459172
gear	0.08480716753128006
genes	0.08261856683681702
genfilcon	0.15063677711703352
gf	0.051349081050361844
gg	0.04240358376564003
gi	0.051349081050361844
gii	0.4110491436316932
giiK	0.4210491436316932
glJl	0.09480716753128006
glass	0.09481729578957762
glucase	0.1121893373417793
gonadotropin	0.1468903230101827
govafilcon	0.15063677711703352
gp	0.051349081050361844
gpd	0.08995158488188759
gr	0.051349081050361844
grant	0.2435700778136021
gsm	0.1706687280077829
gt	0.08480716753128006
hB	0.04240358376564003
hRIE	0.227855700510451
ha	0.05996772325459172
halophilus	0.16404724315108551
hdlg	0.13577904733420343
he	0.051349081050361844
header	0.19185028191030823
heavy	0.09893921730119895
hefilcon	0.1468903230101827
hi	0.1540472431510855
hiTRAN	0.16404724315108551
hilafilcon	0.16422837374383503
hioxifilcon	0.16404724315108551
hixoifilcon	0.16404724315108551
hll	0.08344516150509135
hole	0.11423860471746353
hormone	0.2748066310683302
hr	0.18483293647838678
hrs	0.1948329364783868
hydrofilcon	0.15063677711703352
h×	0.08480716753128006
iB	0.05996772325459172
iC	0.04240358376564003
iFt	0.05193357174559127
iJ	0.1121893373417793
iJf	0.1221893373417793
iKIR	0.2562615415944651
iPS	0.6873669751552937
iPr	0.13577904733420343
iQi	0.05193357174559127
iV	0.05996772325459172
ia	0.04240358376564003
iar	0.07344516150509135
id	0.10269816210072369
ie	0.16616911686111724
if	0.1540472431510855
iff	0.16404724315108551
iffi	0.17404724315108552
iffl	0.17404724315108552
ii	0.4010491436316932
iiJ	0.4110491436316932
iia	0.4110491436316932
iii	0.4014122364658772
iij	0.4110491436316932
iil	0.4110491436316932
iit	0.4110491436316932
ij	0.13409190565316204
ijJ	0.14409190565316204
ijj	0.14409190565316204
il	0.04240358376564003
ilJ	0.10386714349118253
ilc	0.05193357174559127
ill	0.15580071523677383
illlllll	0.16580071523677384
imidazolylidene	0.1161269967375045
in	0.10269816210072369
inch	0.11993544650918345
indication	0.11269816210072368
influence	0.11269816210072368
ink	0.21208077778322823
intCap	0.23382545514220662
interferingly	0.2343786746835586
interleaved	0.2343786746835586
intracapsular	0.2153963242014474
intracavitary	0.12482003581075538
intracelial	0.11269816210072368
intravesical	0.14585689851095682
inv	0.11269816210072368
invertedly	0.2343786746835586
inverticrten	0.2343786746835586
io	0.051349081050361844
ipa	0.05193357174559127
ir	0.05996772325459172
is	0.1540472431510855
ischaemia	0.16404724315108551
iso	0.21821879334463506
it	0.10269816210072369
itI	0.11269816210072368
ite	0.2343786746835586
iv	0.10269816210072369
ix	0.051349081050361844
iy	0.04240358376564003
izv	0.05193357174559127
jF	0.04240358376564003
jJ	0.04240358376564003
jL	0.05996772325459172
japonica	0.2398708930183669
jdj	0.23382545514220662
jet	0.07344516150509135
jfi	0.15063677711703352
jiij	0.4210491436316932
jlJ	0.09480716753128006
jli	0.10481729578957762
jlill	0.16580071523677384
jlllll	0.10386714349118253
joint	0.11269816210072368
jp	0.051349081050361844
jt	0.04240358376564003
kA	0.04240358376564003
kD	0.04240358376564003
kHz	0.32432505160089714
kJ	0.07344516150509135
kM	0.04240358376564003
kN	0.1121893373417793
kPa	0.464507986950018
kV	0.08480716753128006
kV×	0.09480716753128006
kW	0.13409190565316204
kb	0.16238005187573473
kc	0.10386714349118253
kcal	0.1261269967375045
kd	0.10386714349118253
kg	0.16616911686111724
kgf	0.26219305911503665
kiJJ	0.20887413575110633
kinase	0.21208077778322823
kit	0.10386714349118253
kl	0.08480716753128006
km	0.1358568985109568
kol	0.1468903230101827
krit	0.10386714349118253
lA	0.09481729578957762
lAtl	0.10481729578957762
lB	0.04240358376564003
lE	0.04240358376564003
lGPa	0.4524334021345295
lH	0.04240358376564003
lI	0.07344516150509135
lII	0.3004742673472681
lIN	0.08344516150509135
lIs	0.08344516150509135
lIt	0.16404724315108551
lJ	0.08480716753128006
lNI	0.20213066841614025
lO	0.10386714349118253
lOZs	0.11993544650918345
lX	0.05996772325459172
la	0.07261856683681703
lam	0.1374033155341651
lb	0.10269816210072369
ld	0.11993544650918345
le	0.05996772325459172
lea	0.07344516150509135
len	0.06996772325459172
lenefilcon	0.15063677711703352
lentivirus	0.12482003581075538
li	0.09481729578957762
liI	0.10481729578957762
liJ	0.1221893373417793
licryfilcon	0.17422837374383504
lid	0.10481729578957762
lidium	0.11481729578957761
lidofilcon	0.15063677711703352
light	0.10481729578957762
lim	0.1540472431510855
lit	0.10481729578957762
ll	0.07344516150509135
llI	0.08995158488188759
lla	0.08995158488188759
llb	0.11269816210072368
llfm	0.08480716753128006
llill	0.16580071523677384
lll	0.08995158488188759
llllllII	0.31047426734726813
local	0.1261269967375045
locked	0.12721075129692008
log	0.22847720943492705
logP	0.23847720943492706
longibrachiatum	1.9303721233302555
looOPPM	0.34671844226714865
loop	0.10386714349118253
lotrafilcon	0.17224417150312876
lotraifilcon	0.15523713367363406
loxP	0.08480716753128006
lp	0.07344516150509135
ls	0.051349081050361844
lt	0.07344516150509135
ltd	0.08344516150509135
ltu	0.08344516150509135
luft	0.32731936484478924
lug	0.11269816210072368
luteus	0.2343786746835586
lutheri	0.12482003581075538
l×h	0.08344516150509135
mA	0.051349081050361844
mAb	0.18550483750921998
mB	0.04240358376564003
mC	0.051349081050361844
mEq	0.05193357174559127
mI	0.04240358376564003
mJ	0.09481729578957762
mK	0.11482003581075538
mL	0.1851417446750359
mM	0.07261856683681703
mN	0.2844518873687329
mP	0.05996772325459172
mPa	0.4424334021345295
mPas	0.4524334021345295
mRNA	0.533998396641378
mS	0.19889043756735092
mUn	0.08995158488188759
mV	0.16961433506256013
mW	0.1121893373417793
mX	0.04240358376564003
mY	0.04240358376564003
mZ	0.05996772325459172
mZh	0.07344516150509135
macerans	0.11269816210072368
macrorhizus	0.16404724315108551
mafilcon	0.15063677711703352
magnetic	0.2243786746835586
magnetically	0.2343786746835586
magnetostrictive	0.14585689851095682
mail	0.217855700510451
main	0.21208077778322823
mallei	0.10386714349118253
marcescens	0.13409190565316204
mass	0.23427637375690374
maths	0.7221070112450084
max	0.2435700778136021
mbar	0.11993544650918345
mc	0.07261856683681703
mcd	0.07344516150509135
measured	0.1468903230101827
meca	0.10386714349118253
megaterium	0.2343786746835586
membrane	1.9303721233302555
meq	0.17422837374383504
mesifilcon	0.16404724315108551
mess	0.08480716753128006
metal	0.36223062078091095
metalRes	0.37223062078091096
methafilcon	0.15063677711703352
mf	0.04240358376564003
mg	0.1540472431510855
mgCaCO	0.3606112703471977
mgKOH	0.3227073590125715
mi	0.11482003581075538
mibas	0.2535900433794421
mic	0.11518312864493944
micro	0.204132438770726
midash	0.22621670106726474
mil	0.12482003581075538
min	0.16616911686111724
minMetalCap	0.37223062078091096
minRi	0.17616911686111725
minWireWidth	0.3938269527602062
mipafilcon	0.15063677711703352
mirrow	0.12482003581075538
mizwmn	0.17990316976377518
ml	0.34826641201379865
mlCSF	0.7401706573282493
mlt	0.35826641201379866
mm	0.14523713367363406
mmAq	0.15523713367363406
mmH	0.15523713367363406
mmHg	0.2243786746835586
mmY	0.15523713367363406
mmol	0.32915763827765987
mmoniumzirconiumcarbonate	0.2343786746835586
mm×	0.18724915584671722
mn	0.04240358376564003
mo	0.051349081050361844
mobile	0.08930231013538305
mod	0.08893921730119896
modG	0.09893921730119895
model	0.09481729578957762
modified	0.17616911686111725
moiety	0.17616911686111725
mol	0.17531672893754074
mola	0.18531672893754075
mot	0.2435900433794421
mpm	0.1374033155341651
mr	0.051349081050361844
ms	0.08893921730119896
msec	0.5161858433956596
mso	0.12993544650918346
mt	0.07261856683681703
multi	0.09481729578957762
mv	0.31234426617838734
myc	0.05193357174559127
mz	0.04240358376564003
m×	0.07344516150509135
nA	0.051349081050361844
nB	0.04240358376564003
nBu	0.05193357174559127
nC	0.05996772325459172
nCOOR	0.3706112703471977
nH	0.09481729578957762
nIJ	0.21773428698236508
nPr	0.13577904733420343
nSO	0.09893921730119895
nT	0.1468903230101827
nTP	0.3838269527602062
nX	0.08480716753128006
nY	0.04240358376564003
nZ	0.04240358376564003
na	0.051349081050361844
nc	0.08893921730119896
nd	0.051349081050361844
ne	0.07261856683681703
necked	0.07344516150509135
nelfilcon	0.15063677711703352
nes	0.08261856683681702
netrafilcon	0.15063677711703352
nf	0.04240358376564003
nfJ	0.09480716753128006
ng	0.11482003581075538
nh	0.05996772325459172
ni	0.04240358376564003
niJ	0.1221893373417793
nitlase	0.1121893373417793
nl	0.04240358376564003
nll	0.08344516150509135
nlow	0.08480716753128006
nm	0.11482003581075538
nn	0.07344516150509135
no	0.08893921730119896
non	0.11269816210072368
none	1.27634082754165
np	0.05996772325459172
npn	0.10386714349118253
nr	0.05996772325459172
nsec	0.5161858433956596
nt	0.05996772325459172
num	0.06288952366710171
nus	0.05193357174559127
n×N	0.08344516150509135
n×m	0.08344516150509135
oJ	0.05996772325459172
oK	0.05996772325459172
oKHz	0.2781838113063241
oKf	0.06996772325459172
oS	0.09481729578957762
obscuration	0.11269816210072368
oc	0.05996772325459172
ocufilcon	0.20113785847974305
oeff	0.16961433506256013
of	0.10269816210072369
ofilcon	0.15063677711703352
ohbensis	0.16404724315108551
ohm	0.05193357174559127
oil	0.05193357174559127
olyporus	0.11269816210072368
omafilcon	0.16063677711703353
omf	0.07344516150509135
omni	0.05996772325459172
on	0.10269816210072369
ophthora	0.12482003581075538
opt	0.16422837374383503
or	0.10269816210072369
orie	0.17616911686111725
orrr	0.11269816210072368
ot	0.04240358376564003
out	0.1540472431510855
owf	0.06288952366710171
ox	0.07344516150509135
oxide	0.12482003581075538
oxyfilcon	0.17422837374383504
oz	0.232253993475009
pEL	0.13396764788717885
pH	0.6392909035259908
pKa	0.0729816596710011
pKb	0.06288952366710171
packet	0.07344516150509135
passivating	0.19889043756735092
pavlova	0.1121893373417793
pc	0.14028829835156081
pdi	0.1468903230101827
ped	0.22033548451527404
pel	0.05193357174559127
pentafilcon	0.15063677711703352
perfilcon	0.15063677711703352
perfringens	0.1406367771170335
permeable	0.17155778413801603
perpendicular	0.18724915584671722
pestis	0.16404724315108551
pevafilcon	0.15063677711703352
pf	0.04240358376564003
pg	0.07261856683681703
phase	0.1403883211336316
phemfilcon	0.15063677711703352
phosphate	0.5088430051876803
phosphor	0.11993544650918345
phr	0.30724315386824597
physical	0.26818381130632407
pinsitus	0.16865968242239462
pipe	0.05996772325459172
pl	0.051349081050361844
plane	0.36722580752545675
pm	0.07261856683681703
pn	0.10269816210072369
pneumonia	0.11269816210072368
pneumoniae	0.13409190565316204
pnp	0.17224417150312876
polyethylene	0.12482003581075538
polymacon	0.15523713367363406
positive	0.14585689851095682
potassium	0.14585689851095682
ppb	0.07344516150509135
ppcm	0.33067490837910696
ppm	0.1089278502552255
ppmw	0.1189278502552255
printing	0.12482003581075538
pro	0.10269816210072369
process	0.30852188977425105
protein	0.37500244104966113
prowazekii	0.4110491436316932
ps	0.20539632420144738
pseudomallei	0.2153963242014474
psi	0.5141161305356395
psia	0.5241161305356395
psig	0.5241161305356395
psittci	0.5241161305356395
psj	0.2153963242014474
ptc	0.10386714349118253
pub	0.05193357174559127
purified	0.17616911686111725
pv	0.11482003581075538
pvc	0.1627431447099188
pylori	0.10386714349118253
pyrophosphate	0.5188430051876803
qJ	0.05996772325459172
qO	0.04240358376564003
qR	0.04240358376564003
qb	0.11482003581075538
qc	0.04240358376564003
qd	0.051349081050361844
quat	0.08261856683681702
qx	0.04240358376564003
rF	0.05996772325459172
rHDL	0.32234426617838735
rI	0.04240358376564003
rIrIPL	0.25347974946650204
rL	0.05996772325459172
rM	0.07344516150509135
rN	0.04240358376564003
rNIJ	0.21773428698236508
rRk	0.05193357174559127
rad	0.16422837374383503
radio	0.21382915570816735
random	0.1468903230101827
range	0.12482003581075538
ratiometric	0.09944521878367546
rayls	0.1161269967375045
rc	0.04240358376564003
re	0.05996772325459172
reQuest	0.2748066310683302
reactor	0.14585689851095682
recirculation	0.10810835053363237
reduction	0.11269816210072368
ref	0.1089278502552255
refined	0.15063677711703352
release	0.07932984121119731
reperfusion	0.14585689851095682
request	0.19431763234344604
resolution	0.12993544650918346
retrovirus	0.12482003581075538
rfu	0.05193357174559127
riij	0.4210491436316932
rinus	0.11269816210072368
rl	0.04240358376564003
rlJ	0.09480716753128006
rlf	0.05193357174559127
rlj	0.05193357174559127
rllJ	0.09480716753128006
rn	0.10269816210072369
rod	0.08995158488188759
roofing	0.15063677711703352
rotundifolia	0.16404724315108551
routing	0.16404724315108551
rp	0.05996772325459172
rpm	0.3028221585760398
rrvn	0.05996772325459172
rt	0.07261856683681703
rus	0.05193357174559127
ry	0.05996772325459172
r×	0.07344516150509135
sBu	0.05193357174559127
sH	0.07344516150509135
sIL	0.28801489103826444
sack	0.05996772325459172
sacking	0.12482003581075538
scFv	0.2812504999844426
scattering	0.2343786746835586
scc	0.11269816210072368
scope	0.15523713367363406
screen	0.07344516150509135
sdABs	0.4057341351128489
sec	0.5061858433956596
serial	0.08893921730119896
server	0.23531105077970568
service	0.23925170503243612
set	0.08893921730119896
sh	0.21621670106726473
shRNA	0.533998396641378
shared	0.22621670106726474
shift	0.32731936484478924
si	0.1358568985109568
siRNA	0.533998396641378
siemens	0.17616911686111725
sii	0.4110491436316932
silafilcon	0.14585689851095682
silica	0.14585689851095682
silicate	0.2343786746835586
siloxyfilcon	0.18422837374383505
sin	0.20847546534777378
sinA	0.3148107111696926
sinB	0.3148107111696926
single	0.6569134949753401
sit	0.14585689851095682
situ	0.15865968242239462
size	0.1362199913451409
sl	0.12577904733420342
slickline	0.12721075129692008
slpm	0.13577904733420343
sn	0.051349081050361844
so	0.11993544650918345
solani	0.12993544650918346
sole	0.12993544650918346
solid	0.12993544650918346
solidity	0.13993544650918346
soll	0.25442150259384017
source	0.12993544650918346
sp	0.10269816210072369
split	0.11269816210072368
spurious	0.1468903230101827
sq	0.13409190565316204
src	0.05193357174559127
sre	0.06996772325459172
ssi	0.14585689851095682
st	0.10269816210072369
starr	0.11269816210072368
state	0.2343786746835586
static	0.11269816210072368
stch	0.11269816210072368
stearothermophilus	0.2343786746835586
stimulating	0.4468050478627493
stop	0.21761912641179681
stream	0.11269816210072368
string	0.23531105077970568
style	0.5996772325459173
sub	8.094809711476392
substitution	8.104809711476392
subtilis	8.104809711476392
sulfonic	0.11993544650918345
sup	0.2600571694843895
support	0.2700571694843895
supurious	0.2700571694843895
surged	0.07344516150509135
system	0.2343786746835586
tA	0.04240358376564003
tBu	0.07344516150509135
tIIIl	0.41529430315802346
tRNase	0.21887413575110634
tS	0.07344516150509135
tSi	0.5509961384737844
tUt	0.05193357174559127
ta	0.051349081050361844
taG	0.05193357174559127
taK	0.07344516150509135
table	0.2625561519492208
tall	0.16238005187573473
tan	0.11269816210072368
tangent	0.12269816210072368
tape	0.05996772325459172
tat	0.07344516150509135
tc	0.051349081050361844
te	0.2243786746835586
tec	0.2343786746835586
tee	0.2343786746835586
tefilcon	0.2343786746835586
terephthalate	0.2343786746835586
tert	0.2343786746835586
tetanus	0.36223062078091095
tetrafilcon	0.2343786746835586
tex	0.2343786746835586
th	0.11482003581075538
thIl	0.12482003581075538
the	0.12396764788717886
thermoamylolyticum	0.12721075129692008
thermophila	0.16404724315108551
thermophilum	0.16404724315108551
thermosaccharolyticum	0.1374033155341651
thoria	0.12482003581075538
thrmosulfurigenes	0.1948329364783868
thyroglobulin	0.15288829553044753
ti	0.07261856683681703
tiJ	0.1221893373417793
tiff	0.17404724315108552
till	0.16580071523677384
time	0.14524722649822167
tit	0.11269816210072368
tj	0.2435900433794421
tk	0.09481729578957762
tl	0.05996772325459172
tlE	0.06996772325459172
tlJ	0.09480716753128006
tlf	0.07344516150509135
tlow	0.08480716753128006
tn	0.10269816210072369
to	0.1358568985109568
tob	0.14585689851095682
toow	0.14585689851095682
top	0.1362199913451409
torus	0.1706687280077829
tot	0.14585689851095682
toxoid	0.1468903230101827
tpm	0.08261856683681702
tptt	0.05996772325459172
tr	0.051349081050361844
trFE	0.06996772325459172
trench	0.10386714349118253
tri	0.07344516150509135
trifilcon	0.16404724315108551
triton	0.14585689851095682
trm	0.05193357174559127
ts	0.051349081050361844
tsm	0.10386714349118253
tt	0.051349081050361844
ttWI	0.12482003581075538
tte	0.2343786746835586
ttf	0.05193357174559127
ttll	0.08344516150509135
ttqII	0.3004742673472681
tube	0.08930231013538305
tuberculin	0.13409190565316204
tubular	0.1121893373417793
tularensis	0.16404724315108551
turns	0.11269816210072368
tx	0.051349081050361844
ty	0.04240358376564003
t×	0.04240358376564003
uJ	0.04240358376564003
uS	0.08480716753128006
ua	0.04240358376564003
ue	0.04240358376564003
ug	0.10269816210072369
ulla	0.09995158488188759
unit	0.11269816210072368
uol	0.05193357174559127
upholstery	0.2343786746835586
uplink	0.22208077778322824
upper	0.24305077109018036
ur	0.04240358376564003
us	0.04240358376564003
user	0.17531672893754074
vC	0.05996772325459172
vNe	0.12482003581075538
vaccinia	0.11269816210072368
var	0.07344516150509135
variola	0.1121893373417793
vc	0.16238005187573473
vi	0.11482003581075538
via	0.12482003581075538
vifilcon	0.16404724315108551
vii	0.4110491436316932
viii	0.4210491436316932
villosa	0.16580071523677384
virgin	0.12482003581075538
virus	0.11518312864493944
vitro	0.5236456313346572
vivo	0.19213066841614024
vol	0.32915763827765987
vor	0.19431763234344604
vr	0.08480716753128006
vst	0.232253993475009
vt	0.04240358376564003
water	0.2343786746835586
wd	0.04240358376564003
well	0.09344516150509134
wi	0.11482003581075538
width	0.12482003581075538
wipe	0.12482003581075538
with	0.22974100012182852
wound	0.06704595282658102
wr	0.05996772325459172
wrap	0.06996772325459172
wt	0.20539632420144738
xAx	0.07344516150509135
xBaTiO	0.42716190649590424
xH	0.05996772325459172
xNa	0.20887413575110633
xS	0.04240358376564003
xSi	0.5509961384737844
xi	0.11482003581075538
xii	0.4110491436316932
xiii	0.4210491436316932
xl	0.04240358376564003
xs	0.04240358376564003
xsoo	0.12993544650918346
xy	0.10269816210072369
xylofilcon	0.16063677711703353
yG	0.04240358376564003
yO	0.09481729578957762
yTM	0.2562615415944651
yf	0.16422837374383503
yt	0.04240358376564003
zA	0.04240358376564003
zH	0.08480716753128006
zM	0.051349081050361844
zO	0.05996772325459172
zX	0.04240358376564003
ze	0.04240358376564003
zw	0.10269816210072369
|-|	0.05193357174559127
~-	0.07344516150509135
~^^^	0.08480716753128006
°-	0.09481729578957762
°〜-	0.20431763234344605
´-	0.08480716753128006
··	0.37382695276020617
···	0.37419004559439023
····	0.7477658795284801
······	1.1215928322886863
················	2.9907275960897173
··················	3.000727596089717
·························	3.010727596089717
¾^	0.04240358376564003
×A	0.05996772325459172
×AXr	0.08480716753128006
×AXt	0.08480716753128006
×B	0.08480716753128006
×C	0.07344516150509135
×Cos	0.34067490837910697
×Cr	0.33879454544347576
×D	0.05996772325459172
×Fref	0.17961433506256014
×Fs	0.12721075129692008
×G	0.09481729578957762
×H	0.09481729578957762
×I	0.04240358376564003
×L	0.07344516150509135
×Lr×H	0.21201791882820015
×Lt×H	0.21201791882820015
×M	0.08480716753128006
×MWf	0.09480716753128006
×MWp	0.09480716753128006
×Mn	0.36944356735253303
×Mo	0.18712812838456525
×N	0.07344516150509135
×Q	0.04240358376564003
×R	0.04240358376564003
×S	0.08480716753128006
×Sc	0.09480716753128006
×Si	0.5509961384737844
×T	0.05996772325459172
×U	0.08480716753128006
×Us	0.09480716753128006
×V	0.17990316976377518
×Z	0.04240358376564003
×cos	0.2580353185564285
×f	0.04240358376564003
×g×sin	0.2184754653477738
×h	0.07344516150509135
×he	0.1468903230101827
×m	0.07344516150509135
×n	0.09481729578957762
×p	0.04240358376564003
×q	0.05996772325459172
×t	0.11993544650918345
×w	0.04240358376564003
×x	0.04240358376564003
×Ｆ	0.07344516150509135
×Ｋ	0.05996772325459172
×Ｌ	0.08480716753128006
×Ｌａ	0.1899031697637752
×Ｍ	0.05996772325459172
×Ｎｆｓ	0.05996772325459172
×Ｐ	0.05996772325459172
×Ｒｅｗ	0.09480716753128006
×Ｔ	0.05996772325459172
×Ｗ	0.05996772325459172
×ｄ	0.1121893373417793
×ｐ	0.05996772325459172
×ｒ	0.05996772325459172
×ｔ	0.05996772325459172
×ｕ×	0.05193357174559127
×ｘ	0.05996772325459172
÷A	0.04240358376564003
÷F	0.04240358376564003
÷R	0.04240358376564003
ΐί	0.04240358376564003
ΓΕ	0.04240358376564003
Δθ	0.05996772325459172
ΖΟ	0.04240358376564003
Ηΐί	0.05193357174559127
ΙΐΙΙ	0.05996772325459172
ΙΠ	0.08480716753128006
ΙίΠΕί	0.06704595282658102
ΝΗ	0.04240358376564003
ΠΙ	0.05996772325459172
Ρθ	0.04240358376564003
δφ	0.13409190565316204
θχ	0.04240358376564003
λθ	0.04240358376564003
μＦ	0.04240358376564003
μｇ	0.04240358376564003
μｍ	0.8894650769505491
ωμσ	0.05193357174559127
’’	0.051349081050361844
’’’	0.19431763234344604
’’’’	0.20431763234344605
‥‥‥‥‥‥‥‥‥‥‥‥‥‥‥‥‥‥■	0.18483293647838678
‥‥‥‥‥‥‥‥‥‥‥‥‥‥‥‥■	0.12362662855324508
……	1.4820237946433086
……………………………………	1.4920237946433086
………………………………………	1.5020237946433086
′′	0.10386714349118253
℃-	0.05996772325459172
℃〜-	0.20431763234344605
∞-∞	0.17990316976377518
≦-	0.09481729578957762
■-	0.04240358376564003
■_	0.04240358376564003
○-	0.04240358376564003
、、	0.32476010375146946
、、、	0.32512319658565353
。。	1.0709699968961472
々-	0.04240358376564003
〇-	0.05996772325459172
〈-	0.05996772325459172
〓〓〓	0.07344516150509135
〕-	0.04240358376564003
〕^+	0.27139324554097943
〕_	0.04240358376564003
〜-	0.19431763234344604
あい	0.12721075129692008
あいだ	0.15580071523677383
あう	0.07344516150509135
あおり	3.300583672112538
あき	0.20773428698236507
あくまで	2.83835400242593
あけ	0.666424629867402
あける	0.676424629867402
あご	0.04240358376564003
あずかり	0.05996772325459172
あたため	4.561230197899726
あたっ	0.1468903230101827
あたり	0.8422210012395364
あたる	0.45674947643487085
あちらこちら	0.07344516150509135
あっ	4.710998080797954
あつ	0.8145462448913512
あて	0.08480716753128006
あてつける	0.35448834300625753
あてる	0.12993544650918346
あて板	0.09480716753128006
あて止め	0.7170090301369303
あと	0.2398708930183669
あの	0.04240358376564003
あばら筋	0.11386714349118253
あふれ	0.10386714349118253
あふれる	7.630385307621593
あぶら	0.08995158488188759
あぶらとり	0.27139324554097943
あや	0.11993544650918345
あら	0.04240358376564003
あらかじめ	1.1476418511862791
あらゆる	0.24725325710649015
あらわさ	0.17990316976377518
あらわし	0.11993544650918345
あらわす	0.08480716753128006
あらわせる	4.981356809539207
あらわれる	7.630385307621593
あり	3.8503294649703377
ある	5.958452643981457
あるいは	6.968452643981457
あるこ	6.968452643981457
あれ	0.48533119930437635
あろう	0.3329360728346088
あわさ	0.07344516150509135
あわせ	0.15580071523677383
あン	0.04240358376564003
いい	0.05996772325459172
いう	0.6086059207163105
いかなる	5.190010407421949
いかに	0.05193357174559127
いかん	0.05193357174559127
いき	0.15288829553044753
いく	0.5951626596867626
いくら	0.6051626596867626
いこ	0.13409190565316204
いさ	0.04240358376564003
いし	0.04240358376564003
いじり	0.17990316976377518
いすか	0.05193357174559127
いず	0.08480716753128006
いずれ	7.033500730473809
いせ込み	0.32731936484478924
いたずら	0.08480716753128006
いたる	0.45674947643487085
いっ	0.1468903230101827
いっしょ	0.15689032301018271
いったん	0.15689032301018271
いっぽう	0.15689032301018271
いつ	0.1121893373417793
いづれ	0.36722580752545675
いて	0.05996772325459172
いで	0.08480716753128006
いは	0.04240522903187756
いら	0.05996772325459172
いる	6.539781977253623
いれ	0.16422837374383503
いれる	7.630385307621593
いろ	0.04240358376564003
いろいろ	0.05996772325459172
いわゆる	0.18963459157915524
いんろう	0.3329360728346088
い草	0.04240358376564003
うう	0.05996772325459172
うえ	0.18483293647838678
うがっ	0.05193357174559127
うけ	0.10386714349118253
うける	0.2535900433794421
うけ入れ	0.676424629867402
うす	0.04240358376564003
うず巻	0.07344516150509135
うず巻き	0.5851901951313284
うち	3.2346458736917705
うっ	0.05996772325459172
うっかり	0.06996772325459172
うつ伏せ	0.10481729578957762
うと	0.08480716753128006
うなる	5.190010407421949
うに	0.13409190565316204
うね	0.19889043756735092
うねり	0.20889043756735093
うめる	0.05193357174559127
うら	0.05996772325459172
うり	0.04240358376564003
うる	0.6444786766334394
うろ	0.05996772325459172
うろこ	0.06996772325459172
えと	0.04240358376564003
えびら	0.07344516150509135
えら	0.10386714349118253
えらば	0.11386714349118253
えらん	0.11386714349118253
える	0.19889043756735092
おい	6.07704161366437
おうよう	5.633073355900962
おおう	0.12721075129692008
おおっ	0.1161269967375045
おおむね	0.11993544650918345
おおよそ	0.2696678587279564
おおわ	0.05193357174559127
おか	0.13409190565316204
おから	9.052707156357947
おき	0.5996772325459173
おく	0.41111799780591846
おけ	3.987515418238307
おける	3.9975154182383066
おこし	0.05193357174559127
おこない	2.8806317994137647
おこなう	0.24725325710649015
おこなっ	1.9106079047464861
おこなわ	0.11993544650918345
おさ	0.21621670106726473
おさえる	0.22621670106726474
おさまっ	0.22621670106726474
おし	0.05996772325459172
おす	0.1406367771170335
おそれ	2.0249511961114766
おっ	0.04240358376564003
おなじく	0.05996772325459172
おねじ	1.3542671742442047
おのおの	0.15865968242239462
おむつ	0.27967084287315297
おもて側	0.05996772325459172
おもて面	0.08480716753128006
おもに	0.07344516150509135
おもり	0.3158995842786369
およそ	0.2596678587279564
および	6.191867073228186
おら	0.32014003689271686
おり	3.2905836721125383
おる	0.05996772325459172
おれ	0.04240358376564003
おろす	0.07344516150509135
かい	0.04240358376564003
かい離	0.05193357174559127
かう	0.07344516150509135
かえ	0.08480716753128006
かかっ	0.26481029574134085
かから	9.052707156357947
かかり	0.07344516150509135
かかる	0.5898519880265112
かかわら	0.4022757169594861
かかわり	0.1948329364783868
かかわる	0.06996772325459172
かがり	0.2844518873687329
かがり縫い	0.5789037747374658
かきとる	0.3986352646868921
かきまぜる	0.09481729578957762
かき上げ	0.3722963785085141
かき上げる	0.4055142989915278
かき取り	0.6126681599904457
かき回さ	0.5362146359520289
かき混ぜ	0.11993544650918345
かき落し	0.2383502869911047
かぎ	0.16961433506256013
かぎ型	0.17961433506256014
かぎ形	0.17961433506256014
かく	0.15865968242239462
かくし	0.16865968242239462
かく乱	0.16865968242239462
かく拌	0.16865968242239462
かけ	0.6637210705270433
かける	0.6737210705270433
かけ回さ	0.6737210705270433
かげる	0.05193357174559127
かご	0.6915815220934747
かご床	0.7015815220934747
かさ	0.26818381130632407
かさ高	0.2781838113063241
かざさ	0.17224417150312876
かざす	0.18724915584671722
かしめ	0.9224163485967074
かすめる	0.05996772325459172
かたち	0.07344516150509135
かたまり	0.11993544650918345
かっ	0.07344516150509135
かつ	3.082072625543445
かつて	3.092072625543445
かつら	3.092072625543445
かど	0.05996772325459172
かな	0.07344516150509135
かなきん	0.08480716753128006
かなり	1.95502608713121
かばね	1.3794453857547389
かぶさる	0.15689032301018271
かぶせ	0.17224417150312876
かぶせる	4.981356809539207
かぶり	0.08995158488188759
かま	0.22835028699110468
かまち	0.2383502869911047
かまぼこ	0.2383502869911047
かみ	0.08480716753128006
かみあい	0.1372107512969201
かみあう	0.09480716753128006
かみそり	0.17422837374383504
かみ合い	0.333886152456969
かみ合う	0.33570810713583626
かみ合っ	0.23033548451527405
かみ合わさ	0.38449831169343446
かみ合わせ	1.3062602862313335
かみ合わせる	4.981356809539207
から	9.042707156357947
からげ	9.052707156357947
からげる	9.062707156357947
からま	9.052707156357947
からまっ	9.062707156357947
からみ	9.052707156357947
からみ合わせる	9.062707156357947
からめ	9.052707156357947
かり	0.04240358376564003
かる	0.05996772325459172
かれ	0.08480716753128006
かれる	7.630385307621593
かわ	0.04240358376564003
かわら	0.05193357174559127
かわり	0.1948329364783868
かわる	0.06996772325459172
かん	0.04240358376564003
かんぬき	0.37449831169343445
かー	0.04240358376564003
か所	0.12721075129692008
がえ	0.04240358376564003
がけ	0.04240358376564003
がた	0.07344516150509135
がたつき	0.4506709690305481
がち	0.15865968242239462
がつ	0.08480716753128006
がめる	0.07344516150509135
がら	0.11993544650918345
がらり	0.12993544650918346
がり	0.1406367771170335
がる	0.08480716753128006
がれる	7.630385307621593
がわ	0.1468903230101827
がん	0.25442150259384017
がんぎ	0.2644215025938402
が行	0.04240358376564003
きき	0.05996772325459172
きく	0.04240358376564003
きざみ	0.05193357174559127
きし	0.08480716753128006
きせ	0.04240358376564003
きちんと	0.11993544650918345
きっかけ	0.6737210705270433
きっちり	0.21621670106726473
きに	0.1121893373417793
きのこ	0.1374033155341651
きび	0.04240358376564003
きめ	0.04240358376564003
きもの	2.4506937034929335
きりふき	0.05996772325459172
きる	0.05996772325459172
きれ	0.1121893373417793
きれい	0.1221893373417793
きれる	7.630385307621593
き特	0.04240358376564003
き用	0.04240358376564003
き線	0.18483293647838678
ぎざぎざ	0.13409190565316204
ぎせる	4.981356809539207
ぎめ	0.05996772325459172
くいこむ	0.14409190565316204
くくり	0.10386714349118253
くぐら	0.12721075129692008
くぐり抜け	0.2781838113063241
くけ	0.05996772325459172
くさ	0.04240358376564003
くさび	0.5219259366037505
くさび形	0.5319259366037505
くさり	0.07344516150509135
くし	0.10386714349118253
くすぶり	0.11993544650918345
くず	0.10386714349118253
くずれ	0.9610132227436873
くせ	0.232253993475009
くちばし	0.08480716753128006
くっつい	1.5575855828799823
くっつけ	0.35448834300625753
くつ	0.05996772325459172
くつ下	0.07344516150509135
くの	0.05996772325459172
くびれ	0.1161269967375045
くぼま	0.05193357174559127
くぼみ	0.35980633952755037
くぼん	0.07344516150509135
くも	0.04240358376564003
くり	0.04240358376564003
くりかえす	0.09480716753128006
くりぬき	0.05996772325459172
くり出し	1.1165629340039962
くり抜き	0.5099308795699475
くり貫い	0.1899031697637752
くり返し	0.22201791882820016
くり返す	0.23033548451527405
くる	0.45472777610292275
くるぶし	0.46472777610292276
くるみ	0.46472777610292276
くわえ	0.1468903230101827
くわえ込ま	0.3037806460203654
ぐち	0.05996772325459172
ぐらい	0.05193357174559127
ぐり	0.1121893373417793
ぐる	0.05996772325459172
ぐるま	0.07344516150509135
けい素	0.1161269967375045
けい酸	0.15580071523677383
けさ	0.04240358376564003
けた	0.08480716753128006
けば	0.05996772325459172
けら	0.21201791882820015
ける	0.2435900433794421
けれど	0.07344516150509135
けん	0.18963459157915524
けん引	0.19963459157915525
げた	0.04240358376564003
げら	0.04240358376564003
げる	0.04240358376564003
こう	0.15865968242239462
こえ	0.10386714349118253
こぎり	0.07344516150509135
ここ	0.9881035909661093
こし	0.04240358376564003
こする	17.467303608502274
こせ	0.04240358376564003
こそ	0.09481729578957762
こたつ	0.24609316254660824
こて先	0.05193357174559127
こと	10.146336753739911
こね	0.07344516150509135
こねる	0.08344516150509135
この	3.874072728830484
こはく	0.1221893373417793
こはぜ	0.12993544650918346
こぼれ落ち	0.30070432411640113
こま	0.11993544650918345
こまっ	0.12993544650918346
こみ	0.1468903230101827
こも	0.05996772325459172
こよっ	4.352590742032606
こより	7.266094513805599
こり	0.05996772325459172
これ	2.2397764009189234
ころ	0.40672088744937585
ころがり	0.41672088744937585
ころがる	0.41672088744937585
こわ	0.07344516150509135
こんにゃく	0.21201791882820015
こゝ	0.04240358376564003
ごたつ	0.24609316254660824
ごて	0.07344516150509135
ごと	1.1933426254041055
ごとき	3.204934874468509
ごとく	1.2033426254041055
ごみ	0.4261507427344633
ごみ袋	0.4361507427344633
ごり	0.10386714349118253
さい	0.1468903230101827
さいく	0.6051626596867626
さえ	0.08480716753128006
さえぎる	0.09480716753128006
さお	0.05996772325459172
さき	0.04240358376564003
さく	0.13409190565316204
さく岩	0.14409190565316204
さけ	0.07344516150509135
さける	0.2535900433794421
ささ	0.08480716753128006
ささら	0.17224417150312876
さざ波	0.07344516150509135
さし	0.04240358376564003
さす	0.08480716753128006
させ	0.4197740627821421
させる	4.981356809539207
さぞ	0.04240358376564003
さた	0.1121893373417793
さっ	0.07344516150509135
さつ	0.04240358376564003
さばき	0.05193357174559127
さへ	0.05996772325459172
さほど	0.8167832036262366
さまざま	0.16961433506256013
さも	0.07344516150509135
さや	0.11993544650918345
さや管	0.12993544650918346
さら	0.1468903230101827
さらさ	0.19431763234344604
さらし	0.24609316254660824
さらす	0.15689032301018271
さらなる	5.190010407421949
さらに	3.4973318100723656
さる	0.1468903230101827
ざつ	0.04240358376564003
ざぶ	0.04240358376564003
ざらざら	0.10386714349118253
ざらつい	1.5575855828799823
しい	0.04240358376564003
しか	0.15865968242239462
しかし	0.16865968242239462
しかつ	3.092072625543445
しかも	0.7025443366710524
しかる	0.35223062078091094
しき	0.04240358376564003
しきい	0.7614956421180048
しく	0.1406367771170335
しけ	0.04240358376564003
しこ	0.04240358376564003
しごき	0.18724915584671722
ししゅう	0.2243786746835586
しする	17.467303608502274
しそ	0.07344516150509135
した	0.04240358376564003
したがい	0.1468903230101827
したがっ	0.6026681599904457
しだ	0.04240358376564003
しだい	0.08995158488188759
しっかり	0.30577659106089505
しっくり	0.05996772325459172
しつ	0.04240358376564003
しつかり	0.05996772325459172
して	0.1468903230101827
しな	0.19431763234344604
しなやか	0.20431763234344605
しの	0.04240358376564003
しぼ	0.07344516150509135
しぼむ	0.08344516150509135
しまう	0.19431763234344604
しまっ	0.06996772325459172
しみ	0.11993544650918345
しみ込ま	0.3037806460203654
しみ込ん	0.20431763234344605
しめ	0.9124163485967074
しめし	0.9224163485967074
しめた	0.9224163485967074
しめら	0.9224163485967074
しめる	0.9224163485967074
しも	0.04240358376564003
しゃ	0.07344516150509135
しゃくる	0.46472777610292276
しゃっ	0.08344516150509135
しゃ断	0.08344516150509135
しや断	0.1161269967375045
しゅう	0.1161269967375045
しゆう動	0.05996772325459172
しょう	0.08995158488188759
しよう	5.633073355900962
しり	0.04240358376564003
しる	0.04240358376564003
しれ	0.04240358376564003
しろ	0.07344516150509135
しわ	0.22835028699110468
しわ取り	0.6126681599904457
し便	0.04240358376564003
し尿	0.05996772325459172
し方	0.04240358376564003
じと	0.04240358376564003
じめ	0.15288829553044753
じゃ	0.04240358376564003
じゃばら	0.11386714349118253
じゃま	0.08995158488188759
じゅう	0.07344516150509135
じら	0.05996772325459172
じり	0.16961433506256013
じる	0.05996772325459172
じれ	0.04240358376564003
じん	0.04240358376564003
すい	0.04240358376564003
すえ	0.05996772325459172
すき	0.04240358376564003
すきま	0.22637319101615158
すき間	0.1468903230101827
すぎる	0.08995158488188759
すくい	0.32014003689271686
すくいとり	0.33014003689271687
すくい取り	0.6126681599904457
すくい管	0.33014003689271687
すくう	0.05193357174559127
すくなく	1.0044521878367547
すぐ	0.23609316254660823
すぐれ	0.24609316254660824
すし	0.07344516150509135
すす	0.05996772325459172
すすぎ	0.6830794875020215
すすぎ水	0.6930794875020215
すすぎ洗い	0.6930794875020215
すすぐ	0.24609316254660824
すず	0.05996772325459172
すだれ	0.07344516150509135
すでに	0.19431763234344604
すなわち	0.5528750905483449
すばやく	0.08480716753128006
すべ	0.07344516150509135
すべて	0.8128889771625314
すべら	0.09480716753128006
すべり	0.5446838956385551
すべり止め	0.7170090301369303
すべり量	0.5546838956385551
すべり面	0.5546838956385551
すみ	0.04240358376564003
すみ肉	0.07344516150509135
すも	0.04240358376564003
すら	0.04240358376564003
すり	0.1121893373417793
すりこ	0.1221893373417793
すりつぶす	0.1221893373417793
すり抜け	0.2781838113063241
すり抜ける	0.2881838113063241
すり減っ	0.1221893373417793
すり潰し	0.1221893373417793
すり潰す	0.1221893373417793
すり込み	0.32731936484478924
すり鉢	0.1221893373417793
する	17.457303608502272
するう	17.467303608502274
するめ	17.467303608502274
するり	17.467303608502274
すれ	0.2435900433794421
すれ違い	0.2535900433794421
すれ違う	0.2535900433794421
ずき	0.07344516150509135
ずきん	0.1161269967375045
ずく	0.05996772325459172
ずつ	0.6569134949753401
ずべて	0.05193357174559127
ずら	0.05996772325459172
ずらさ	0.27967084287315297
ずらし	0.5446838956385551
ずらす	0.2379895236335919
ずらせ	0.20113785847974305
ずらせる	4.981356809539207
ずり	0.232253993475009
ずり落ち	0.30070432411640113
ずる	0.07344516150509135
ずれ	0.9510132227436873
ずれる	7.630385307621593
ずれ動き	0.9610132227436873
ずれ動く	0.9610132227436873
ずれ止め	0.9610132227436873
ずろ	0.04240358376564003
ずん胴	0.05193357174559127
せいぜい	0.18963459157915524
せき	0.08480716753128006
せき板	0.09480716753128006
せき止め	0.7170090301369303
せしめ	0.9224163485967074
せしめる	0.9324163485967074
せまい	0.05193357174559127
せよう	5.633073355900962
せら	0.04240358376564003
せりあげ	0.16961433506256013
せり上がり	0.21773428698236508
せり上がる	0.16580071523677384
せり上げ	0.3722963785085141
せり上げる	0.4055142989915278
せり出し	1.1165629340039962
せる	4.971356809539207
せんい	0.3028221585760398
せん断	0.41546857396473014
ぜる	0.07344516150509135
ぜんまい	0.08480716753128006
ぜん息	0.05193357174559127
そう	0.1748344547704601
そうこう	0.18483445477046012
そこ	0.43034937360878545
そして	1.4022064371309644
そっ	0.2243786746835586
そつ	0.09481729578957762
そなえ	0.2490646604957294
そなえる	0.2590646604957294
その	4.155983876138798
そば	0.09481729578957762
そむい	0.05193357174559127
そら	0.05996772325459172
そらし	0.24609316254660824
そらせ	0.06996772325459172
そり	0.16422837374383503
それ	2.0149511961114768
それぞれ	4.869585909134918
それる	7.630385307621593
そろう	0.3329360728346088
そわ	0.07344516150509135
た\んで	0.09480716753128006
たい	0.2875950975656642
たいし	0.2975950975656642
たがい	0.10386714349118253
たく	0.07344516150509135
たけ	0.05996772325459172
たこ	0.16422837374383503
たた	0.08480716753128006
たたき洗い	0.4276268667943385
たたま	0.09480716753128006
たたみ	0.12721075129692008
たためる	4.561230197899726
たたん	0.08995158488188759
ただ	0.10386714349118253
ただし	0.7720480478637578
ただちに	0.11386714349118253
たち	0.04240358376564003
たっ	0.04240358376564003
たって	0.34922867012512027
たつ	0.23609316254660823
たて	0.19431763234344604
たてる	0.20431763234344605
たて糸	0.44975792440943796
たとえば	0.5052970176995808
たどり	0.11386714349118253
たどる	0.08995158488188759
たばこ	0.1374033155341651
たび	0.15865968242239462
たま	0.04240358376564003
たまっ	0.06996772325459172
たみ	0.04240358376564003
ため	4.551230197899726
ためる	4.561230197899726
たら	0.40672088744937585
たり	0.48533119930437635
たる	0.44674947643487084
たるま	0.45674947643487085
たるみ	0.45674947643487085
たるん	0.45674947643487085
たれ	0.05996772325459172
たろ	0.05996772325459172
たわみ	0.32845674748767006
たわむ	0.08995158488188759
たん	0.05996772325459172
たんぱく	0.1468903230101827
だか	0.04240358376564003
だけ	1.1835082554406446
ださ	0.18963459157915524
だし	0.09481729578957762
だせる	4.981356809539207
だっ	0.11993544650918345
だて	0.04240358376564003
だてら	0.12721075129692008
だてる	0.12993544650918346
だまり	0.07344516150509135
だめ	0.1748344547704601
だり	0.08480716753128006
だるま	0.1374033155341651
ちぎれ	0.05193357174559127
ちょう	0.1374033155341651
ちょうど	0.16961433506256013
って	0.33922867012512026
つい	1.5475855828799823
ついで	1.5575855828799823
つか	0.04240358376564003
つかさどる	0.2781838113063241
つかまり	0.2383502869911047
つかみ	0.3325371119806533
つかむ	0.10386714349118253
つかん	0.08995158488188759
つが	0.05996772325459172
つき	0.4406709690305481
つき合わせ	1.3062602862313335
つき合わせる	4.981356809539207
つぎ	0.29983861627295866
つく	0.07344516150509135
つくっ	0.08344516150509135
つくら	0.232253993475009
つくり	0.17224417150312876
つくりださ	0.19963459157915525
つくりだす	0.18224417150312877
つくる	0.46472777610292276
つけ	0.3444883430062575
つける	0.35448834300625753
つけ根	0.35448834300625753
つた	0.27805889375327486
つっかい	0.08480716753128006
つつ	0.9064850851997127
つづい	0.12721075129692008
つづく	0.1161269967375045
つづける	0.5883077799991585
つて	0.5528750905483449
つと	0.04240358376564003
つない	2.8806317994137647
つなが	0.20113785847974305
つながっ	0.2937806460203654
つながり	0.21113785847974306
つながる	0.3444883430062575
つなぎ	0.22637319101615158
つなぎ止め	0.7170090301369303
つなぎ目	0.2363731910161516
つなぐ	0.32432505160089714
つなげ	0.15580071523677383
つなげる	0.16580071523677384
つば	0.2875950975656642
つばめ	0.2975950975656642
つぶれる	7.630385307621593
つぼ	0.16961433506256013
つまみ	0.3365680120253379
つまみあげ	0.34656801202533793
つまり	0.30724315386824597
つま先	0.3158995842786369
つめ	0.16961433506256013
つや消し	0.1948329364783868
つらね	0.12721075129692008
つらねる	0.1372107512969201
つり	0.09481729578957762
つりあい	0.21621670106726473
つりあう	0.10481729578957762
つり上げ	0.3722963785085141
つり下げ	0.37966587295677356
つり合い	0.15689032301018271
つり合う	0.33570810713583626
つる	0.04240358376564003
つるさ	0.10386714349118253
つるべ	0.07344516150509135
つれ	0.5346888465930204
つれれ	0.5446888465930204
つわ	0.05996772325459172
つゝ	0.04240358376564003
づい	0.1121893373417793
づえ	0.1406367771170335
づき	0.05996772325459172
づく	0.07344516150509135
づけ	0.5783077799991585
づける	0.5883077799991585
づつ	0.2613932455409794
づまり	0.12721075129692008
づらく	0.07344516150509135
づり	0.08480716753128006
づる	0.22835028699110468
づれ	0.04240358376564003
てい	0.07344516150509135
てき	0.04240358376564003
てく	0.05996772325459172
てこ	0.2398708930183669
てる	0.11993544650918345
てれ	0.05996772325459172
てん	0.04240358376564003
て形	0.08480716753128006
であっ	4.720998080797954
であるこ	6.9784526439814565
でき	0.9899216303892241
できる	2.289793523344562
できれ	0.9999216303892241
できろ	0.9999216303892241
です	0.15865968242239462
でつ	0.04240358376564003
でる	0.08480716753128006
でろ	0.05996772325459172
でんぷん	0.17990316976377518
と\も	0.07344516150509135
とう	0.11993544650918345
とおし	0.06996772325459172
とおり	3.300583672112538
とが	0.04240358376564003
とがっ	0.07344516150509135
とがら	0.12993544650918346
とき	3.194934874468509
とぎれ	0.12721075129692008
とくに	0.22637319101615158
とげ	0.1748344547704601
とこ	0.04240358376564003
ところ	0.6830794875020215
とし	0.05996772325459172
とじ	0.04240358376564003
とする	17.467303608502274
とせ	0.04240358376564003
とたん	0.06996772325459172
とっ	0.2715154149637838
とどめる	0.08480716753128006
となり	1.95502608713121
とばし	0.05193357174559127
とばす	0.05193357174559127
とび	0.05996772325459172
とまら	0.05193357174559127
とめ	0.08480716753128006
とも	5.93119891083238
ともども	5.94119891083238
ともない	5.94119891083238
ともなう	5.94119891083238
ともなっ	5.94119891083238
とら	0.08480716753128006
とり	0.2613932455409794
とりつけ	0.35448834300625753
とりつける	0.36448834300625754
とりわけ	0.281273554234067
とり出す	0.3722963785085141
とり囲む	0.6474656422540286
とり行なう	1.2767959761466776
とる	0.3886352646868921
とれ	0.08480716753128006
とれる	7.630385307621593
とんだ	0.05193357174559127
どう	0.6374656422540286
どうし	0.6474656422540286
どこ	0.1468903230101827
どし	0.05996772325459172
どする	17.467303608502274
どちら	0.48994033596821596
どの	0.35729894772871246
どら	0.04240358376564003
どり	0.10386714349118253
どれ	0.3144733937701738
どんな	0.05193357174559127
ない	2.870631799413765
ないし	2.8806317994137647
なお	0.15865968242239462
なおかつ	3.092072625543445
なおす	0.16865968242239462
なか	0.232253993475009
なかっ	0.732613185096092
なかつ	3.092072625543445
なから	9.052707156357947
なが	0.05996772325459172
ながら	1.597326734592749
なき	0.04240358376564003
なく	0.9944521878367547
なくし	1.0044521878367547
なくす	1.0044521878367547
なくなっ	1.9106079047464861
なくなる	5.190010407421949
なけれ	0.34055120406914213
なさ	0.7807327760389668
なされ	0.7907327760389669
なし	1.0220935061404934
なじみ	0.05193357174559127
なす	1.2105461955986088
なぞり	0.08995158488188759
なだらか	0.08480716753128006
なっ	1.900607904746486
なつ	0.44674947643487084
なと	0.04240358376564003
など	0.8533556621061986
なに	0.05996772325459172
なまくら	0.17422837374383504
なまし	0.232253993475009
なます	0.4032346586843407
なめ	0.05996772325459172
なめらか	0.08480716753128006
なら	0.5463319596034649
ならい	0.5563319596034649
ならし	0.5563319596034649
ならっ	0.5563319596034649
ならび	0.7790035761838691
なり	1.94502608713121
なる	5.180010407421949
なるべく	5.190010407421949
なれ	0.07344516150509135
なろう	0.3329360728346088
なわ	0.05996772325459172
なん	0.08480716753128006
にあ	0.05996772325459172
におい	6.08704161366437
にく	0.07344516150509135
にくい	0.37449831169343445
にくく	0.12721075129692008
にごり	0.11386714349118253
にじみ出	0.05996772325459172
にせ	0.04240358376564003
につ	0.07344516150509135
にて	1.726612282189977
にょ	0.07344516150509135
によ	0.25442150259384017
にろう	0.3329360728346088
にわ	0.07344516150509135
ぬきんで	0.09480716753128006
ぬぐう	0.08995158488188759
ぬらし	0.24609316254660824
ぬり	0.04240358376564003
ぬれ	0.12721075129692008
ねかせ	0.05193357174559127
ねし	0.04240358376564003
ねじ	1.3442671742442047
ねじこま	1.3542671742442047
ねじっ	1.3542671742442047
ねじら	1.3542671742442047
ねじり	1.3542671742442047
ねじり力	1.3642671742442047
ねじる	1.3542671742442047
ねじれ	1.3542671742442047
ねじれる	7.630385307621593
ねじ切り	1.3542671742442047
ねじ山	1.3542671742442047
ねじ止め	1.3542671742442047
ねじ穴	1.3542671742442047
ねじ込ま	1.3542671742442047
ねじ込み	1.3542671742442047
ねじ込む	1.3542671742442047
ねじ込める	1.3542671742442047
ねじ込ん	1.3542671742442047
ねじ頭	1.3542671742442047
ねずみ	0.05193357174559127
ねた	0.04240358376564003
ねら	0.04240358376564003
ねる	0.04240358376564003
ねん	0.08480716753128006
のう	0.08480716753128006
のく	0.04240358376564003
のこぎり	0.1468903230101827
のし	0.04240358376564003
のし紙	0.1161269967375045
のせ	0.1468903230101827
のせる	4.981356809539207
のぞき窓	0.05996772325459172
のぞく	0.05193357174559127
のち	0.5052970176995808
のど	0.08480716753128006
のばさ	0.05193357174559127
のばし	0.07344516150509135
のび	0.2398708930183669
のびる	0.32014003689271686
のべ	0.04240358376564003
のぼり	0.1372107512969201
のみ	1.3792576348556098
のり	0.11993544650918345
のり付け	1.6745769717310857
のり越える	0.6614162142716725
のれん	0.07344516150509135
のろ	0.09481729578957762
は\゛	0.10386714349118253
はあい	0.1372107512969201
はい	0.04240358376564003
はか	0.04240358376564003
はかる	0.06996772325459172
はがき	0.21412760182266577
はがし	0.07344516150509135
はがす	0.05193357174559127
はく	0.1121893373417793
はく製	0.1221893373417793
はく離	0.1221893373417793
はげ	0.04240358376564003
はさま	0.07344516150509135
はさみ	0.17224417150312876
はさみ込ま	0.3037806460203654
はさみ込む	0.2644215025938402
はさむ	0.05193357174559127
はさん	0.20773428698236507
はしご	0.05193357174559127
はじき	0.05193357174559127
はじめ	0.16288829553044754
はじめて	0.17288829553044754
はす	0.07344516150509135
はすば	0.08995158488188759
はずさ	0.05193357174559127
はずし	0.05193357174559127
はずす	0.07344516150509135
はずみ	0.07344516150509135
はずみ車	0.10386714349118253
はずれ	0.9610132227436873
はぜ	0.11993544650918345
はたらく	0.41672088744937585
はちの巣	0.13409190565316204
はっきり	0.08480716753128006
はっ水	0.10386714349118253
はつり	0.12721075129692008
はづす	0.05193357174559127
はと	0.04240358376564003
はなれ	0.1468903230101827
はね	0.1121893373417793
はね返り	0.1221893373417793
はは	0.04240358376564003
はば	0.05996772325459172
はまっ	0.06996772325459172
はまり込む	0.2644215025938402
はまる	0.05193357174559127
はみ出	0.1161269967375045
はみ出さ	0.5258618609599942
はみ出し	1.1165629340039962
はみ出す	0.3722963785085141
はみ出る	0.4009417256758612
はめ	0.18963459157915524
はめこま	0.19963459157915525
はめる	0.19963459157915525
はめ合わせ	1.3062602862313335
はめ合わせる	4.981356809539207
はめ込ま	0.3037806460203654
はめ込み	0.32731936484478924
はめ込む	0.2644215025938402
はめ込ん	0.19963459157915525
はり	0.20336044372468792
はるか	0.08995158488188759
はろう	0.3329360728346088
はん	0.20773428698236507
はんだ	0.6771309316692459
は行	0.09481729578957762
ばいじん	0.13409190565316204
ばかり	0.08995158488188759
ばさみ	0.15580071523677383
ばっ	0.07344516150509135
ばった	0.08344516150509135
ばね	1.3694453857547388
ばね下	1.3794453857547389
ばね板	1.3794453857547389
ばま	0.04240358376564003
ばめ	0.15288829553044753
ばら	0.10386714349118253
ばらし	0.24609316254660824
ばらせる	4.981356809539207
ばらつい	1.5575855828799823
ばらつき	0.4506709690305481
ばらばら	0.11386714349118253
ばり	0.15865968242239462
ばれ	0.11993544650918345
ばれる	7.630385307621593
ひいては	0.06996772325459172
ひか	0.04240358376564003
ひきつづき	0.09481729578957762
ひき続き	0.18483445477046012
ひく	0.04240358376564003
ひげ	0.11993544650918345
ひげそり	0.17422837374383504
ひさし	0.07344516150509135
ひざ	0.05996772325459172
ひじ	0.05996772325459172
ひじき	0.06996772325459172
ひずみ	0.6444786766334394
ひずみ取り	0.6544786766334394
ひだ	0.20336044372468792
ひっかける	0.6837210705270433
ひつ	0.05996772325459172
ひと	0.4908569697648524
ひとくくり	0.5008569697648524
ひとたび	0.5008569697648524
ひねり	0.5321607527775043
ひねる	0.07344516150509135
ひび割れ	0.242253993475009
ひまし油	0.10481729578957762
ひまわり油	0.7750292835658131
ひも	0.21201791882820015
ひら	0.04240358376564003
ひれ	0.04240358376564003
ひろがり	0.15865968242239462
ひろがる	0.09480716753128006
ひろげ	0.05193357174559127
びき	0.05996772325459172
びく	0.07344516150509135
びた	0.04240358376564003
びよう	5.633073355900962
びる	0.08480716753128006
びん	0.05996772325459172
び爛	0.04240358376564003
ぴったり	0.49533119930437636
ふいご	0.05193357174559127
ふくらみ	0.05996772325459172
ふくろ	0.12721075129692008
ふさぐ	0.05193357174559127
ふさわしい	0.06704595282658102
ふせぎ	0.05193357174559127
ふた	0.1748344547704601
ふっ素	0.08995158488188759
ふとん	0.4056141618946792
ふむ	0.05996772325459172
ふら	0.05996772325459172
ふらつき	0.4506709690305481
ふりかけ	0.6737210705270433
ふるい	0.2379895236335919
ふるい分け	0.5530308299275676
ふるい分ける	0.5630308299275676
ふろ	0.05996772325459172
ぶき	0.05996772325459172
ぶた	0.1406367771170335
ぶち	0.09481729578957762
ぶつかっ	0.08344516150509135
ぶつかる	0.08480716753128006
ぶら下げ	0.37966587295677356
ぶれ	0.36476942004032376
へこみ	0.20773428698236507
へこん	0.07344516150509135
へり	0.04240358376564003
べき	1.2628866511458898
べき乗	1.2728866511458898
べく	0.9035048521956157
べた	0.35729894772871246
べち	0.05996772325459172
べら	0.08480716753128006
べり	0.04240358376564003
ほう	0.2243786746835586
ほう素	0.2343786746835586
ほう酸	0.2343786746835586
ほか	0.16961433506256013
ほぐし	0.12721075129692008
ほぐす	0.10386714349118253
ほこり	0.1374033155341651
ほし	0.04240358376564003
ほぞ	0.18963459157915524
ほつれ	0.5446888465930204
ほとんど	0.10386714349118253
ほど	0.8067832036262366
ほどき	0.8167832036262366
ほどく	0.8167832036262366
ほどこさ	0.8167832036262366
ほどこし	0.8167832036262366
ほね	0.04240358376564003
ほぼ	1.320652111149852
ほや	0.09481729578957762
ほら	0.04240358376564003
ほゞ	0.1748344547704601
ほ乳	0.05996772325459172
ぼかさ	0.2781838113063241
ぼかし	0.07344516150509135
ぼけ	0.11993544650918345
ぼたん	0.15580071523677383
ぼり	0.12721075129692008
まえ	0.12721075129692008
まが玉	0.05193357174559127
まき	0.05996772325459172
まく	0.05996772325459172
まくら	0.16422837374383503
まくり上げ	0.3722963785085141
まくれ	0.12721075129692008
まぐさ	0.08995158488188759
まさつ	0.10386714349118253
まし	0.09481729578957762
ます	0.3932346586843407
まず	0.25442150259384017
ませ	0.05996772325459172
ませる	4.981356809539207
また	5.3864236141723465
またい	5.396423614172346
またがっ	5.396423614172346
またがり	5.396423614172346
またがる	5.396423614172346
またぎ	5.396423614172346
またぐ	5.396423614172346
まだ	0.17990316976377518
まっ	0.05996772325459172
まっすぐ	0.24609316254660824
まつ	0.09481729578957762
まつ直ぐ	0.10481729578957762
まで	2.82835400242593
まと	0.05996772325459172
まとまっ	0.06996772325459172
まとめ	0.3816322538907603
まま	0.6217585881807142
まる	0.04240358376564003
まれ	0.10386714349118253
まわし	0.10386714349118253
まわり	0.7650292835658131
まんべん	0.08480716753128006
まゝ	0.05996772325459172
みえる	0.20889043756735093
みかけ	0.6737210705270433
みし	0.04240358376564003
みそ	0.04240358376564003
みぞ	0.20773428698236507
みち	0.05996772325459172
みつまた	5.396423614172346
みなさ	0.7907327760389669
みなし	1.0320935061404934
みなす	1.2205461955986088
みなせる	4.981356809539207
みる	0.1121893373417793
み合わせ	1.3062602862313335
み立て	0.31870274951317085
むい	0.04240358376564003
むか	0.04240358376564003
むき出し	1.1165629340039962
むけ	0.05996772325459172
むける	0.2535900433794421
むしろ	0.08344516150509135
むだ	0.09481729578957762
むよう	5.633073355900962
むら	0.07344516150509135
むり	0.04240358376564003
むりやり	0.1372107512969201
めいめい	0.08480716753128006
めがね	0.05193357174559127
めくら	0.10386714349118253
めくり	0.20773428698236507
めくり取ら	0.21773428698236508
めくり取り	0.6126681599904457
めくれ	0.05193357174559127
めぐっ	0.08995158488188759
めぐり	0.1221893373417793
めさ	0.10386714349118253
めし	0.07344516150509135
めす	0.18483293647838678
めっき	0.7772705293737842
めねじ	1.3542671742442047
めろ	0.04240358376564003
もう	0.3932346586843407
もうけ	0.4032346586843407
もし	0.18483293647838678
もしくは	2.277194838882539
もた	0.1748344547704601
もたらさ	0.41672088744937585
もたらし	0.41672088744937585
もたらす	0.5227864910819588
もち	0.31731936484478923
もち上がっ	0.32731936484478924
もち上げ	0.3722963785085141
もっ	0.7441798748825801
もっと	0.7541798748825801
もっとも	5.94119891083238
もつ	0.8078967765560049
もつれ	0.8178967765560049
もと	0.4908569697648524
もとづい	0.5008569697648524
もとづき	0.5008569697648524
もとづく	0.5008569697648524
もともと	5.94119891083238
もとより	7.266094513805599
もどす	0.07344516150509135
もどり	0.11386714349118253
もどる	0.08995158488188759
もの	2.4406937034929337
もはや	0.1468903230101827
もみ	0.04240358376564003
もや	0.05996772325459172
もり	0.05996772325459172
もれ	0.04240358376564003
もろ	0.08480716753128006
もろい	0.09480716753128006
やぐら	0.07344516150509135
やさしい	0.08480716753128006
やす	0.15865968242239462
やすい	0.3920898683114691
やすく	0.21412760182266577
やすり	0.19431763234344604
やっ	0.04240358376564003
やはり	0.21336044372468793
やめる	0.05193357174559127
やや	0.33118257636287074
やり	0.12721075129692008
やりとり	0.27139324554097943
やり取り	0.6126681599904457
やり直し	0.16288829553044754
やわらげる	0.09481729578957762
ゆがみ	0.10386714349118253
ゆき	0.04240358376564003
ゆく	0.1406367771170335
ゆすい	0.05193357174559127
ゆすぎ	0.07344516150509135
ゆすぐ	0.24609316254660824
ゆっくり	0.1468903230101827
ゆられ	5.483019895767803
ゆられる	7.630385307621593
ゆるい	0.1372107512969201
ゆるく	0.1468903230101827
ゆるみ	0.1161269967375045
ゆるみ止め	0.7170090301369303
ゆるめ	0.08995158488188759
ゆるめる	0.09995158488188759
ゆるやか	0.11993544650918345
よい	0.8167507042537155
よう	5.623073355900962
よう素	5.633073355900962
よく	0.6317991685572738
よけ	0.11993544650918345
よこ	0.16961433506256013
よこ糸	0.3780821092507383
よじれ	0.05193357174559127
よっ	4.342590742032606
よつ	1.0043474782022277
よび	0.22033548451527404
よび水	0.26481029574134085
よも	0.04240358376564003
よら	0.17990316976377518
より	7.256094513805599
より出さ	7.266094513805599
より分け	7.266094513805599
より合わせ	7.266094513805599
より所	7.266094513805599
より糸	7.266094513805599
よる	2.667721308570196
らし	0.23609316254660823
らしい	0.24609316254660824
らせん	0.41870184120271187
らめ	0.04240358376564003
らる	0.07344516150509135
られ	5.473019895767803
られる	7.630385307621593
られろ	5.483019895767803
ら旋	0.12721075129692008
りい	0.04240358376564003
りか	0.04240358376564003
りし	0.09481729578957762
りす	0.04240358376564003
りする	17.467303608502274
りな	0.04240358376564003
りん	0.05996772325459172
りん酸	0.22637319101615158
り用	0.05996772325459172
るい	0.12721075129692008
るす	0.04240358376564003
るな	0.05996772325459172
るまた	5.396423614172346
れよう	5.633073355900962
れる	7.620385307621593
れれ	0.1121893373417793
れんが	0.2748066310683302
ろう	0.3229360728346088
ろう付け	1.6745769717310857
ろ材	0.21621670106726473
ろ液	0.04240358376564003
ろ紙	0.10386714349118253
ろ過	0.815649219323338
わから	9.052707156357947
わかる	0.10386714349118253
わく	0.08480716753128006
わけ	0.04240358376564003
わずか	0.2937806460203654
わせ	0.09481729578957762
わた	0.04240358376564003
わたし	0.07344516150509135
わたす	0.05193357174559127
わたっ	1.046432475101627
わたら	0.41672088744937585
わたり	0.49533119930437636
わたる	0.45674947643487085
わな	0.1748344547704601
わに	0.04240358376564003
わら	0.04240358376564003
わり	0.18483293647838678
わる	0.05996772325459172
われ	0.05996772325459172
われる	7.630385307621593
わん	0.05996772325459172
をつ	0.04240358376564003
をば	0.08480716753128006
をれ	0.04240358376564003
んで	0.08480716753128006
ァイル	0.36223062078091095
ァク	0.05996772325459172
ァクチュ	0.11386714349118253
ァクチユエ	0.232253993475009
ァクチユエータ	0.242253993475009
ァセタール	0.242253993475009
ァセチル	0.14409190565316204
ァゾ	0.08480716753128006
ァニォ	0.05193357174559127
ァニオ	0.09480716753128006
ァニオン	1.1965428969745833
ァラルキレン	0.22621670106726474
ァリ	0.05996772325459172
ァリーレ	0.14409190565316204
ァンカー	0.3892691831583105
ァントラキノン	0.32731936484478924
ア\ンカー	0.3892691831583105
アイ	0.36722580752545675
アイアン	0.5241161305356395
アイオナイザ	0.37722580752545676
アイオノマー	0.37722580752545676
アイコン	0.8544085380922162
アイス	0.37722580752545676
アイソ	0.40778087513470185
アイソクロナス	0.41778087513470186
アイソタクチック	0.41778087513470186
アイソトープ	0.41778087513470186
アイソレーション	0.4487573493671172
アイソレーシヨン	0.41778087513470186
アイソレータ	0.5593416857463059
アイソレーター	0.569341685746306
アイゾット	0.37722580752545676
アイテム	0.7632645077815206
アイデンティティ	0.37722580752545676
アイト	0.37722580752545676
アイドラプーリ	1.0968891355255423
アイドラローラ	2.585297799244149
アイドラロールブラケット	2.2102925019839486
アイドラー	0.37722580752545676
アイドリング	2.4197401140516974
アイドル	0.7795804023096925
アイドルアツプ	0.7895804023096925
アイバー	1.2513463562428462
アイパ	0.37722580752545676
アイブ	0.37722580752545676
アイボルト	1.8982692460992996
アイランド	0.5765283832574346
アイリス	0.37722580752545676
アイレット	0.37722580752545676
アイレツト	0.37722580752545676
アイロ	0.37722580752545676
アイロナー	0.38722580752545677
アイロン	0.972513043565605
アウェイ	0.6178668725739734
アウエイ	0.18963459157915524
アウタ	0.5446838956385551
アウター	0.7955617502694037
アウターフォルディングタイプ	1.207854333841716
アウト	0.6253630159890327
アウトサイド	1.4284616745593937
アウトドア	1.9176900603419238
アウトプツトセンサー	3.403611554533991
アウトライン	1.9566431884984825
アウトリカ	0.6963619642990486
アウトリガレバースイッチ	2.486165978713565
アウトリガー	0.6963619642990486
アウトレット	0.6353630159890327
アウレウス	0.1474033155341651
アエルギノーサ	0.14409190565316204
アエルギノーザ	0.14409190565316204
アエロゲネス	0.17422837374383504
アエロジエネス	0.17422837374383504
アエロミクロビウム	0.3880821092507383
アオリ	0.16288829553044754
アカウント	1.374842194963124
アカシア	0.16865968242239462
アガチス	0.05996772325459172
アガリクス	0.21336044372468793
アガロース	0.4764394214220403
アキ	0.10386714349118253
アキシアルギャップモータ	3.132931104155867
アキシアルピストンポンプ	3.0046358346042896
アキシャル	0.21773428698236508
アキシャルエントリー	0.6963619642990486
アキシャルギャップ	1.166615559998317
アキシャルギャップローター	1.726166860968329
アキシャルピストンコンプレッサ	2.4318349437039264
アキシヤルピストンポンプ	3.0046358346042896
アキュムレータ	0.9683441187318034
アキュームレータ	0.5952616304101257
アキュームローラ	2.585297799244149
アキュームローラー	2.5952977992441486
アキユムレータ	0.15865968242239462
アキユームレータ	0.20431763234344605
アク	0.05996772325459172
アクア	0.12721075129692008
アクション	0.48810190420902755
アクス	0.21336044372468793
アクスル	0.30577659106089505
アクセ	0.06996772325459172
アクセサリ	1.0012095850842522
アクセサリー	1.0112095850842522
アクセサリーギアボックスアッセンブリ	1.4727699956732379
アクセス	1.9898082177450092
アクセプタ	0.20113785847974305
アクセプト	0.21201791882820015
アクセラレート	0.8696535753114312
アクセル	1.5599075430497955
アクセント	0.3610535056225042
アクチェータ	0.20431763234344605
アクチエータ	0.242253993475009
アクチエータポート	1.7222333997777917
アクチノミセテムコミタンス	0.29127355423406703
アクチベーター	0.21113785847974306
アクチュエ	0.17738691759250141
アクチュエーション	0.18738691759250142
アクチュエータ	2.7674633242239413
アクチュエーター	2.777463324223941
アクチユエータ	0.5141161305356395
アクチユエーター	0.5241161305356395
アクチン	0.11386714349118253
アクチーエータ	0.242253993475009
アクティブ	0.9020110432066599
アクティベーション	0.16865968242239462
アクティベーションキー	1.5575855828799823
アクティベート	0.17738691759250141
アクナリッジメント	0.35448834300625753
アクノレッジメント	0.16580071523677384
アクリジン	0.31870274951317085
アクリダン	0.31870274951317085
アクリバスチン	0.8516871051470626
アクリル	1.8129701703994254
アクリルアミドアルキルトリアルキルアンモニウム	3.097609898211153
アクリルアミドホモポリマー	2.3989443002971984
アクリレ	0.31870274951317085
アクリレート	0.9261082485395125
アクリレートエステル	1.6011235005388074
アクリレートポリマー	2.3989443002971984
アクリレートモノマー	1.38795337202503
アクリレートユニット	4.219289943676456
アクリロイル	0.36223062078091095
アクリロイルオキシ	0.7144612415618219
アクリロイルオキシエチル	0.8649344898429137
アクリロイルオキシプロピルトリメトキシシラン	0.7244612415618219
アクリロイルモルホリン	1.1588163101508107
アクリロニ	0.31870274951317085
アクリロニトリル	0.6963619642990486
アクリロニトリルコポリマー	2.3989443002971984
アクリロニトリルブタジエンコポリマー	2.3989443002971984
アクロレイン	0.9999216303892241
アグリゲイティバクター	0.41003460917662976
アグリゲーション	0.30577659106089505
アグロテキスタイル	0.9953702424630101
アコーディオン	1.1965428969745833
アゴニスト	0.35448834300625753
アサインメント	0.9999216303892241
アサーション	0.15689032301018271
アサート	0.16961433506256013
アザ	0.07344516150509135
アザクリプタンド	0.31870274951317085
アシ	0.04240358376564003
アシキュラーフェライト	1.141865955080758
アシスト	0.6346387296895785
アシッド	0.21621670106726473
アシネトバクター	0.41003460917662976
アシラート	0.2498708930183669
アシル	0.4759790472671838
アシルジアルキルアミン	3.097609898211153
アシルチオアルキルトリアルコキシシラン	3.097609898211153
アシロキシ	0.16865968242239462
アジ	0.3229360728346088
アジテータ	0.3329360728346088
アジド	0.3329360728346088
アジピニル	0.3329360728346088
アジピン	1.7864014672583832
アジペート	0.3329360728346088
アジマスブレーキ	1.9503983715874555
アジャスタ	0.6051626596867626
アジャスター	0.6151626596867626
アジャスト	0.6051626596867626
アジヤスタブルボルト	1.8982692460992996
アジュバント	0.3329360728346088
アジョール	0.3329360728346088
アジン	0.3329360728346088
アジンピグメント	0.6353630159890327
アス	0.09481729578957762
アスコルビン	0.5929528970303382
アステミゾール	0.4009417256758612
アストリンゼント	0.6963619642990486
アスナロ	0.10481729578957762
アスパラギン	0.3722963785085141
アスパルテート	0.18483445477046012
アスピリン	0.6655434966228759
アスピレータ	0.32014003689271686
アスファルト	0.8995158488188759
アスファルトバインダ	0.9999216303892241
アスファルトバインダサンプル	1.361603839454581
アスベスト	0.35448834300625753
アスペクト	0.5996772325459173
アスペルギルス	0.20889043756735093
アスペン	0.5579750669513457
アズ	0.07344516150509135
アズレン	0.26086298464687413
アセスルファム	0.15865968242239462
アセタート	0.17422837374383504
アセタール	0.3144733937701738
アセチル	0.4406709690305481
アセチルアスパルテート	0.4506709690305481
アセチルアセトナート	1.521436470875816
アセチルグルタミンイソステアレート	0.8696535753114312
アセチルグルタミンステアレート	0.8696535753114312
アセチルコリン	0.6655434966228759
アセチルトリエチルシトレート	0.8649344898429137
アセチレン	0.2596678587279564
アセテート	0.464507986950018
アセト	0.07344516150509135
アセトアニリド	0.07932984121119731
アセトアミド	0.9981035909661093
アセトアルデヒド	0.474507986950018
アセトキシ	0.17738691759250141
アセトキシエチル	0.8649344898429137
アセトグアナミン	0.16288829553044754
アセトシリンゴン	0.6655434966228759
アセトニトリル	0.6963619642990486
アセトフエノ	0.08344516150509135
アセトフエノン	0.2535900433794421
アセトン	0.37449831169343445
アセプティック	0.20988703139107104
アセンブ	0.1468903230101827
アセンブリ	1.4991930813647931
アセンブリング	2.4197401140516974
アセンブリー	1.5091930813647931
アセンブル	0.3329360728346088
アゼチジニウム	0.22412760182266578
アゼライン	1.9566431884984825
アゼラスチン	0.16288829553044754
アゾ	0.2875950975656642
アゾジプロピオノニトリル	0.6963619642990486
アゾビスイソブチロニトリル	0.6963619642990486
アゾメチン	0.2975950975656642
アゾール	0.2975950975656642
アタクチック	0.17422837374383504
アタッチメント	1.2279502168972105
アタツチメント	0.16288829553044754
アタパルジャイト	0.6051626596867626
アタパルジヤイト	0.16288829553044754
アダプタ	0.7932984121119729
アダプター	0.803298412111973
アッ	0.18483293647838678
アッシュ	0.25442150259384017
アッシー	0.2679309304799971
アッセ	0.1948329364783868
アッセイ	0.24725325710649015
アッセンブリ	0.6691172656016604
アッセンブリタイ	0.6791172656016604
アッセンブリー	0.6791172656016604
アッテネータ	0.24798952363359192
アッパ	0.39890933378527765
アッパー	0.40890933378527766
アッパーツース	0.6200813311740638
アップ	1.0451429706375404
アップグレード	1.0551429706375404
アップデート	1.0551429706375404
アップミキサ	1.0551429706375404
アップロード	1.0551429706375404
アッベ	0.232253993475009
アツ	0.10386714349118253
アツプ	0.1468903230101827
アツプクラッチ	1.8120275893011153
アツプクラッチピストン	2.4318349437039264
アテルキル	0.36477383518500284
アテロコラーゲン	0.502685121231505
アテローム	0.4764394214220403
アディポネクチン	0.16961433506256013
アデノ	0.05193357174559127
アデノウイルス	0.5081293209914588
アデノシン	0.1948329364783868
アト	0.20773428698236507
アトニー	0.21773428698236508
アトマイザー	0.2679309304799971
アトマイゼーション	0.2679309304799971
アド	0.09481729578957762
アドバイス	0.6637210705270433
アドバンス	0.1221893373417793
アドバンスド	0.1321893373417793
アドバンスドディジタ	0.1421893373417793
アドミッタンス	0.29127355423406703
アドレス	2.3341237469324634
アドレススキュー	2.344123746932463
アドレッシングソース	1.3801017219466283
アドレナリン	0.6655434966228759
アナ	0.04240358376564003
アナウンス	0.13409190565316204
アナタ	0.10386714349118253
アナターゼ	0.11386714349118253
アナプレロティック	0.7345927570170282
アナライザ	0.2798547546456628
アナログ	0.9853702424630101
アニオン	1.1965428969745833
アニソール	0.396315033414545
アニヒレーション	0.26086298464687413
アニメーション	0.2379895236335919
アニリド	0.06996772325459172
アニリン	0.6655434966228759
アニー	0.1161269967375045
アニーリング	2.4197401140516974
アニール	0.15865968242239462
アヌレン	0.22621670106726474
アネキシン	0.1948329364783868
アネモネ	0.05996772325459172
アネモメトリック	0.6963619642990486
アノスト	0.35448834300625753
アノマー	0.17422837374383504
アノード	1.3512542444025053
アバター	0.41546857396473014
アバラ	0.09480716753128006
アパ	0.04240358376564003
アパタイト	0.35448834300625753
アパレル	0.08480716753128006
アパーチャ	0.5363676226126481
アパート	0.4156141618946792
アビ	0.05996772325459172
アビオニクス	0.21336044372468793
アビジン	0.17990316976377518
アピゲニジン	0.1221893373417793
アフィニティ	0.16422837374383503
アフィニティクロマトグラフィ	0.5522024071264696
アフター	0.24725325710649015
アブ	0.05996772325459172
アブソリュート	0.17422837374383504
アブソーバ	0.48810190420902755
アブソーバー	1.2513463562428462
アブラ	0.3868912964999357
アブレーション	0.343886152456969
アプ	0.05996772325459172
アプセットヘッド	2.754137693505648
アプセツトボルト	1.8982692460992996
アプライ	0.5929528970303382
アプリ	0.7333509518935939
アプリケ	0.7433509518935939
アプリケーシ	0.7533509518935939
アプリケーショ	0.7633509518935939
アプリケーション	2.475439723828106
アプリケータ	0.7533509518935939
アプリケータロール	2.2102925019839486
アプリケーター	0.7633509518935939
アプレット	0.7345927570170282
アプローチ	0.4764394214220403
アボガド	0.05996772325459172
アポ	0.15865968242239462
アポトーシス	0.20889043756735093
アポリポタンパク	1.5812230131018736
アマ	0.10386714349118253
アマチュア	0.22236626923763728
アマーチュア	0.2937806460203654
アミ	0.4240358376564003
アミジノ	0.4340358376564003
アミジン	0.4340358376564003
アミド	0.9881035909661093
アミドアミンオキサイド	1.9176900603419238
アミドオキシム	0.9981035909661093
アミドポリグリコールエーテル	1.5812230131018736
アミドモノフイラメント	0.9981035909661093
アミノ	1.6224566475787168
アミノアクリルメタクリレートコポリマー	2.3989443002971984
アミノエトキシ	1.6324566475787168
アミノオルセインイミン	1.6324566475787168
アミノチオカルボニル	1.6324566475787168
アミノピリジニウム	1.6324566475787168
アミノフェノール	1.6324566475787168
アミノプラスト	1.6324566475787168
アミノプロピルトリエトキシシラン	1.6324566475787168
アミノプロピルトリメトキシシラン	1.6324566475787168
アミノヘキサノイルオキシ	1.6324566475787168
アミノベンゾイルアミノ	1.6324566475787168
アミノポリアミドーポリウリーレン	1.6324566475787168
アミノポリシロキシ	1.6324566475787168
アミラーゼ	1.0577203924814922
アミロペクチン	0.4340358376564003
アミロリケファシエンス	0.4340358376564003
アミロース	0.4764394214220403
アミン	1.0781689671863492
アモルファス	1.1588163101508107
アュムレータ	0.15063677711703352
アラ	0.08480716753128006
アライナ	0.537068188233943
アライメント	0.464507986950018
アラインメント	1.9566431884984825
アラカルト	0.15063677711703352
アラキ	0.09480716753128006
アラゴナイト	0.16865968242239462
アラニル	0.10386714349118253
アラニン	0.20773428698236507
アラビア	0.3329360728346088
アラビナーゼ	0.10386714349118253
アラミド	0.4406709690305481
アラル	0.41546857396473014
アラルカノイル	0.42546857396473015
アラルカノイルアミノ	1.6324566475787168
アラルキル	0.42546857396473015
アラルキルオキシ	0.7144612415618219
アラルキルオキシカルボニル	0.9722904534636984
アラルキレン	0.42546857396473015
アラルケニル	0.42546857396473015
アラルコキシ	0.42546857396473015
アラー	0.2498708930183669
アラート	0.2875950975656642
アラーム	0.36476942004032376
アリ	0.1406367771170335
アリザリン	0.6655434966228759
アリル	0.527068188233943
アリロキシ	0.16865968242239462
アリー	0.15063677711703352
アリーナ	0.16063677711703353
アリール	1.1781788248321943
アリールイミニウム	1.1881788248321943
アリールイミニウムカチオン	1.1981788248321943
アリールイミニウムポリイオン	1.745700461353355
アリールオキシカルボニル	1.1881788248321943
アリールスルホニウムカチオン	1.1881788248321943
アリールスルホネート	1.1881788248321943
アリーレン	0.232253993475009
アリーレンアルキル	3.097609898211153
アル	0.1406367771170335
アルカ	0.15063677711703352
アルカニル	0.16063677711703353
アルカノイルアミノ	1.6324566475787168
アルカノイルオキシ	0.7144612415618219
アルカノール	0.35223062078091094
アルカリ	1.6661964729784842
アルカリゲネス	1.6761964729784842
アルカリール	1.6761964729784842
アルカル	0.16063677711703353
アルカロイド	0.2535900433794421
アルカロフィラス	0.20431763234344605
アルカン	0.3444883430062575
アルカンジオール	0.5929528970303382
アルキ	0.2698547546456628
アルキッド	0.2798547546456628
アルキド	0.2798547546456628
アルキニル	0.5061858433956596
アルキニルオキシ	0.7144612415618219
アルキニルカルボニル	0.9722904534636984
アルキニルチオ	0.6804595282658102
アルキニレン	0.2798547546456628
アルキメデス	0.2798547546456628
アルキリデン	0.2798547546456628
アルキリデンキサンタン	0.2898547546456628
アルキル	3.087609898211153
アルキルアクリラート	3.097609898211153
アルキルアクリレート	3.097609898211153
アルキルアリールオキシ	3.097609898211153
アルキルウレイド	3.097609898211153
アルキルオキシカルボニル	3.097609898211153
アルキルカルボニルオキシ	3.097609898211153
アルキルコポリマー	3.097609898211153
アルキルジフェニルエーテルスルホン	3.097609898211153
アルキルジメチルアンモニウムクロリド	3.097609898211153
アルキルチオエーテル	3.097609898211153
アルキルチタネート	3.097609898211153
アルキルテトライル	3.097609898211153
アルキルトリアルコキシシラン	3.097609898211153
アルキルトリイル	3.097609898211153
アルキルフェニルスルホネート	3.097609898211153
アルキルフェノールポリグリコールエーテル	3.097609898211153
アルキルベンゼン	3.097609898211153
アルキルベンゼンスルフオン	3.1076098982111526
アルキルポリグリコールエーテル	3.097609898211153
アルキレン	1.1417514349555236
アルキレンアリーレン	1.1517514349555236
アルキレングリコールコポリマー	2.3989443002971984
アルキン	0.2798547546456628
アルギニル	0.16422837374383503
アルギニン	0.15063677711703352
アルギルリ	0.15063677711703352
アルギン	0.21621670106726473
アルケニ	0.15063677711703352
アルケニル	0.9921894950577151
アルケニルスクシネート	1.002189495057715
アルケニレン	0.22621670106726474
アルケノイル	0.36223062078091095
アルケン	0.18483445477046012
アルコ	0.19431763234344604
アルコキシ	1.698791507352297
アルコキシカルボニルアルキルチオ	3.097609898211153
アルコキシカルボニルオキシ	1.708791507352297
アルコキシシリル	1.708791507352297
アルコキシチタニル	1.708791507352297
アルコキシド	1.708791507352297
アルコキシル	1.708791507352297
アルコキシルアルキル	3.097609898211153
アルコシキシ	0.20431763234344605
アルコラート	0.2498708930183669
アルコール	1.7624288397501533
アルゴリズム	0.688976686012515
アルゴン	0.2398708930183669
アルシン	0.1948329364783868
アルジトール	0.2363731910161516
アルダー	0.15063677711703352
アルツハイマー	0.35708829191340724
アルデヒド	0.464507986950018
アルト	0.15580071523677383
アルド	0.15063677711703352
アルドベントース	0.4319103313511005
アルドース	0.16063677711703353
アルバム	0.15063677711703352
アルパカ	0.15063677711703352
アルビカンス	0.2781838113063241
アルフ	0.15063677711703352
アルファ	0.41111799780591846
アルファベット	0.42111799780591846
アルフアベツト	0.2644215025938402
アルブミン	0.16288829553044754
アルペジオ	0.35186862177015793
アルマイト	0.2679309304799971
アルミ	0.41870184120271187
アルミウム	0.4287018412027119
アルミナ	0.8501892108820246
アルミナクロミア	0.8601892108820246
アルミナボリアシリカ	1.1851225840814616
アルミニウ	0.4287018412027119
アルミニウム	1.8594829686754966
アルミニウムブレージングシート	4.060152726406218
アルミニュウム	0.4287018412027119
アルミニューム	0.4287018412027119
アルミニユウム	0.4287018412027119
アルミネート	0.4287018412027119
アルミノ	0.4287018412027119
アルミホイル	0.4287018412027119
アルミン	0.4287018412027119
アルミ箔	0.4287018412027119
アルミ製	0.4287018412027119
アルメンストリップ	1.3441976154258237
アルモシリケイ	0.15063677711703352
アレ	0.04240358376564003
アレイ	1.2101748054393549
アレスタ	0.35448834300625753
アレルギー	0.14991930813647933
アレルゲン	0.3483809902125135
アレンジ	0.7625889539406222
アレンジメント	0.7725889539406222
アレー	0.2490646604957294
アレーン	0.7855336098189092
アロ	0.05996772325459172
アロイ	0.17990316976377518
アロイル	0.36223062078091095
アロイルアミノ	1.6324566475787168
アロエ	0.2596678587279564
アロケーション	0.4122757169594861
アロケート	0.17422837374383504
アロフェン	0.14409190565316204
アロプリノール	0.7333509518935939
アロマセラピー	0.2498708930183669
アロン	0.16422837374383503
アワ	0.04240358376564003
アン	0.5141161305356395
アンカ	0.5241161305356395
アンカー	1.27634082754165
アンギ	0.5241161305356395
アンギュラ	0.6071269247980841
アンク	0.5241161305356395
アングル	0.6514162142716725
アンケート	0.5241161305356395
アンゴラ	0.5241161305356395
アンサー	0.5241161305356395
アンスラシス	0.5241161305356395
アンセット	1.697641325404402
アンタゴニスト	0.7525889539406222
アンタゾリン	0.6655434966228759
アンダー	0.5241161305356395
アンダーカット	1.0035477290886121
アンダークラッディング	0.5341161305356396
アンチ	0.5241161305356395
アンチスキニング	0.5341161305356396
アンチモネート	0.5341161305356396
アンチモン	0.5341161305356396
アンチローテーションワッシャ	0.5341161305356396
アンテナ	1.7318113673754938
アントシアニン	0.5241161305356395
アントラキノン	0.5241161305356395
アントラサイクリン	0.6655434966228759
アントラセン	0.5241161305356395
アントラピリミジン	0.5241161305356395
アンド	0.5241161305356395
アンドロイド	0.5341161305356396
アンバランス	0.8430982364892421
アンビエント	0.5241161305356395
アンビル	0.5241161305356395
アンフォルディング	0.5241161305356395
アンプ	0.7006221871410544
アンペア	0.5241161305356395
アンマ	0.5241161305356395
アンモ	0.5241161305356395
アンモニ	0.5341161305356396
アンモニア	1.0190102607864033
アンモニゥム	0.5441161305356396
アンモニウム	1.0515746803933306
アンモニム	0.5441161305356396
アンモー	0.5341161305356396
アー	0.18963459157915524
アーキテクチャ	0.41220994660249527
アーク	0.6317991685572738
アース	0.4056141618946792
アーゼ	0.2748066310683302
アーチ	0.4250946054410123
アーティスト	0.5035146593495772
アーテイキユレート	0.8696535753114312
アート	0.19963459157915525
アーバ	0.19963459157915525
アーマチュア	0.22033548451527404
アーマチユア	0.19963459157915525
アーム	2.4046982252252773
アームストッカ	2.414698225225277
アール	0.20113785847974305
ィォ	0.04240358376564003
ィジタル	0.08480716753128006
ィス	0.04240358376564003
ィスク	0.16865968242239462
ィスクドライブユニット	4.219289943676456
ィソシァネ	0.06704595282658102
ィバ	0.04240358376564003
ィヒ	0.1406367771170335
ィミド	0.10386714349118253
ィメージ	0.11993544650918345
ィルム	0.10386714349118253
ィルムカートリッジ	1.6489958788103949
ィン	0.08480716753128006
ィングゴム	1.7050829295462515
ィンターシャ	0.2435900433794421
ィンドウ	0.09480716753128006
ィンナ	0.09480716753128006
ィンナーシ	0.1161269967375045
ィンナーシート	4.060152726406218
イエロー	0.4764394214220403
イオ	0.05996772325459172
イオウ	0.18724915584671722
イオノゲン	0.12993544650918346
イオノマー	0.30724315386824597
イオン	1.735700461353355
イオンクロマトグラフィ	1.745700461353355
イオンプレーティング	1.745700461353355
イカ	0.13409190565316204
イキ	0.07344516150509135
イクスクルーシブノア	0.21336044372468793
イクチオールペール	0.6804595282658102
イクルブボックス	1.4727699956732379
イグニション	0.15689032301018271
イグニッション	0.4345074351467571
イグニツシヨンスイツチ	0.7565921336396412
イコライザ	0.2798547546456628
イコン	0.25725325710649016
イサチン	0.11993544650918345
イジェクト	0.30724315386824597
イジエクト	0.17738691759250141
イジエクトレバー	1.9483122949711909
イス	0.05996772325459172
イスクカム	1.7609137548917864
イズ	0.15288829553044753
イゼーション	0.15689032301018271
イソ	0.39778087513470184
イソアミル	0.4340358376564003
イソアミルラウレート	0.8696535753114312
イソインドリノンピグメント	0.9999216303892241
イソインドリン	0.9999216303892241
イソキサゾリウム	0.40778087513470185
イソキノリニウム	0.40778087513470185
イソシァ	0.40778087513470185
イソシァネート	0.41778087513470186
イソシアナトメチル	1.334051478706704
イソシアナート	0.4759790472671838
イソシアニド	0.40778087513470185
イソシアニュレート	0.8696535753114312
イソシアヌラート	0.40778087513470185
イソシアヌレート	0.8696535753114312
イソシアネ	0.40778087513470185
イソシアネート	1.2161034376439932
イソシアネートキヤツプドグリコール	1.246266285532451
イソシイオシアネート	0.40778087513470185
イソチアザリノン	0.40778087513470185
イソチアゾリウム	0.40778087513470185
イソチオシアナト	0.6804595282658102
イソチオシアナート	0.6804595282658102
イソチオシアネート	0.6804595282658102
イソノナノイルオキシベンゼンスルホン	1.1092265242733208
イソピマル	0.40778087513470185
イソフタロイル	0.40778087513470185
イソブチル	0.45975792440943797
イソブチルアルミノキサン	0.469757924409438
イソブチルトリエトキシシラン	0.6963619642990486
イソブチレン	0.48597904726718383
イソプ	0.40778087513470185
イソプレン	0.7345927570170282
イソプレンコポリマー	2.3989443002971984
イソプロパノール	0.4686648865913426
イソプロピル	0.4587573493671172
イソプロピルステアレート	0.8696535753114312
イソプロポキシ	0.41778087513470186
イソホロン	0.40778087513470185
イソボルニル	0.40778087513470185
イソボルニルアクリレート	0.9361082485395125
イソボルニルメタクリレート	0.9562747118318686
イソメラーゼ	0.40778087513470185
イタコン	0.25725325710649016
イタリ	0.05193357174559127
イッチ	0.232253993475009
イッチング	0.47159568246042294
イットリウム	0.6963619642990486
イト	0.15865968242239462
イド	0.2435900433794421
イナ	0.05996772325459172
イナミック	0.10481729578957762
イナー	0.06996772325459172
イナーシャ	0.29983861627295866
イナータンスループ	1.5196509575875585
イナート	0.17422837374383504
イニシャライズ	0.21773428698236508
イニシャライゼーション・セグメント	1.949703261992667
イニシャル	0.3610535056225042
イニング	0.20889043756735093
イヌンダタム	0.10386714349118253
イネーブル	0.4345074351467571
イネーブルスイッチ	2.486165978713565
イノシトール	0.2363731910161516
イノシン	0.1948329364783868
イバ	0.21201791882820015
イフ	0.17990316976377518
イフェクト	0.1899031697637752
イブ	0.07344516150509135
イプ	0.13409190565316204
イベン	0.06996772325459172
イベント	1.1008610627587592
イホ	0.04240358376564003
イボ	0.04240358376564003
イミ	0.1468903230101827
イミダゾ	0.15689032301018271
イミダゾリウム	0.15865968242239462
イミダゾリジノン	0.2535900433794421
イミダゾリジン	0.2363731910161516
イミダゾリリデン	0.16689032301018272
イミダゾリン	0.6655434966228759
イミダゾール	0.232253993475009
イミデート	0.2815154149637838
イミド	0.4731373559159343
イミノ	0.17990316976377518
イミノイソインドリノン	0.9999216303892241
イミノジ	0.1899031697637752
イミン	0.21412760182266577
イム	0.05996772325459172
イムノアッセイ	0.25725325710649016
イムノクロマトグラフィー	0.5522024071264696
イメージ	1.3341976154258237
イメージング	1.3441976154258237
イモ	0.04240358376564003
イモゴライト	1.141865955080758
イモビライザー	0.2798547546456628
イヤ	0.19431763234344604
イヤホン	0.20431763234344605
イヤホーン	0.4287018412027119
イヤー	0.20431763234344605
イヤーウォーマ	0.21431763234344606
イラ	0.07344516150509135
イリジウム	0.4132990104465734
イル	0.35223062078091094
イルター	0.36223062078091095
イルム	0.36223062078091095
イレギュラー	0.2498708930183669
イレース	0.569341685746306
イワ	0.04240358376564003
イワタ	0.05193357174559127
イン	0.9899216303892241
インアン	0.9999216303892241
インキ	0.9999216303892241
インキジェットプリンティング	1.7593726833698833
インキュベーション	1.009921630389224
インキュベート	1.009921630389224
インキユベート	1.009921630389224
インク	2.330075963327003
インクジェト	2.3400759633270027
インクジエットノズ	2.3400759633270027
インクリメント	2.3400759633270027
イング	0.9999216303892241
イングクク	1.009921630389224
インゴソド	0.9999216303892241
インゴット	0.9999216303892241
インサイチュハイブリダイゼーション	0.9999216303892241
インサイツハイブリダイゼーション	0.9999216303892241
インサイド	1.4284616745593937
インサート	0.9999216303892241
インシデンス	0.9999216303892241
インシトゥー	0.9999216303892241
インシュリン	0.9999216303892241
インシュレータ	0.9999216303892241
インシユレーシヨンピース	0.9999216303892241
インシユレータ	0.9999216303892241
インジウム	0.9999216303892241
インジェクション	0.9999216303892241
インジェクタ	0.9999216303892241
インジェクター	1.009921630389224
インジエクション	0.9999216303892241
インジケータ	0.9999216303892241
インジゴ	0.9999216303892241
インスタンス	0.9999216303892241
インスタント	0.9999216303892241
インストラクション	0.9999216303892241
インストラクタ	0.9999216303892241
インストルメント	0.9999216303892241
インストルメントパネルリーンホース	3.4775140096943304
インストール	0.9999216303892241
インスペクション	0.9999216303892241
インスリン	0.9999216303892241
インタ	0.9999216303892241
インタカレーション	1.009921630389224
インタフェース	1.1577809160218848
インタラクテイング	1.009921630389224
インタラブド	1.009921630389224
インタラプタ	1.009921630389224
インタレスト	1.009921630389224
インター	1.009921630389224
インタークーラー	1.019921630389224
インターシャ	1.019921630389224
インターナル	1.019921630389224
インターネ	1.019921630389224
インターネッ	1.029921630389224
インターネット	1.269277459379157
インターバル	1.019921630389224
インターバルカウントアップステップ	5.113602050477051
インターフェイス	1.019921630389224
インターフェロン	1.019921630389224
インターフェース	1.028232261071279
インターミディエイト	1.019921630389224
インターミディエート	1.019921630389224
インターリーブビデオビットストリーム	1.5558418239229608
インターレース	1.019921630389224
インターロイキン	1.019921630389224
インターロック	2.53292414932367
インダクタ	0.9999216303892241
インダクタンス	1.009921630389224
インダゾリウム	0.9999216303892241
インダゾール	0.9999216303892241
インダン	0.9999216303892241
インチ	0.9999216303892241
インチングスプール	1.0434650290187728
インテグラル	0.9999216303892241
インテグリン	0.9999216303892241
インテグレータ	0.9999216303892241
インテリア	0.9999216303892241
インテリジェント	0.9999216303892241
インテンシファイヤピストン	2.4318349437039264
インテーク	0.9999216303892241
インディゴ	0.9999216303892241
インデキサー	0.9999216303892241
インデキシング	0.9999216303892241
インデックス	0.9999216303892241
インデン	0.9999216303892241
イントメッセント	0.9999216303892241
イントラ	0.9999216303892241
イントラネット	1.009921630389224
イントリンシック	0.9999216303892241
インド	0.9999216303892241
インドリンジオン	1.1965428969745833
インドール	1.009921630389224
インナ	0.9999216303892241
インナー	1.009921630389224
インバ	0.9999216303892241
インバレレート	1.009921630389224
インバータ	1.4886617401811248
インバーター	1.4986617401811249
インバーティング	1.2513463562428462
インバート	1.2513463562428462
インパクタ	0.9999216303892241
インパクト	0.9999216303892241
インパルス	1.9082413144813752
インヒビタスイッチ	2.486165978713565
インヒビター	0.9999216303892241
インビ	0.9999216303892241
インビボ	1.009921630389224
インピンジメント	1.7864014672583832
インピーダンス	1.0731542006192127
インフォテインメントシステム	5.403762523844088
インフォメーション	0.9999216303892241
インフラ	0.9999216303892241
インフラストラクチャ	1.009921630389224
インフラストラクチャー	1.019921630389224
インフリキシマブ	0.9999216303892241
インフルエンザ	0.9999216303892241
インフレーション	0.9999216303892241
インフレータ	0.9999216303892241
インブリネーション	0.9999216303892241
インプ	0.9999216303892241
インプット	1.009921630389224
インプツト	1.009921630389224
インプツトセンサー	3.403611554533991
インプラント	1.1043082601209713
インプレグネーティング	1.009921630389224
インヘレント	0.9999216303892241
インベントリ	0.9999216303892241
インペラヘッド	2.754137693505648
インボイス	0.9999216303892241
インボリュー	0.9999216303892241
インボリュート	1.009921630389224
インポータンス	0.9999216303892241
インポータンスマップ	1.009921630389224
インレット	0.9999216303892241
インレー	0.9999216303892241
インン	0.9999216303892241
イー	0.05996772325459172
イージング	0.232253993475009
イージングレバー	1.9483122949711909
イーゼル	0.13409190565316204
イールド	0.14409190565316204
ゥレタン	0.29127355423406703
ウィ	0.08480716753128006
ウィスカー	0.3892691831583105
ウィック	0.09480716753128006
ウィッシュボーン	0.09480716753128006
ウィルス	0.13409190565316204
ウィルムス	0.11386714349118253
ウィン	0.09480716753128006
ウィンカランプ	1.2639564963308574
ウィング	0.35477383518500283
ウィンチ	0.4022757169594861
ウィンド	0.35980633952755037
ウィンドウ	0.773211647691891
ウィーン	0.09480716753128006
ウイ	0.05996772325459172
ウイスカー	0.3892691831583105
ウイッキング	0.5161858433956596
ウイック	0.09480716753128006
ウイルス	0.4981293209914588
ウイン	0.9999216303892241
ウイング	1.009921630389224
ウインチ	1.009921630389224
ウインド	1.009921630389224
ウインドウ	1.019921630389224
ウインドー	1.019921630389224
ウェ	0.04240358376564003
ウェア	0.1468903230101827
ウェアハウス	0.4055142989915278
ウェアラブル	0.3329360728346088
ウェイ	0.6078668725739734
ウェイク	0.6178668725739734
ウェイストゲートバルブ	2.3080238731985063
ウェイト	0.6178668725739734
ウェザー	0.37449831169343445
ウェスタン	0.317243153868246
ウェスト	0.35448834300625753
ウェッジ	0.3886352646868921
ウェット	0.26818381130632407
ウェッブ	0.4022757169594861
ウェハ	0.36722580752545675
ウェハー	0.37722580752545676
ウェビング	0.5929528970303382
ウェブ	1.7153808903015193
ウェブサイト	1.7253808903015193
ウェプ	0.05193357174559127
ウェル	0.5219259366037505
ウェルカム	1.7609137548917864
ウェー	0.2596678587279564
ウェート	0.2696678587279564
ウェーハ	0.5397095092913256
ウェーハカット	1.0035477290886121
ウェーハカットライン	1.9566431884984825
ウェーハマウント	0.6669134949753401
ウェーブ	0.4240358376564003
ウェール	0.2696678587279564
ウエ	0.1468903230101827
ウエア	1.3475625580094572
ウエアラブル	1.3575625580094572
ウエィストロール	2.2102925019839486
ウエイ	0.15689032301018271
ウエイク	0.16961433506256013
ウエイテイングアーム	2.414698225225277
ウエイト	0.45670057398220937
ウエザストリップ	1.3441976154258237
ウエザー	0.16961433506256013
ウエスト	0.38398078223514176
ウエストライン	1.9566431884984825
ウエッジ	1.156074033717687
ウエット	0.26818381130632407
ウエッブ	0.5751901951313284
ウエツジ	0.22412760182266578
ウエツジガイド	2.7868682187841656
ウエノ	0.15689032301018271
ウエハ	0.7214842366476997
ウエハキャ	0.7314842366476997
ウエハー	0.7314842366476997
ウエビング	0.5929528970303382
ウエブ	0.7978186675705553
ウエル	0.17990316976377518
ウエルト	0.1899031697637752
ウエルドメッシュ	0.8365980208931468
ウエート	0.17422837374383504
ウエーハ	0.15689032301018271
ウエーブ	0.25442150259384017
ウォシュレット	0.3083356563510264
ウォシュレッノズル	2.8018823536451953
ウォッシャー	0.32845674748767006
ウォッシュ	0.16422837374383503
ウォッチ	0.31731936484478923
ウォブリング	2.4197401140516974
ウォブル	0.3329360728346088
ウォラストナイト	0.35448834300625753
ウォルトマンニン	0.22621670106726474
ウォー	0.05193357174559127
ウォーキング	0.5161858433956596
ウォータ	0.6026681599904457
ウォーター	0.6126681599904457
ウォーム	0.8200462820155027
ウォームギャ	0.8300462820155027
ウォームシャフトギヤユニット	4.219289943676456
ウォーメポン	0.16288829553044754
ウォール	0.5593416857463059
ウオ	0.08480716753128006
ウオッシャー	0.21773428698236508
ウオッシュ	0.09480716753128006
ウオータジャケット	0.6838034868066778
ウオータジヤケツト	0.2644215025938402
ウオーター	0.17738691759250141
ウオーニング	0.20889043756735093
ウオーム	0.23033548451527405
ウオール	0.5929528970303382
ウシ	0.1468903230101827
ウジング	0.20889043756735093
ウスター	0.21773428698236508
ウチワ	0.05193357174559127
ウッド	0.18483445477046012
ウト	0.04240358376564003
ウトロ	0.19963459157915525
ウナギ	0.20773428698236507
ウニノー	0.10481729578957762
ウマ	0.10386714349118253
ウム	0.08480716753128006
ウユブ	0.05193357174559127
ウラン	0.4319103313511005
ウルトラ	0.32731936484478924
ウレア	0.31160143047354766
ウレイド	0.28805889375327487
ウレタン	0.8648668042690589
ウレタンアクリレートオリゴマ	0.9361082485395125
ウレタンアクリレートオリゴマー	0.9461082485395125
ウレタンプレポリマー	2.3989443002971984
ウレトジオン	1.1965428969745833
ウロキナーゼ	0.5530308299275676
ウン	0.04240358376564003
ウンデカノイル	0.36223062078091095
ウンデカノン	0.2535900433794421
ウンデカン	0.232253993475009
ウンデシレン	0.22621670106726474
ウンデセノイルオキシベンゼンスルホネート	0.7419993490561012
ウント	0.1372107512969201
ウー	0.05996772325459172
ウースタノーマル	0.16288829553044754
ウースター	0.21201791882820015
ウーリー	0.14409190565316204
ウール	0.3780821092507383
ェクストルーダー	0.35448834300625753
ェット	0.16865968242239462
ェニル	0.10386714349118253
ェハ	0.05996772325459172
ェブ	0.08480716753128006
ェポ	0.04240358376564003
ェポキ	0.05193357174559127
ェリァ	0.05193357174559127
ェーブカウンタモード	2.8124887485642174
エア	1.3375625580094572
エアインテークルーバ	1.3475625580094572
エアコン	1.3475625580094572
エアコンコンプレツサ	1.3575625580094572
エアコンプレツサ	1.3575625580094572
エアジェツト	1.3475625580094572
エアジェツトルーム	1.3575625580094572
エアゾール	1.3475625580094572
エアタツカー	1.3475625580094572
エアパージャ	1.3475625580094572
エアフィルタエ	2.9306189786257337
エアポート	1.7222333997777917
エアロゾル	1.3475625580094572
エアー	1.3475625580094572
エアーサッカ	1.3575625580094572
エイコシル	0.29127355423406703
エイト	0.16865968242239462
エイミング	0.22412760182266578
エイミングスクリュウ	0.6530821881525095
エイミングスクリュー	1.1576418511862792
エイリアス	0.4725684879282077
エオジン	0.1221893373417793
エキサイタコイル	2.4297923760121374
エキシマ	0.16961433506256013
エキス	0.22637319101615158
エキスパンション	0.6737210705270433
エキスパンド	0.6737210705270433
エキソソーム	0.396315033414545
エキゾースト	0.35448834300625753
エクジット	0.16865968242239462
エクステリア	0.4725684879282077
エクステンション	0.825649219323338
エクステンデッドニップ	0.6669134949753401
エクステンデッドニップカレンダー	0.6769134949753401
エクストルーダー	0.35448834300625753
エクスパンション	0.6737210705270433
エコ	0.1748344547704601
エコノマイザ	0.2679309304799971
エコー	0.20113785847974305
エジェクタ	0.4693216697860671
エジェクター	0.4793216697860671
エジェクト	0.06704595282658102
エジエクトボタン	1.1322939780988048
エス	0.07344516150509135
エスカッション	0.31731936484478923
エスカツシヨン	0.32160143047354767
エスカレータ	0.21336044372468793
エスケリキア	0.1468903230101827
エステ	0.4009417256758612
エステラーゼ	0.41094172567586124
エステル	1.5911235005388074
エストロゲン	0.35448834300625753
エスピー	0.17422837374383504
エゼクタ	0.41003460917662976
エタ	0.07344516150509135
エタノ	0.08344516150509135
エタノリカス	0.2975950975656642
エタノール	0.5236456313346572
エタロン	0.13409190565316204
エタン	0.30724315386824597
エタンジスルホン	1.1092265242733208
エタンデュ	0.317243153868246
エチ	0.04240358376564003
エチニル	0.08480716753128006
エチル	0.8549344898429136
エチルアクリレート	0.9361082485395125
エチルアルミノキサン	0.8649344898429137
エチルカルボニルオキシエチル	0.9722904534636984
エチルコポリマー	2.3989443002971984
エチルピペラジン	0.8649344898429137
エチルヘキサノエート	0.8649344898429137
エチルヘキシル	0.8649344898429137
エチルヘキシルアクリレート	0.9361082485395125
エチルヘキシルステアレート	0.8749344898429137
エチレ	0.05193357174559127
エチレン	1.5370933562561908
エチレンイソフタレート	1.5470933562561908
エチレンイミン	1.5470933562561908
エチレンオキシドアダクト	1.9176900603419238
エチレング	1.5470933562561908
エチレングリコールアルキルエーテル	3.097609898211153
エチレングリコールアルキルエーテルカルボン	3.1076098982111526
エチレングリコールジメチルエーテル	1.5570933562561908
エチレングリコールモノアリルエーテル	1.5570933562561908
エチレングリコールモノエチルエーテル	1.5570933562561908
エチレングリコールモノフェニルエーテル	1.5570933562561908
エチレングリコールモノベンジルエーテル	1.5570933562561908
エチレンコポリマー	2.3989443002971984
エチレンジオキシチオフェン	1.5470933562561908
エチレンープロピレンージエンモノマーエラストマー	1.5470933562561908
エチン	0.09480716753128006
エッ	0.04240358376564003
エッジ	1.146074033717687
エッタ	0.07344516150509135
エッチ	0.18724915584671722
エッチャント	0.29127355423406703
エッチャントガス	3.3084973483000644
エッチング	1.1057501810966899
エツジ	0.21412760182266577
エツジカツタ	0.22412760182266578
エツチング	0.47159568246042294
エツチングコニ	0.48159568246042295
エツヂ	0.05193357174559127
エテン	0.25725325710649016
エディタ	0.2243786746835586
エト	0.04240358376564003
エトキシ	0.26818381130632407
エトキシイソキノリニウムヘキサフルオロホスフェート	1.1478075494749316
エトキシエタ	0.2781838113063241
エトキシエタノール	0.5336456313346573
エトキシエチル	0.8649344898429137
エトキシエチルジメチルベンジルアンモニウムクロリド	1.334051478706704
エトキシカルボニルオキシ	0.9722904534636984
エトキシビニル	1.4265589752796493
エトキシフェニル	1.3535982181568749
エトキシベンゼン	0.7419993490561012
エトキシル	0.29127355423406703
エナ	0.04240358376564003
エナジー	0.09480716753128006
エナメル	0.15865968242239462
エナンチオマー	0.6804595282658102
エナント	0.1372107512969201
エネルギ	0.8914842965229313
エネルギエントロピ	0.9014842965229313
エネルギー	1.8772866791442684
エネルギービ	1.8872866791442684
エノキシエチルメタクリレート	0.9562747118318686
エノラーゼ	0.2498708930183669
エノール	0.23033548451527405
エノールエーテル	1.0810577848632805
エハキャリヤ	0.6274054990263417
エハチヤツク	0.2644215025938402
エバスチン	0.8516871051470626
エバネセント	1.0785366567262578
エバポレータ	0.6144863077364919
エビ	0.23609316254660823
エピ	0.21201791882820015
エピクロルヒドリン	0.6655434966228759
エピクロロヒドリン	0.6655434966228759
エピタキシャル	0.4197740627821421
エピデリミジス	0.22201791882820016
エピトープ	0.2844518873687329
エピトープタグ	0.9788082185038262
エピナスチン	0.22201791882820016
エピノ	0.22201791882820016
エピハロヒドリン	0.669644955800509
エフェクター	0.41003460917662976
エフェクト	0.30724315386824597
エフェクトウィーブ	0.5851901951313284
エフリン	0.6655434966228759
エプロン	0.34656801202533793
エボラ	0.07344516150509135
エポキ	0.10386714349118253
エポキシ	1.0693776931860408
エポキシド	1.0793776931860408
エポキシフィ	1.0793776931860408
エマルション	0.7561642185014766
エマルシヨン	0.32160143047354767
エマルジョン	0.9173297731826852
エマルジヨン	0.11386714349118253
エマルジヨンブレーカ	0.343886152456969
エミッション	0.36477383518500284
エミッタ	0.46836289111403495
エミッター	0.47836289111403496
エミツタ	0.13409190565316204
エミュレーション	0.39778087513470184
エミュレート	0.8696535753114312
エメダスチン	0.11386714349118253
エメラルド	0.10481729578957762
エメリー	0.14409190565316204
エヤハンマー	0.44657161510339055
エヤー	0.10386714349118253
エラ	0.20773428698236507
エラスターゼ	0.3880821092507383
エラスト	0.35448834300625753
エラストマ	0.36448834300625754
エラストマー	1.1705232608202514
エラー	1.1222939780988048
エラープルーフィングプロット	1.224623992524929
エリ	0.04240358376564003
エリア	1.4420336053817198
エリオ	0.11386714349118253
エリスリトール	0.23033548451527405
エリスロブラストーシスウイルスオンコジーンホモログ	1.1965428969745833
エリスロポエチン	0.16961433506256013
エリテマトーデス	0.16961433506256013
エリトリトール	0.6963619642990486
エル	0.13409190565316204
エルカ	0.14409190565316204
エルゴ	0.14409190565316204
エルゴステロール	2.2102925019839486
エルステッド	0.4009417256758612
エルダー	0.14409190565316204
エルボ	0.28915388999957925
エレ	0.07344516150509135
エレクタ	0.41003460917662976
エレクト	0.08480716753128006
エレクトレット	0.4487573493671172
エレクトロ	0.41870184120271187
エレクトロニクス	0.4287018412027119
エレクトロニック	0.4287018412027119
エレクトロマイグレーション	0.4287018412027119
エレクトロルミネセンス	0.4287018412027119
エレクトロルミネッセンス	0.4287018412027119
エレベータ	1.2966070189608814
エレベーター	1.3066070189608814
エレメン	0.1372107512969201
エレメント	1.686842063543138
エロ	0.04240358376564003
エロンゲータ	0.232253993475009
エロージョン	0.4764394214220403
エン	0.13409190565316204
エンキュー	0.5952616304101257
エンクローザ	0.4764394214220403
エンクロージ	0.4764394214220403
エンクロージャ	0.6051626596867626
エンクロージャー	0.6151626596867626
エンコ	0.14409190565316204
エンコー	0.15409190565316205
エンコーダ	0.9386433395721342
エンコーダー	0.9486433395721342
エンコーデッド	0.39514967620912805
エンコード	2.167588347892903
エンジ	0.14409190565316204
エンジニアリング	2.4197401140516974
エンジン	3.144733937701738
エンジンウエルダー	3.154733937701738
エンジンエンクローザ	3.154733937701738
エンジンン	3.154733937701738
エンスト	0.35448834300625753
エンズ	0.14409190565316204
エンタルピ	0.14409190565316204
エンタルピー	0.17422837374383504
エンタングルメント	0.29127355423406703
エンタングルメントエネルギー	1.8872866791442684
エンター	0.14409190565316204
エンターテインメント	0.9999216303892241
エンティティ	0.37449831169343445
エンテロコッカス	0.2975950975656642
エンテロバクタ	0.41003460917662976
エンテロバクター	0.42003460917662977
エントランス	0.7041765838268145
エントリ	0.6963619642990486
エントリー	0.7063619642990486
エントロピー	0.19963459157915525
エンド	0.8874412630040971
エンドウ	0.8974412630040971
エンドエフェクタ	0.8974412630040971
エンドグルカナーゼ	0.8974412630040971
エンドトキシン	0.8974412630040971
エンドミネル	0.8974412630040971
エンドミル	0.8974412630040971
エンドレス	0.8974412630040971
エンドレスチェメン	0.9074412630040971
エンハンサ	0.14409190565316204
エンハンス	0.14409190565316204
エンブロイダリー	0.14409190565316204
エンベロープ	1.1965428969745833
エンボ	0.14409190565316204
エンボス	0.6374656422540286
エー	0.04240358376564003
エージ	0.07344516150509135
エージェント	0.5141161305356395
エージング	0.4240358376564003
エータ	0.232253993475009
エーテ	0.07344516150509135
エーテル	1.0710577848632805
エーテルジオール	1.0810577848632805
エーブル	0.3329360728346088
エール	0.2490646604957294
エーロゲル	0.6530821881525095
エーロフォイル	0.36223062078091095
ォツシレーター	0.15063677711703352
ォトニッククリスタルファイバ	1.7747228402233124
ォーム	0.20431763234344605
オア	0.16961433506256013
オイ	0.05996772325459172
オイゲノール	0.23033548451527405
オイリング	2.4197401140516974
オイリングローラ	2.585297799244149
オイル	1.2667959761466776
オイルメン	1.2767959761466776
オウム	0.09480716753128006
オガクズ	0.08480716753128006
オキアミ	0.4340358376564003
オキサ	0.10386714349118253
オキサイド	1.4284616745593937
オキサジアゾール	0.3075950975656642
オキサジノン	0.2535900433794421
オキサジリジニウム	0.22412760182266578
オキサジリジニウムカチオン	1.1965428969745833
オキサジリジニウムポリイオン	1.745700461353355
オキサゾリウム	0.1121893373417793
オキサゾリン	0.6655434966228759
オキサゾロン	0.11386714349118253
オキサゾール	0.2844518873687329
オキシ	0.7044612415618219
オキシアルキレン	1.1517514349555236
オキシゲナーゼ	0.7144612415618219
オキシジ	0.7144612415618219
オキシジフェニレン	0.7244612415618219
オキシジフェニレンテレフタルアミド	0.9981035909661093
オキシターゼ	0.7144612415618219
オキシダーゼ	0.7144612415618219
オキシド	0.7144612415618219
オキシハロケン	0.7144612415618219
オキシベンゾイル	0.7144612415618219
オキシム	0.7144612415618219
オキシラニル	0.7144612415618219
オキセタニル	0.2844518873687329
オキセタノン	0.2535900433794421
オキセタン	0.29127355423406703
オキソ	0.232253993475009
オク	0.08480716753128006
オクグストローム	0.4764394214220403
オクタ	0.41003460917662976
オクタアルキルトリチタネート	3.097609898211153
オクタデカノイル	0.42003460917662977
オクタデシル	0.42003460917662977
オクタノイルオキシベンゼンスルホネート	0.7419993490561012
オクタノール	0.42003460917662977
オクタフルオロメチルメタクリレート	1.334051478706704
オクタン	0.42003460917662977
オクタンジオール	0.5929528970303382
オクチル	0.3229360728346088
オクチルアクリレート	0.9361082485395125
オクチルイソチアザリノン	0.41778087513470186
オクチルトリエトキシシラン	0.6963619642990486
オクチルドデカノール	0.3329360728346088
オクチルフェノール	1.1137156804199797
オクテット	0.29983861627295866
オクテツト	0.2644215025938402
オクテニルスクシネート	0.16865968242239462
オクテン	0.25725325710649016
オクト	0.09480716753128006
オサ	0.10386714349118253
オシレータ	0.15063677711703352
オス	0.2398708930183669
オスタツト	0.2644215025938402
オスミウム	0.2498708930183669
オゾナイザー	0.12721075129692008
オゾン	0.7667899977095918
オッシレーター	0.29682508635948024
オットマン	0.22621670106726474
オップ	0.3128221585760398
オトレジスト	1.1541112406455527
オド	0.04240358376564003
オニウム	0.22412760182266578
オパール	0.35708829191340724
オフ	1.1000440971080092
オフィス	1.1100440971080092
オフイス	1.1100440971080092
オフセ	1.1100440971080092
オフセット	1.697641325404402
オブ	0.09481729578957762
オブザーバ	0.21773428698236508
オブジェクト	2.641984883107885
オブジェクトリクエストブローカ	2.6519848831078847
オブスキュレーション	0.2535900433794421
オプション	0.6325102539467224
オプティ	0.19889043756735092
オプティカル	0.232253993475009
オペ	0.2875950975656642
オペランド	0.6021338224194611
オペレーション	0.8205942582089727
オペレータ	0.5569255116613574
オペレーター	0.5669255116613574
オペレーティング	0.464507986950018
オボ	0.05996772325459172
オム	0.05996772325459172
オムツ	0.08995158488188759
オメガ	0.07344516150509135
オヨ	0.04240358376564003
オラパタジン	0.1221893373417793
オリ	0.15288829553044753
オリアイス	0.4725684879282077
オリゴ	0.42825520364533154
オリゴアルキレングリコールコポリマー	2.408944300297198
オリゴマー	0.5883258483720206
オリジナル	0.3792691831583105
オリスイス	0.16288829553044754
オリノイス	0.16288829553044754
オリフ	0.16288829553044754
オリフィス	1.1804658127330412
オリフイス	0.22236626923763728
オリーブ	0.4020898683114691
オルガネラ	0.09481729578957762
オルガノ	0.5158618609599942
オルガノハイドロジェンポリシロキサン	1.5812230131018736
オルガノポリシロキサン	1.5812230131018736
オルガン	0.37966587295677356
オルセイン	0.9999216303892241
オルソ	0.1161269967375045
オルタネータ	0.4759790472671838
オルト	0.2748066310683302
オルトーメタリルオキシフェノールヲ	1.1137156804199797
オレ	0.07344516150509135
オレイ	0.28805889375327487
オレイン	0.9999216303892241
オレオイルオキシインドール	1.2767959761466776
オレオニユーマチツク	0.09481729578957762
オレフィン	1.224623992524929
オレフィンコポリマー	2.3989443002971984
オレフィンブロックコポリマー	2.9691504307395724
オレンジ	0.7625889539406222
オロパタジン	0.1221893373417793
オン	1.1865428969745833
オングストローム	1.1965428969745833
オンゲスドロ	1.1965428969745833
オンコジーン	1.1965428969745833
オンス	1.1965428969745833
オンマシンキャレンダー	1.1965428969745833
オンリー	1.1965428969745833
オー	0.07344516150509135
オーガ	0.36722580752545675
オーガー	0.37722580752545676
オーク	0.10386714349118253
オークション	0.25442150259384017
オーグ	0.08344516150509135
オーケストレーション	0.5472050432983936
オーケストレータシナプス	0.5472050432983936
オーケストレータニューロン	0.6389467875403476
オーケストレート	0.8696535753114312
オーステナイ	0.4009417256758612
オーステナイト	0.4272042690461081
オーステンパ	0.4009417256758612
オーソリゼーション	0.15689032301018271
オーダ	0.21412760182266577
オーダリング	2.4197401140516974
オーダー	0.32845674748767006
オーテイオ	0.16288829553044754
オーディオ	0.7818834513517224
オーディオビジュアル	0.7918834513517224
オート	0.4056141618946792
オートオンコンダクタ	1.1965428969745833
オートタキシン	0.4156141618946792
オートテンショナ	0.4287018412027119
オートテンショナー	0.4387018412027119
オートテンシヨナ	0.4156141618946792
オートトラツキング	0.5161858433956596
オートバイ	0.4156141618946792
オートマチック	0.4156141618946792
オートメーション	0.4156141618946792
オートメーシヨン	0.4156141618946792
オートリチカス	0.6963619642990486
オーナメント	0.16580071523677384
オーニング	0.20889043756735093
オーバ	0.37087988565973523
オーバラッグ	0.38087988565973524
オーバラップ	0.7106221871410544
オーバル	0.38087988565973524
オーバー	1.2513463562428462
オーバークラッディング	1.2613463562428462
オーバーコート	1.2613463562428462
オーバーシュート	1.2613463562428462
オーバーハング	1.2613463562428462
オーバーフイード	1.2613463562428462
オーバーフロー	1.2613463562428462
オーバーヘッド	2.754137693505648
オーバーライト	1.2613463562428462
オーバーライド	1.2613463562428462
オーバーラップ	1.2613463562428462
オーバーレイ	1.2613463562428462
オービタル	0.08344516150509135
オーブン	0.18963459157915524
オープナ	0.08480716753128006
オープナー	0.3144733937701738
オープニング	0.20889043756735093
オープニングウエザストリツプ	0.6963619642990486
オープン	0.667772304913938
オープンエンドオ	0.8974412630040971
オープンシヨーケース	2.4952262577163373
オーベン	0.08344516150509135
オーミック	0.18963459157915524
オーム	0.22033548451527404
オーラ	0.08344516150509135
オール	0.5829528970303381
カイ	0.05996772325459172
カイガラ	0.06996772325459172
カイト	0.16865968242239462
カイドローラ	2.585297799244149
カイラルセンタ	0.769722658007814
カイロ	0.2490646604957294
カウリング	2.4197401140516974
カウル	0.2490646604957294
カウンセリング	2.4197401140516974
カウンタ	1.265020507893445
カウンター	1.275020507893445
カウンターバランス	1.285020507893445
カウント	1.364842194963124
カウントダウン	1.374842194963124
カエデ	0.05193357174559127
カオ	0.04240358376564003
カオトロープ	1.1965428969745833
カオリナイト	0.16288829553044754
カオリン	0.6655434966228759
カカオ	0.05193357174559127
カギ	0.13409190565316204
カギ型	0.14409190565316204
カグラ	0.1372107512969201
カゴ	0.18483293647838678
カシミヤ	0.15063677711703352
カシメ	0.34055120406914213
カジノ	0.06996772325459172
カス	0.2875950975656642
カスケード	0.2975950975656642
カスタマイズ	0.2975950975656642
カスタム	0.2975950975656642
カステラ	0.4009417256758612
カスト	0.35448834300625753
カスパーゼ	0.35708829191340724
カスリ	0.2975950975656642
カズン	0.08995158488188759
カセ	0.05996772325459172
カセッ	0.1948329364783868
カセッテ	0.21621670106726473
カセット	1.697641325404402
カセツト	0.537068188233943
カゼイン	0.9999216303892241
カソー	0.396315033414545
カソード	0.45670057398220937
カタマラン	0.4319103313511005
カタラーゼ	0.2498708930183669
カタログ	0.6911024081382843
カチ	0.04240358376564003
カチオン	1.1965428969745833
カッ	0.08480716753128006
カックーホルダ	1.1298882004594617
カッコ	0.09480716753128006
カッタ	0.7824581544439076
カッター	1.0626307634143388
カッティイング	1.009921630389224
カッティング	0.44674947643487084
カッテイング	1.009921630389224
カット	0.9935477290886121
カットオフ	1.1100440971080092
カットパイルタフト	1.1030752363377065
カットループルーパ	1.5196509575875585
カッパー	0.35708829191340724
カッブリング	2.4197401140516974
カップ	1.0137028795909357
カップラ	1.0237028795909358
カップリング	2.4197401140516974
カップル	1.0237028795909358
カツタ	0.11386714349118253
カツタヘツド	0.5135146593495772
カツター	0.35980633952755037
カツターシヤンク	0.3698063395275504
カツターツース	0.3698063395275504
カツト	0.2644215025938402
カツプ	0.10386714349118253
カツプリング	2.4197401140516974
カツプリングホーン	2.429740114051697
カテ	0.11993544650918345
カテキン	0.4197740627821421
カテコールアミン	1.0881689671863493
カテゴリ	0.6863619642990486
カテゴリー	0.6963619642990486
カテプシン	0.1948329364783868
カテーテル	1.0451429706375404
カトー	0.15063677711703352
カドミウム	0.14991930813647933
カナダ	0.15580071523677383
カナディアン	0.5241161305356395
カナル	0.07344516150509135
カナード	0.1372107512969201
カニ	0.05996772325459172
カニカルシャットオフ	1.1100440971080092
カバ	0.33922867012512026
カバノキ	0.34922867012512027
カバリング	2.4197401140516974
カバリングヤーン	2.429740114051697
カバレッジ	0.407824609661669
カバン	0.34922867012512027
カバー	2.775896776313024
カバード	2.785896776313024
カバーリング	2.785896776313024
カビ	0.13409190565316204
カフ	0.09481729578957762
カフェイン	0.9999216303892241
カブラ	0.3868912964999357
カブリ	0.1468903230101827
カプセル	1.5599075430497955
カプト	0.05193357174559127
カプラ	0.37087988565973523
カプラー	0.5158618609599942
カプリン	0.7333509518935939
カプリング	2.4197401140516974
カプレット	0.7345927570170282
カプロ	0.34656801202533793
カプロラクタム	0.41003460917662976
カプロラクチム	0.35656801202533794
カプロラクトン	0.35656801202533794
カプロン	0.35656801202533794
カポック	0.09480716753128006
カマ	0.15865968242239462
カム	1.7509137548917864
カムシャフト	2.0489025906561187
カムフォロア	1.7609137548917864
カムフォロワ	1.7609137548917864
カムフオロア	1.7609137548917864
カムフオロワー	1.7609137548917864
カムフラージュ	1.7609137548917864
カムペストリス	1.7609137548917864
カメラ	1.5475855828799823
カメリア	0.4725684879282077
カヤ	0.05996772325459172
カラ	0.09481729578957762
カラオケ	0.38398078223514176
カラギーナン	0.20773428698236507
カラス	0.16288829553044754
カラミ	0.20431763234344605
カラム	0.5665283832574346
カラメル	0.10481729578957762
カラン	0.4319103313511005
カラント	0.4419103313511005
カラー	1.3582391460969094
カリ	0.08480716753128006
カリア	0.4725684879282077
カリウム	0.5936501727189605
カリパ	0.09480716753128006
カリュウム	0.1161269967375045
カリン	0.6655434966228759
カル	0.1406367771170335
カルコアセチカス	1.5812230131018736
カルシア	0.16865968242239462
カルシウム	1.0190102607864033
カルシウムアルミネート	1.0290102607864033
カルシニューリン	0.6655434966228759
カルテ	0.21412760182266577
カルニチン	0.15063677711703352
カルバゾール	0.16422837374383503
カルバミル	0.4276268667943385
カルバミン	0.16288829553044754
カルバメート	0.2435900433794421
カルバモイル	0.35980633952755037
カルバート	1.2513463562428462
カルビ	0.2781838113063241
カルプロフェン	0.34656801202533793
カルベトキシインドール	1.019921630389224
カルホン	0.15063677711703352
カルボ	0.15063677711703352
カルボアルコキシ	1.708791507352297
カルボキ	0.16063677711703353
カルボキサミド	0.3365680120253379
カルボキサルデヒド	0.17063677711703354
カルボキシ	0.773211647691891
カルボキシポリカプロラクトンモノ	1.5812230131018736
カルボキシメチルセルロース	2.028072042847891
カルボキシメチルセルロースナトリウム	2.0380720428478907
カルボキシラーゼ	0.783211647691891
カルボキシラート	0.783211647691891
カルボキシル	1.061784382743677
カルボジイミド	0.4831373559159343
カルボニル	0.9622904534636983
カルボニルジオキシ	0.9722904534636984
カルボニルジオキシインドール	1.019921630389224
カルボネート	0.17422837374383504
カルボヒドラーゼ	0.27139324554097943
カルボン	1.2038436428509887
カルポキシメチルセルロースナ	2.028072042847891
カルマン	0.22621670106726474
カルマンフィルタ	2.9306189786257337
カルミン	0.16288829553044754
カルモジュリン	0.6655434966228759
カレン	0.2844518873687329
カレンダ	0.2944518873687329
カレンダリング	2.4197401140516974
カレンダー	0.5649392402020885
カレント	0.2944518873687329
カレー	0.15063677711703352
カロ	0.1406367771170335
カロチノイド	0.2535900433794421
カロチン	0.15063677711703352
カロリー	0.2613932455409794
カワラ	0.10386714349118253
カン	0.10386714349118253
カンジダ	0.11386714349118253
カンタ	0.11386714349118253
カンチレバー	1.9483122949711909
カント	0.1372107512969201
カンヌキ	0.13409190565316204
カンバス	0.8516871051470626
カンペストリス	0.6963619642990486
カンマ	0.11386714349118253
カー	0.3792691831583105
カーカスコード	2.167588347892903
カーカスプライ	0.5929528970303382
カーゴ	0.3892691831583105
カーサ	0.3892691831583105
カージング	0.3892691831583105
カーソル	0.3892691831583105
カーテン	0.7932984121119729
カーテンフローコーター	0.9476850510736317
カーディング	0.3892691831583105
カート	0.3892691831583105
カートリッジ	1.6389958788103949
カートリツジ	0.6963619642990486
カートリツジホルダー	1.1298882004594617
カートン	0.43657161510339054
カード	1.3572459180693113
カーネル	0.3892691831583105
カーバ	0.3892691831583105
カーバイド	0.3992691831583105
カーブ	0.3892691831583105
カーペット	0.6108176999770083
カーペツ	0.3892691831583105
カーペツト	0.3992691831583105
カーペート	0.3892691831583105
カーボニル	0.3892691831583105
カーボネート	0.3892691831583105
カーボン	1.3014515776746407
カーボンナノチューブシート	4.060152726406218
カーポ	0.3892691831583105
カーポート	1.7222333997777917
カーラマトリクステーブル	2.1301791882820016
カーラー	0.3892691831583105
カーリング	2.4197401140516974
カール	0.3892691831583105
カ所	0.19889043756735092
カ月	0.04240358376564003
ガイ	0.09481729578957762
ガイダンス	0.44975792440943796
ガイダー	0.10481729578957762
ガイド	2.776868218784166
ガイドゴデット	2.7868682187841656
ガイドステイク	2.7868682187841656
ガイドステイツク	2.7868682187841656
ガイドトラツク	2.7868682187841656
ガイドライン	2.7868682187841656
ガイドレ	2.7868682187841656
ガイドロ	2.7868682187841656
ガイドワイヤハブ	2.7868682187841656
ガウシアン	0.5241161305356395
ガウス	0.15580071523677383
ガウン	0.1161269967375045
ガコーナコンパートメント	0.6446387296895785
ガス	3.2984973483000646
ガスケット	3.3084973483000644
ガススプリグ	3.3084973483000644
ガスター	3.3084973483000644
ガスターボチャージャ	3.318497348300064
ガスット	3.3084973483000644
ガセ	0.07344516150509135
ガセット	1.697641325404402
ガセットプレート	3.0095852774196854
ガゼツト	0.2644215025938402
ガソリン	0.6655434966228759
ガタ	0.1748344547704601
ガター	0.18483445477046012
ガット	0.16865968242239462
ガドリニウム	0.22412760182266578
ガニックフ	0.09480716753128006
ガバナ	0.44372063150204855
ガバナー	0.45372063150204855
ガボール	1.242260109394632
ガム	0.1748344547704601
ガラ	0.04240358376564003
ガラクタナーゼ	0.41003460917662976
ガラス	2.5068373275928635
ガラスサーフエイシングマット	2.5168373275928633
ガラスチョツプドストランドマット	2.5168373275928633
ガラリ	0.15580071523677383
ガリウム	0.2398708930183669
ガリオネラ	0.11386714349118253
ガル	0.05996772325459172
ガルバ	0.10386714349118253
ガルバノスキャンミラー	1.0577203924814922
ガルバノメータ	0.5472050432983936
ガレージ	0.2748066310683302
ガロア	0.4725684879282077
ガロン	0.06996772325459172
ガン	0.36966587295677356
ガンジ	0.37966587295677356
ガンマ	0.37966587295677356
ガンマー	0.3896658729567736
ガー	0.11993544650918345
ガーゼ	0.1374033155341651
ガーター	0.1468903230101827
ガーダー	0.12993544650918346
ガード	0.45274638203230316
ガードル	0.46274638203230317
ガードレ	0.46274638203230317
ガードレール	2.1322983084394553
ガーニッシュ	0.3816322538907603
ガーネット	1.011658457370907
ガーベッジ	0.2508629846468741
ガーメント	0.464507986950018
ガーメントバ	0.474507986950018
ガーレイズ	0.28805889375327487
キイ	0.04240358376564003
キケン	0.18483445477046012
キサ	0.05996772325459172
キサンタンガム	0.29127355423406703
キサンチン	0.2781838113063241
キサンテン	0.2781838113063241
キサントモナス	0.2781838113063241
キシ	0.15865968242239462
キシエチルメタクリレート	0.9562747118318686
キシエトキシエタノール	0.5436456313346573
キシカルボニルメチル	1.334051478706704
キシラナーゼ	0.16865968242239462
キシラン	0.6989766860125151
キシリトール	0.2363731910161516
キシリル	0.2696678587279564
キシリルホスフェート	0.34656801202533793
キシリレングリコール	1.246266285532451
キシリレンジアミン	1.0881689671863493
キシリレンジイソシアネート	1.2261034376439932
キシリレンジオール	0.7625889539406222
キシリレンジクロライド	0.7625889539406222
キシリレンジブロマイド	0.7625889539406222
キシレン	0.22621670106726474
キシレンジメチレンフィラメント	2.283243430667199
キシローサス	0.4764394214220403
キシロース	0.4764394214220403
キス	0.1121893373417793
キズ	0.09481729578957762
キセノン	0.2535900433794421
キセロゲル	0.6530821881525095
キセロゲルファイバー	1.7747228402233124
キチン	0.16422837374383503
キッカー	0.3892691831583105
キック	0.1161269967375045
キッチン	0.281273554234067
キット	0.5088430051876803
キッド	0.18483445477046012
キツカ	0.05193357174559127
キツク	0.07344516150509135
キツクアイドルギア	0.7895804023096925
キツクドライブギア	0.967607747068977
キツクドリブンギア	1.1181866515817052
キツクドリンンギア	0.769722658007814
キト	0.05996772325459172
キトサン	0.42825520364533154
キドニポート	1.7222333997777917
キナ	0.1748344547704601
キナクリドンピグメント	0.6353630159890327
キナーゼ	0.5430308299275676
キネシン	0.1948329364783868
キノキサリノイル	0.36223062078091095
キノコ	0.05193357174559127
キノフタ	0.17422837374383504
キノフタロン	0.18422837374383505
キノフタロンピグメント	0.6353630159890327
キノリニウム	0.22412760182266578
キノリニル	0.06704595282658102
キノリン	0.6655434966228759
キノン	0.2535900433794421
キノンジアジド	0.3429360728346088
キノンジオキシム	0.7244612415618219
キメラ	0.22033548451527404
キャ	0.05996772325459172
キャスク	0.16865968242239462
キャスタ	0.25442150259384017
キャスター	0.2644215025938402
キャスティング	0.4009417256758612
キャスト	0.7932984121119729
キャッ	0.06996772325459172
キャッサバ	0.09481729578957762
キャッシュ	1.1358304714400493
キャッチ	0.45274638203230316
キャッチャ	0.46274638203230317
キャッチャー	0.4727463820323032
キャッチング	0.46274638203230317
キャッピング	1.7864014672583832
キャップ	1.6758806153950807
キャツブ	0.1221893373417793
キャニスタ	0.7313849978366189
キャノピ	0.281273554234067
キャノピー	0.29127355423406703
キャノーラ	0.10481729578957762
キャパシタ	0.773211647691891
キャパシタンス	0.783211647691891
キャビィ	0.06996772325459172
キャビティ	1.1861639913615452
キャビティー	1.1961639913615452
キャビテイ	0.16288829553044754
キャビテーション	0.5088430051876803
キャビネット	1.011658457370907
キャビン	0.5929528970303382
キャピラリ	0.3352297641329051
キャピラリー	0.4759790472671838
キャブ	0.4022757169594861
キャブオーバ	0.4122757169594861
キャブパネル	3.4775140096943304
キャブマウント	0.6669134949753401
キャプスタン	0.464507986950018
キャプチャ	0.29127355423406703
キャプチャー	0.30127355423406704
キャベツ	0.08480716753128006
キャミソール	0.396315033414545
キャラクタ	0.514989735465692
キャラクター	0.524989735465692
キャリア	1.3948136640051827
キャリアー	1.4048136640051827
キャリジ	0.11993544650918345
キャリッジ	1.1077809453072331
キャリパ	0.30577659106089505
キャリパー	0.35708829191340724
キャリブレーション	1.1181866515817052
キャリブレーター	1.1181866515817052
キャリブレート	1.1181866515817052
キャリヤ	0.6174054990263417
キャリヤー	0.6274054990263417
キャリング	2.4197401140516974
キャリー	0.14409190565316204
キャレンダー	0.22621670106726474
キャン	0.15580071523677383
キャンセラ	0.2498708930183669
キャンセラー	0.2598708930183669
キャンセル	1.5599075430497955
キャンドモータポンプ	3.132931104155867
キャンバ	0.16580071523677384
キャンバス	0.8516871051470626
キャンバー	1.2513463562428462
キャンパス	0.7308609240158805
キャンペーン	0.16580071523677384
キヤタビラ	0.11386714349118253
キヤッチング	0.47159568246042294
キヤツチ	0.16288829553044754
キヤツプ	0.5052970176995808
キヤツプドグリコール	1.246266285532451
キヤニスタ	0.16288829553044754
キヤビテ	0.05996772325459172
キヤビテイ	0.17738691759250141
キヤビテイー	0.18738691759250142
キヤビネツト	0.4122757169594861
キヤピラリチユーブ	0.32160143047354767
キヤブ	0.17224417150312876
キヤブオーバ	0.38087988565973524
キヤブチルト	0.45975792440943797
キヤブヒンジブラケツト	1.3114515776746407
キヤブルーフ	0.6750742239613066
キヤブレター	0.343886152456969
キヤプスタンローラ	2.585297799244149
キヤリ	0.05193357174559127
キヤリア	0.4725684879282077
キヤリジ	0.281273554234067
キヤリツジ	0.20113785847974305
キヤリパ	0.17990316976377518
キヤリパーブレーキ	1.9503983715874555
キヤリヤガス	3.3084973483000644
キヤリヤボール	1.242260109394632
キヤリヤー	0.4897417860367338
キヤリングアーム	2.4197401140516974
キヤリングケース	2.4952262577163373
キヤレツジ	0.08344516150509135
キヤン	0.05193357174559127
キヤンバス	0.8516871051470626
キヤンバストツプ	0.8616871051470626
キュ	0.2435900433794421
キュア	0.2535900433794421
キュプラ	0.2535900433794421
キュベット	0.3037806460203654
キュー	0.5852616304101257
キューブ	0.5952616304101257
キョウニン	0.12993544650918346
キラル	0.1161269967375045
キラー	0.2498708930183669
キリ	0.05996772325459172
キル	0.35477383518500283
キルティング	0.36477383518500284
キルト	0.36477383518500284
キルン	0.36477383518500284
キレ	0.05996772325459172
キレンポリアミン	1.5812230131018736
キレート	0.8696535753114312
キロ	0.07344516150509135
キログラム	0.6911024081382843
キロボルト	1.8982692460992996
キロミクロン	0.7370700044382779
キンク	0.16422837374383503
キング	0.5061858433956596
キー	1.5475855828799823
キーシリダ	1.5575855828799823
キートツプ	1.5575855828799823
キーパー	1.5575855828799823
キープ	1.5575855828799823
キーボード	1.5575855828799823
キール	1.5575855828799823
キーレス	1.5575855828799823
ギア	0.759722658007814
ギアボックス	1.4727699956732379
ギアー	0.769722658007814
ギガヘルツ	0.09481729578957762
ギザギザ	0.13409190565316204
ギター	0.18724915584671722
ギフオードーマクマホン	0.1406367771170335
ギャ	0.05996772325459172
ギャザラー	0.2498708930183669
ギャザー	0.281273554234067
ギャップ	1.156615559998317
ギャドワイヤ	1.7826016736724766
ギャプ	0.12721075129692008
ギャプレート	3.0095852774196854
ギャラリー	0.14991930813647933
ギャー	0.08995158488188759
ギャードラム	2.0193661995163925
ギヤ	1.115464132094528
ギヤツプ	1.125464132094528
ギヤドワイヤ	1.7826016736724766
ギヤー	1.125464132094528
ギヤード	1.135464132094528
ギレギレ	0.05996772325459172
ギー	0.04240358376564003
ギ酸	0.3365680120253379
クア	0.05996772325459172
クアップ	1.0551429706375404
クアン	0.5241161305356395
クアーム	2.414698225225277
クイ	0.04240358376564003
クイック	0.09480716753128006
クエリ	0.5520614402317515
クエン	0.3483809902125135
クエンチ	0.3583809902125135
クォータ	0.16961433506256013
クォーター	0.17961433506256014
クサ	0.04240358376564003
クサビ	0.1161269967375045
クシ	0.1121893373417793
クション	0.15689032301018271
クジ	0.05996772325459172
クジング	0.20889043756735093
クス	0.20336044372468792
クスノキ	0.21336044372468793
クセ	0.05996772325459172
クタ	0.40003460917662975
クタジャックヲ	0.6051626596867626
クター	0.41003460917662976
クチ	0.10386714349118253
クチナーゼ	0.13409190565316204
クチュエータ	0.242253993475009
クチュエータユニット	4.219289943676456
クッキング	0.5161858433956596
クッキー	1.5575855828799823
クッショ	0.05996772325459172
クッション	1.4079650093582012
クツ	0.15288829553044753
クツシヨンフオーム	0.32160143047354767
クツシヨンフレーム	3.2857969185681326
クト	0.05996772325459172
クトルデータ	6.4138537434922185
クド	0.08480716753128006
クピン	1.7864014672583832
クマリン	0.6655434966228759
クマロン	0.15689032301018271
クマロンインデンスチレン	1.009921630389224
クミル	0.4276268667943385
クミン	0.16288829553044754
クメストロール	2.2102925019839486
クメンハイドロパーオキサイド	1.4384616745593937
クモ糸	0.07344516150509135
クラ	0.05996772325459172
クライ	0.09480716753128006
クライアント	1.468903230101827
クライオスタット	0.31731936484478923
クライオスタツト	0.2744215025938402
クライオポンプ	3.0046358346042896
クライミング	0.232253993475009
クラウド	0.19889043756735092
クラウニング	0.20889043756735093
クラウン	0.44473253847527455
クラス	0.32845674748767006
クラスタ	0.6174054990263417
クラスタリング	2.4197401140516974
クラスター	0.6274054990263417
クラスト	0.35448834300625753
クラッ	0.15580071523677383
クラッキング	0.5161858433956596
クラック	1.0931605168675127
クラッシャー	0.21773428698236508
クラッシュ	0.4122757169594861
クラッチ	1.8020275893011153
クラッチリングドグ	2.4197401140516974
クラッディング	0.20889043756735093
クラッド	0.7070090301369303
クラツク	0.3384567474876701
クラツシヤー	0.19724915584671723
クラツチ	0.8352537335886769
クラツチアクチユエータ	0.845253733588677
クラツチカツトオフスイツチ	1.1100440971080092
クラツリ	0.08480716753128006
クラフト	0.41546857396473014
クラブ	0.08995158488188759
クラミジア	0.20431763234344605
クラム	0.35448834300625753
クラン	0.4319103313511005
クランク	1.3274421410540866
クランククシャフト	2.0489025906561187
クランクシャフト	2.0489025906561187
クランクシヤフト	1.3374421410540867
クランタシャ	0.4419103313511005
クランパ	0.4419103313511005
クランプ	1.4241545202116819
クリ	0.30870274951317084
クリア	0.5321607527775043
クリアランス	0.5421607527775043
クリアー	0.5421607527775043
クリオスタツ	0.31870274951317085
クリオスタツト	0.32870274951317086
クリシス	0.31870274951317085
クリスタル	0.3418686217701579
クリストバル	1.1238510233227148
クリッギング	0.31870274951317085
クリック	0.43243340213452947
クリッピング	1.7864014672583832
クリッブ	0.31870274951317085
クリップ	1.0455729821639177
クリツプ	0.31870274951317085
クリティカル	0.3886352646868921
クリティカルディメンジョン	0.3986352646868921
クリノプチロライト	1.141865955080758
クリプトスポリジウム	1.5812230131018736
クリプトン	0.31870274951317085
クリヤ	0.4897417860367338
クリヤー	0.4997417860367338
クリル	0.31870274951317085
クリロフ	0.31870274951317085
クリン	0.6655434966228759
クリンカクーラ	0.6755434966228759
クリンカー	0.6755434966228759
クリング	2.4197401140516974
クリンチ	0.6755434966228759
クリンプ	0.6755434966228759
クリンプジョウ	0.685543496622876
クリンプジヨウ	0.685543496622876
クリー	0.31870274951317085
クリート	0.32870274951317086
クリーナ	0.5158618609599942
クリーナー	0.5258618609599942
クリーニング	1.1682168088042413
クリープ	0.33922867012512026
クリーム	0.32870274951317086
クリール	0.9774152512578573
クリーン	0.6460537564846005
クル	0.1468903230101827
クルーズ	0.2798547546456628
クループ	1.5196509575875585
クレ	0.04240358376564003
クレアチニン	0.1221893373417793
クレアチン	0.1221893373417793
クレジット	0.24173762072857763
クレスト	0.35448834300625753
クレセント	0.14991930813647933
クレゾール	0.15689032301018271
クレット	0.3083356563510264
クレデンシャル	0.35477383518500283
クレブシエラ	0.21773428698236508
クレマスチン	0.41450440834611213
クレンジング	0.7625889539406222
クレー	0.35980633952755037
クレータ	0.3698063395275504
クレードル	0.3698063395275504
クレーピ	0.3698063395275504
クレーブ	0.3698063395275504
クレープ	0.3698063395275504
クレーム	0.3698063395275504
クレーン	0.7978186675705553
クロ	0.24725325710649015
クロス	0.822782513449255
クロスオーバー	1.2613463562428462
クロスカルメロースナトリウム	1.1218313461881866
クロスストラッ	0.832782513449255
クロストリジウム	0.832782513449255
クロスバー	1.2513463562428462
クロスポビドン	0.832782513449255
クロック	2.53292414932367
クロックデータデカバリ	6.4138537434922185
クロッシング	0.38449831169343446
クロッチ	0.25725325710649016
クロッド	1.8336006177219202
クロツク	0.49994033596821597
クロトン	0.25725325710649016
クロノグラフ	0.5522024071264696
クロマ	0.25725325710649016
クロマチック	0.26725325710649017
クロマトグラフ	0.5522024071264696
クロマトグラフィ	0.5622024071264696
クロマトグラフィー	0.5722024071264696
クロマトグラム	0.4222099466024953
クロミック	0.3483809902125135
クロム	0.571269289201504
クロモゾ	0.25725325710649016
クロライド	0.25725325710649016
クロラゾルブラック	1.0931605168675127
クロラニル	0.25725325710649016
クロラミン	0.25725325710649016
クロリソグラフィ	0.5522024071264696
クロリド	0.25725325710649016
クロリドテトラヒドロフラン	0.6266769967088778
クロル	0.25725325710649016
クロルトリアジニルフタロシアニン	0.6963619642990486
クロレラ	0.25725325710649016
クロロ	0.46159568246042293
クロロエタン	0.47159568246042294
クロロエチル	0.8649344898429137
クロログレンラテックス	0.7918834513517224
クロロシリル	0.47159568246042294
クロロジフルオロピリミジニル	1.1478075494749316
クロロジフルオロピリミジル	1.1478075494749316
クロロタロニル	0.47159568246042294
クロロトリフルオロエチレン	1.5470933562561908
クロロヒドリン	0.6655434966228759
クロロフィリン	0.6655434966228759
クロロフィル	0.47159568246042294
クロロプレン	0.7345927570170282
クロロベンゼン	0.7419993490561012
クロロベンゾイル	0.47159568246042294
クロロホルム	0.47159568246042294
クロー	0.4764394214220403
クローザー	0.48643942142204033
クロージャ	0.6051626596867626
クロージュア	0.48643942142204033
クローズ	0.48643942142204033
クローズド	0.49643942142204034
クローム	0.48643942142204033
クローラ	2.585297799244149
クローン	0.48347524145715526
クンート	0.17422837374383504
クー	0.05996772325459172
クーポン	0.38398078223514176
クーラ	0.6188599309570265
クーラント	0.6288599309570265
クーラー	0.6288599309570265
クーリング	2.4197401140516974
クール	0.2379895236335919
クーロン	0.10386714349118253
グァニジン	0.1221893373417793
グアガム	0.18483445477046012
グアニジ	0.1468903230101827
グアニジノ	0.15689032301018271
グアニジン	0.17738691759250141
グアニン	0.12993544650918346
グアー	0.19963459157915525
グアールガム	0.20963459157915526
グシート	4.060152726406218
グッズ	0.05193357174559127
グッド	0.18483445477046012
グネトロンスパッタ	0.5117259692937483
グラ	0.12721075129692008
グライダー	0.4132990104465734
グライド	0.2535900433794421
グラインダ	1.9566431884984825
グラインダー	1.9666431884984825
グラインディング	1.9566431884984825
グラウティング	0.2508629846468741
グラウト	0.47218632509321645
グラウンド	0.4240358376564003
グラシン	0.19889043756735092
グラス	0.2844518873687329
グラチラマー	0.17422837374383504
グラデーション	0.2815154149637838
グラビア	0.3329360728346088
グラフ	0.5422024071264696
グラファイト	0.5522024071264696
グラフィカル	0.5522024071264696
グラフィクス	0.5522024071264696
グラフィック	0.5522024071264696
グラフィックス	0.5622024071264696
グラフェン	0.5522024071264696
グラフェンオキサイド	1.4384616745593937
グラフェンシート	4.060152726406218
グラフト	0.5522024071264696
グラブ	0.18724915584671722
グラミングステップ	5.113602050477051
グラム	0.41220994660249527
グランツヤバレル	0.6111745563063193
グラント	0.6402800737854337
グランド	0.7679615644702835
グランドシールアッセンブリ	2.5114520639561304
グリ	0.17990316976377518
グリオ	0.1899031697637752
グリオキサール	0.1999031697637752
グリオキシル	0.7144612415618219
グリカン	0.1899031697637752
グリコ	0.1899031697637752
グリコシド	0.3144733937701738
グリコシル	0.29127355423406703
グリコリドコポリマー	2.3989443002971984
グリコーゲン	0.1999031697637752
グリコール	1.2362662855324509
グリコールウリル	1.246266285532451
グリコールジメタクリレート	1.246266285532451
グリシジル	0.4022757169594861
グリシジルオキシトリメトキシシラン	0.7144612415618219
グリシドキシプロピルトリエトキシシラン	0.6963619642990486
グリシン	0.21621670106726473
グリス	0.2937806460203654
グリセオフルビン	1.1100440971080092
グリセリド	0.29983861627295866
グリセリル	0.1899031697637752
グリセリン	0.6655434966228759
グリセロール	2.2102925019839486
グリセンリン	0.6655434966228759
グリチルリチン	0.1899031697637752
グリッド	0.6704595282658102
グリッパ	0.3444883430062575
グリッパー	0.35448834300625753
グリップ	0.8680834304841645
グリツプ	0.21113785847974306
グリフィス	0.1899031697637752
グリル	0.41546857396473014
グリン	0.6655434966228759
グリント	0.6755434966228759
グリース	0.5158618609599942
グリースポツト	0.5258618609599942
グリーン	0.8669433181926682
グル	0.10386714349118253
グルカ	0.11386714349118253
グルカーゼ	0.3892691831583105
グルクロン	0.25725325710649016
グルグル	0.11386714349118253
グルコアミラーゼ	1.5812230131018736
グルコサミン	0.16288829553044754
グルコシド	0.18963459157915524
グルコシルルチン	0.29127355423406703
グルコノ	0.17422837374383504
グルコピラノシド	0.16961433506256013
グルコピラノシル	0.29127355423406703
グルコヘプトネート	0.17422837374383504
グルコン	0.25725325710649016
グルコンシンサターゼ	0.26725325710649017
グルコース	0.6417991685572738
グルタミナーゼ	0.1121893373417793
グルタミン	0.32845674748767006
グルタメート	0.17422837374383504
グルタメートトランスポーター	0.7041765838268145
グルタリール	0.9774152512578573
グルタル	0.24725325710649015
グルタルアルデヒド	0.474507986950018
グルー	0.20773428698236507
グルーピング	1.7864014672583832
グルーブ	0.26818381130632407
グループ	1.8149526424738471
グレイ	0.28805889375327487
グレン	0.22621670106726474
グレー	0.3635350022191389
グレード	0.37353500221913893
グレープ	0.37353500221913893
グロ	0.18963459157915524
グロブリン	0.6655434966228759
グロメツト	0.2644215025938402
グロー	0.4764394214220403
グローバル	0.48643942142204033
グローブ	0.48643942142204033
グー	0.09481729578957762
ケア	0.2715154149637838
ケアー	0.2815154149637838
ケイ	0.13409190565316204
ケイサン	0.2781838113063241
ケイン	0.9999216303892241
ケイ皮	0.14409190565316204
ケイ素	0.8095642639369883
ケイ酸	0.41870184120271187
ケチ	0.05996772325459172
ケット	0.18724915584671722
ケツ	0.07344516150509135
ケツト	0.2644215025938402
ケテン	0.25725325710649016
ケト	0.19889043756735092
ケトチフェン	0.2435900433794421
ケトロラクトロメタミン	0.9562747118318686
ケトン	0.5689037747374658
ケナフ	0.1374033155341651
ケフィア	0.1372107512969201
ケブラー	0.3868912964999357
ケプラー	0.2498708930183669
ケミカル	0.2748066310683302
ケミサーモメカニカルパルプ	1.334051478706704
ケモカイン	0.9999216303892241
ケヤキ	0.05193357174559127
ケラ	0.04240358376564003
ケラチン	0.21621670106726473
ケリ	0.05996772325459172
ケリー	0.14409190565316204
ケリーバ	0.15409190565316205
ケル	0.07344516150509135
ケルチ	0.20773428698236507
ケレン	0.22621670106726474
ケン	0.1748344547704601
ケンス	0.28915388999957925
ケンスステージ	1.0590067286227607
ケンスマガジン	0.42546857396473015
ケンネル	0.18483445477046012
ケー	0.07344516150509135
ケーキ	0.17224417150312876
ケーシ	0.08344516150509135
ケーシンク	0.4888038735344885
ケーシング	2.251786011946609
ケージ	0.6711296528991232
ケース	2.4852262577163375
ケーソン	0.29983861627295866
ケータ	0.22033548451527404
ケーブル	2.0669300580375456
ゲイト	0.16865968242239462
ゲイン	1.0137028795909357
ゲスト	0.35448834300625753
ゲッター	0.20773428698236507
ゲット	0.16865968242239462
ゲノム	0.1468903230101827
ゲラニオール	0.5929528970303382
ゲラン	0.4319103313511005
ゲル	0.6430821881525095
ゲルパーミエイションクロマトグラフィー	0.6530821881525095
ゲルパーミエーションクロマトグラフィー	0.6530821881525095
ゲルマニア	0.6530821881525095
ゲルマニウム	0.6530821881525095
ゲルマン	0.6530821881525095
ゲン	0.11993544650918345
ゲンチアナ	0.12993544650918346
ゲー	0.08480716753128006
ゲージ	0.817850705700686
ゲーティング	0.20889043756735093
ゲート	1.7193071506228623
ゲートウエイ	1.7293071506228623
ゲーベルトップ	2.094471504584306
ゲーム	0.851773907897192
コア	1.5712230131018736
コアギュランス	1.5812230131018736
コアレスリニアモータ	3.132931104155867
コアンダ	1.5812230131018736
コアンダノズル	2.8018823536451953
コアンダルノズル	2.8018823536451953
コアー	1.5812230131018736
コイ	0.11993544650918345
コイラ	0.12993544650918346
コイラー	0.2498708930183669
コイル	2.4197923760121376
コイルアッセンブリ	2.4297923760121374
コイルケ	2.4297923760121374
コイン	0.9999216303892241
コインランンドリー	1.009921630389224
コウ	0.05996772325459172
コウモリ	0.06996772325459172
コキセラ	0.2498708930183669
コク	0.04240358376564003
ココア	1.5812230131018736
ココナツ	0.08480716753128006
コサイン	0.9999216303892241
コジェネレーション	0.242253993475009
コスト	0.5397095092913256
コスミド	0.05996772325459172
コチニール	0.14409190565316204
コック	0.28915388999957925
コックピット	0.5836250488420517
コッタ	0.08995158488188759
コッター	0.232253993475009
コットン	0.3444883430062575
コッブ	0.05193357174559127
コップ	0.47027849375542047
コツク	0.1374033155341651
コツプ	0.08995158488188759
コテ	0.08480716753128006
コドン	0.2781838113063241
コニウム	0.22412760182266578
コニカル	0.15063677711703352
コニット	0.43825520364533155
コニツ	0.08995158488188759
コニツト	0.2644215025938402
コニニット	0.43825520364533155
コネクション	0.7453869800958574
コネクタ	1.668353362519649
コネクター	1.678353362519649
コネクチング	0.47159568246042294
コネクティッドモード	2.8124887485642174
コネクティング	0.5079588290111168
コネクティングロッ	0.5179588290111168
コネクテイングピン	1.7864014672583832
コネクトピン	1.7864014672583832
コノ	0.16422837374383503
コハク	0.3365680120253379
コバ	0.05996772325459172
コバルト	0.5783077799991585
コバルトヘキサシアノフェレート	0.8696535753114312
コヒーレンシ	0.22621670106726474
コヒーレンシユニット	4.219289943676456
コヒーレンス	0.22621670106726474
コヒーレント	0.5141161305356395
コヒーレントオシレータ	0.5241161305356395
コピー	0.732613185096092
コブ	0.10386714349118253
コプ	0.04240358376564003
コプリ	0.7333509518935939
コプリヌス	0.7433509518935939
コプロセッサ	1.8692412105039393
コホート	0.17422837374383504
コボ	0.04240358376564003
コポリアミド	1.5812230131018736
コポリアミドフィブリッド	1.5912230131018736
コポリエーテルエステル	1.6011235005388074
コポリパラフェニレン	1.5812230131018736
コポリマー	2.3989443002971984
コマ	0.18483293647838678
コマンド	1.3727239285980972
コミュニケーション	0.9348042914206429
コミュニティ	0.20773428698236507
コム	0.19889043756735092
コメ	0.05996772325459172
コメント	0.46836289111403495
コモノマー	1.38795337202503
コモン	0.3635350022191389
コラム	0.5167325145093864
コラーゲン	0.49268512123150504
コラート	0.2498708930183669
コリ	0.1406367771170335
コリアンダー	0.5341161305356396
コリオリ	0.16961433506256013
コリネバクテリウム	0.15580071523677383
コリメーションレンズ	2.4799860055400367
コリメータ	0.5472050432983936
コリメータレンズ	2.4799860055400367
コリメーター	0.5572050432983936
コリメート	0.39664920605598647
コリン	0.6655434966228759
コルク	0.1899031697637752
コルゲータ	0.13409190565316204
コルゲーター	0.14409190565316204
コルゲーターベルト	2.094471504584306
コルゲート	1.7293071506228623
コルチコステロイド	0.4009417256758612
コレ	0.09481729578957762
コレア	0.1221893373417793
コレク	0.10481729578957762
コレクション	0.2937806460203654
コレクタ	0.6486501032017943
コレクター	0.6586501032017943
コレクト	0.11481729578957761
コレステリック	0.6777944604239148
コレステリックピッチ	1.429412067747803
コレステロール	2.2102925019839486
コレット	0.41546857396473014
コレットチャックホルダー	1.1298882004594617
コレツト	0.2644215025938402
コロ	0.25442150259384017
コロイダル	0.4022757169594861
コロイド	0.41111799780591846
コロナ	0.3483809902125135
コロニアル	0.2644215025938402
コロニー	0.2644215025938402
コロン	0.2644215025938402
コン	0.24725325710649015
コンク	0.25725325710649016
コンクリ	0.31870274951317085
コンクリート	2.9551982066920646
コンサート	0.25725325710649016
コンシステンシー	0.4009417256758612
コンシューマ	0.6970165776708254
コンジット	0.25725325710649016
コンジットケーブル	2.0769300580375454
コンジュゲイト	0.25725325710649016
コンジュゲート	1.7293071506228623
コンステレーション	0.4009417256758612
コンストラクト	0.35448834300625753
コンセプト	0.26818381130632407
コンセンサス	3.403611554533991
コンセント	0.3610535056225042
コンソール	0.396315033414545
コンタ	0.25725325710649016
コンタクト	0.9853702424630101
コンダク	0.25725325710649016
コンダクション	0.26725325710649017
コンダクタ	0.41003460917662976
コンダクタンス	0.42003460917662977
コンダンクション	0.25725325710649016
コンティニァス	0.25725325710649016
コンテキスト	1.3155897489367894
コンテクスト	0.35448834300625753
コンテナ	1.0317237219199884
コンテン	0.25725325710649016
コンテンツ	2.791077196496903
コンディショナ	0.25725325710649016
コンディショナー	0.26725325710649017
コンディショニング	0.5088430051876803
コンデンサ	1.455067098552422
コンデンサー	1.465067098552422
コンデンシングユニツト	0.7802993524182561
コンデンス	0.25725325710649016
コント	0.25725325710649016
コントラスト	0.5717474675401516
コントローラ	2.585297799244149
コントローラー	2.5952977992441486
コントロール	2.2102925019839486
コンドロイチン	0.25725325710649016
コンドーム	0.4831373559159343
コンニャク	0.25725325710649016
コンバイナ	0.33570810713583626
コンバイン	0.9999216303892241
コンバインド	1.009921630389224
コンバータ	1.2513463562428462
コンバーター	1.2613463562428462
コンバート	1.2513463562428462
コンパ	0.25725325710649016
コンパイラ	0.26725325710649017
コンパイル	1.1030752363377065
コンパウンド	0.4345074351467571
コンパクション	0.26725325710649017
コンパクト	0.26725325710649017
コンパレータ	0.5035146593495772
コンパレーター	0.5135146593495772
コンパートメント	0.6346387296895785
コンビ	0.25725325710649016
コンビネーション	0.2937806460203654
コンビネーシヨンメータ	0.5472050432983936
コンビュ	0.26725325710649017
コンピュ	0.25725325710649016
コンピュータ	2.8321658020025615
コンピューター	2.8421658020025613
コンピューティング	0.7025443366710524
コンピユータ	0.25725325710649016
コンピユータインターフエイスユニツト	1.019921630389224
コンフィギュラ	0.25725325710649016
コンフィギュラブ	0.26725325710649017
コンフィギュラブル	0.3329360728346088
コンフィギュレーション	0.25725325710649016
コンフィグレーション	0.37353500221913893
コンプ	0.25725325710649016
コンプトン	0.36722580752545675
コンプライアンス	0.5929528970303382
コンプレ	0.7345927570170282
コンプレスサー	1.2905601475708675
コンプレックス	0.7445927570170282
コンプレックスコアセルベーション	1.5812230131018736
コンプレッサ	1.2201626623481276
コンプレッサインペラ	1.2301626623481277
コンプレッサー	1.2301626623481277
コンプレッション	0.7445927570170282
コンプレツサ	0.7445927570170282
コンベア	1.1122355750130994
コンベアー	1.1222355750130995
コンベヤ	1.1993544650918346
コンベヤー	1.2093544650918346
コンペンセータローラ	2.585297799244149
コンホメーション	0.25725325710649016
コンボ	0.4406709690305481
コンボリューション	0.4506709690305481
コンポ	0.25725325710649016
コンポジット	0.3384567474876701
コンポートネント	1.7222333997777917
コンポーネンツ	0.26725325710649017
コンポーネント	1.2791552539525382
コンマ	0.25725325710649016
コンロ	0.25725325710649016
コンロッド	1.8336006177219202
コー	0.09481729578957762
コーキング	0.5161858433956596
コーキンング	0.20889043756735093
コークス	0.46836289111403495
コージェライト	1.141865955080758
コース	0.6317991685572738
コースター	0.6417991685572738
コースト	0.6417991685572738
コータ	0.10481729578957762
コーダ	0.20773428698236507
コーテ	0.10481729578957762
コーティ	0.11481729578957761
コーティン	0.1248172957895776
コーティング	2.123568765487354
コーティーング	0.20889043756735093
コーテイング	1.009921630389224
コーテッド	0.18483445477046012
コーテング	0.25725325710649016
コーディエライト	1.141865955080758
コーディネーション	0.3816322538907603
コーディネータ	0.37208993744129004
コーディング	0.4406709690305481
コート	0.9231913649208459
コード	2.157588347892903
コードィメ	2.167588347892903
コードィメージ	2.1775883478929026
コードパディングアルゴリズム	2.167588347892903
コードブック	2.167588347892903
コードレス	2.167588347892903
コーナ	0.45274638203230316
コーナコンパートメン	0.46274638203230317
コーナリング	2.4197401140516974
コーナー	0.843820662702201
コーヒー	0.6289467875403476
コーマ	0.20773428698236507
コーミング	0.20889043756735093
コーム	0.3158995842786369
コール	0.32014003689271686
コールターカウンター	1.285020507893445
コールテン	0.33014003689271687
コールド	0.33014003689271687
コーン	0.4586648865913426
コーンスターチ	0.4686648865913426
ゴケ	0.04240358376564003
ゴシック	0.15689032301018271
ゴデット	0.1899031697637752
ゴデットローラ	2.585297799244149
ゴデットローラー	2.5952977992441486
ゴデツトロ	0.2644215025938402
ゴデツトロール	2.2102925019839486
ゴデトロール	2.2102925019839486
ゴマ	0.07344516150509135
ゴミ	0.21621670106726473
ゴム	1.6950829295462515
ゴムアイソレータ	1.7050829295462515
ゴムトピング	1.7864014672583832
ゴムブシュ	1.7050829295462515
ゴムブッ	1.7050829295462515
ゴリ	0.05996772325459172
ゴルドニイ	0.10481729578957762
ゴルフ	0.20113785847974305
ゴンドラ	0.27139324554097943
ゴー	0.2398708930183669
ゴースト	0.35448834300625753
ゴールデン	0.2498708930183669
サイ	0.24725325710649015
サイクリック	0.4424334021345295
サイクリン	0.6755434966228759
サイクル	1.703547815794384
サイクロイド	0.25725325710649016
サイクロトロン	0.25725325710649016
サイクロフィリン	0.6655434966228759
サイクロン	0.32154109407625475
サイコロ	0.25725325710649016
サイザル	0.25725325710649016
サイジング	0.7702993524182561
サイズ	1.4532123277557396
サイツ	0.25725325710649016
サイディング	0.25725325710649016
サイト	0.7910285979830556
サイトカイン	0.9999216303892241
サイトゾル	0.8010285979830556
サイトヘシン	0.8010285979830556
サイトメトリー	0.8010285979830556
サイド	1.4184616745593936
サイドガセット	1.707641325404402
サイドクラッディング	1.4284616745593937
サイドシルリーンフオースメント	1.4284616745593937
サイドフィニッ	1.4284616745593937
サイドフレ	1.4284616745593937
サイドブラダ	1.4284616745593937
サイドブラダユニット	4.219289943676456
サイドプッシャ	1.4284616745593937
サイドメンバアウタパネル	3.4775140096943304
サイプ	0.3365680120253379
サイホン	0.25725325710649016
サイリウム	0.25725325710649016
サイリスタ	0.25725325710649016
サイリスター	0.26725325710649017
サイレンサー	0.3444883430062575
サイレント	0.25725325710649016
サイロ	0.4219103313511005
サイン	0.9999216303892241
サウナ	0.12721075129692008
サウンディング	0.20889043756735093
サウンド	0.09480716753128006
サクシネート	0.17422837374383504
サクション	0.6071269247980841
サクションデッケル	0.6171269247980841
サクシンイミジル	0.1948329364783868
サクラ	0.06996772325459172
サグ	0.04240358376564003
ササラ	0.1161269967375045
サザン	0.05193357174559127
サシ	0.09481729578957762
サス	0.08480716753128006
サスペンション	0.9453241593952395
サスペンションプリヒータ	1.271462074661835
サスペンシヨン	0.5579750669513457
サスペンシヨンアーム	2.414698225225277
サスペンシヨンブツシユ	0.5679750669513457
サスペンジョン	0.5579750669513457
サセプタ	0.1468903230101827
サセプター	0.15689032301018271
サッ	0.05996772325459172
サッカラ	0.15865968242239462
サッカリン	0.6755434966228759
サッカロース	0.4764394214220403
サッカー	0.3892691831583105
サック	0.12721075129692008
サッシ	0.44975792440943796
サッシュ	0.45975792440943797
サツシ	0.3780821092507383
サツマ	0.05193357174559127
サデカン	0.11386714349118253
サトウダイコンパルプ	1.334051478706704
サド	0.09481729578957762
サドル	0.37087988565973523
サニタリ	0.1468903230101827
サニタリスペース	1.1603803902626568
サニタリー	0.15689032301018271
サバキ	0.05193357174559127
サピエンス	0.4132990104465734
サファイア	0.13409190565316204
サフィックス	0.21336044372468793
サブ	1.2135132250383363
サブアセンブリ	1.5091930813647931
サブキャリア	1.4048136640051827
サブジェクト	1.2235132250383363
サブセット	1.697641325404402
サブチヤンバー	1.2513463562428462
サブフレーム	3.2857969185681326
サブユニット	4.219289943676456
サブユニツト	1.2235132250383363
サブレ	1.2235132250383363
サブレー	1.2335132250383363
サプライ	0.5929528970303382
サプルメントハザ	0.3698063395275504
サボ	0.04240358376564003
サポ	0.04240358376564003
サポニン	0.18963459157915524
サポータ	0.10386714349118253
サポーター	0.1474033155341651
サポート	1.7222333997777917
サポートグレーティング	1.7322333997777917
サマリウム	0.13409190565316204
サマリー	0.20773428698236507
サム	0.21621670106726473
サムネイル	0.44975792440943796
サリチリデン	0.07344516150509135
サリチル	0.1468903230101827
サル	0.04240358376564003
サルコイドーシス	0.2535900433794421
サルフェート	0.232253993475009
サルホ	0.05193357174559127
サルモネラ	0.09481729578957762
サン	0.26818381130632407
サンギ	0.2781838113063241
サングラス	0.2944518873687329
サンシャイン	0.9999216303892241
サンダ	0.2781838113063241
サンダラコピマル	0.2881838113063241
サンダー	0.2881838113063241
サンティング	0.2781838113063241
サンディング	0.32014003689271686
サンド	0.2781838113063241
サンドイッチ	0.4219103313511005
サンドウィッチ	0.2881838113063241
サンドブラスティング	0.4009417256758612
サンドペーパー	0.4897417860367338
サンプ	0.27967084287315297
サンプリング	2.4197401140516974
サンプル	1.351603839454581
サンメーション	0.2781838113063241
サー	0.1468903230101827
サーキュランス	0.4319103313511005
サーキュラー	0.2535900433794421
サーキュレータ	0.2535900433794421
サーク	0.15689032301018271
サージ	0.4313926463484964
サージング	0.4413926463484964
サーチ	0.4871800867588842
サーティファイ	0.15689032301018271
サーティファイテストヘッド	2.754137693505648
サート	0.17422837374383504
サード	0.15689032301018271
サーバ	2.0133889586973694
サーバトランザクションマネージャ	2.0233889586973692
サーバー	2.0233889586973692
サービス	1.7003784217640492
サービング	0.7252128621857329
サーフ	0.15689032301018271
サーファー	0.16689032301018272
サーベイ	0.16961433506256013
サーボ	0.6275157349749514
サーボモ	0.6375157349749514
サーボモータ	3.132931104155867
サーマル	0.5561177875065497
サーミスタ	0.2679309304799971
サーメット	0.2590646604957294
サーモ	0.2698547546456628
サーモアクチノミセス	0.2798547546456628
サーモアナエロバクター	0.42003460917662977
サーモアナエロバクテリウム	0.2798547546456628
サーモアナエロビウム	0.2798547546456628
サーモアミロリチカム	1.7609137548917864
サーモエレメント	1.696842063543138
サーモサッカロリチカム	1.7609137548917864
サーモスタット	0.35477383518500283
サーモスルフリゲネス	0.2798547546456628
サーモメカニカルパルプスラリー	1.334051478706704
サーモメータ	0.5472050432983936
サーモモジユール	0.2798547546456628
ザク	0.08480716753128006
ザダイオ	0.7296126790551007
ザバー	1.2513463562428462
シァヌル	0.10481729578957762
シア	0.15865968242239462
シアナミド	0.16865968242239462
シアニド	0.16865968242239462
シアニングリーン	0.8769433181926682
シアニンブルー	0.3329360728346088
シアヌレート	0.8696535753114312
シアネート	0.18963459157915524
シアノ	0.6650742239613066
シアノアクリレート	0.9361082485395125
シアノエチル	0.8649344898429137
シアノバクテリア	0.6750742239613066
シアノベンゾイルアミノ	1.6324566475787168
シアル	0.16865968242239462
シアン	0.5241161305356395
シアー	0.19963459157915525
シイクロデキストリン	0.6963619642990486
シゥム	0.05193357174559127
シェ	0.05996772325459172
シェア	0.06996772325459172
シェアリング	2.4197401140516974
シェイク	0.08480716753128006
シェチ	0.07344516150509135
シェニール	0.16422837374383503
シェフ	0.08995158488188759
シェラック	1.0931605168675127
シェル	0.7289224150951402
シェルター	0.7389224150951402
シェーダインボケーション	0.9999216303892241
シェーダディスパッチモジュール	2.5674318163085212
シェーディング	0.2860278101613882
シェード	0.32845674748767006
シェードリトラクタ	0.41003460917662976
シェービング	0.5929528970303382
シェープ	0.3932346586843407
シエデイングレバー	1.9483122949711909
シエミノトトリガ	0.6963619642990486
シエル	0.14409190565316204
シガレット	0.3083356563510264
シガー	0.12993544650918346
シキイ	0.05193357174559127
シク	0.08480716753128006
シクリトール	0.31870274951317085
シクロ	0.7453869800958574
シクロアルキリデニル	0.7553869800958574
シクロアルキリデン	0.7553869800958574
シクロアルキルアミノアルキル	3.097609898211153
シクロデキストリン	0.7553869800958574
シクロピロックスオラミン	2.53292414932367
シクロブタンジオール	0.7553869800958574
シクロヘキサノン	0.7553869800958574
シクロヘキサン	0.7553869800958574
シクロヘキサンカルボニ	0.7653869800958574
シクロヘキサンジオール	0.7653869800958574
シクロヘキサンジメタノール	0.9562747118318686
シクロヘキシリデン	0.7553869800958574
シクロヘキシル	0.7553869800958574
シクロヘキシルアクリレート	0.9361082485395125
シクロヘキシルアミン	1.0881689671863493
シクロヘキシルカルボジイミド	0.7653869800958574
シクロヘキシレン	0.7553869800958574
シクロヘキセ	0.7553869800958574
シクロヘキセニレン	0.7653869800958574
シクロヘテロアルキルアルキル	3.097609898211153
シクロペンタジエニル	0.7553869800958574
シクロペンチル	0.7553869800958574
シクロペンチルアクリレート	0.9361082485395125
シクロポリジメチルシロキサン	1.5812230131018736
シグナ	0.1468903230101827
シグナル	0.5330047830505884
シグニチャ	0.2844518873687329
シグネチャ	0.29127355423406703
シケンス	0.29915388999957926
シザース	0.12993544650918346
シシ	0.05996772325459172
シジル	0.1372107512969201
シス	0.19889043756735092
シスタミン	0.20889043756735093
シスチン	0.20889043756735093
システアミン	1.0881689671863493
システイン	0.9999216303892241
システム	5.393762523844088
システムキツチン	5.403762523844088
システムディクショナリ	5.403762523844088
シスライバ	0.4032346586843407
シソーラス	0.396315033414545
シタリジウム	0.10386714349118253
シダーゼ	0.05996772325459172
シック	0.1468903230101827
シックアンドシン	0.5341161305356396
シティ	0.1161269967375045
シテムコール	0.33014003689271687
シデロカプサ	0.10386714349118253
シデータ	6.4138537434922185
シト	0.05996772325459172
シトガイド	2.7868682187841656
シトクロム	0.581269289201504
シトステロール	2.2102925019839486
シトラコンイミドメチル	1.334051478706704
シトラフト	0.32731936484478924
シトロネリル	0.19963459157915525
シトロネロール	2.2102925019839486
シナ	0.05996772325459172
シナプス	0.25442150259384017
シナリオ	0.2748066310683302
シニア	0.16865968242239462
シヌソイド	0.2535900433794421
シネ	0.1121893373417793
シネレウス	0.1474033155341651
シネンシス	0.20889043756735093
シバ	0.05996772325459172
シフタ	0.17422837374383504
シフター	0.33922867012512026
シフテ	0.05193357174559127
シフティング	0.20889043756735093
シフト	1.3148530166513364
シフトチエンジ	1.3248530166513364
シフトフオーク	1.3248530166513364
シフトレバ	1.3248530166513364
シブ	0.04240358376564003
シブル	0.3329360728346088
シプロヘプタジン	0.34656801202533793
シボ	0.05996772325459172
シマリバメ	0.09481729578957762
シミ	0.1406367771170335
シミュレーション	1.1186833714926119
シミュレータ	0.44674947643487084
シミュレーテッド	0.18483445477046012
シミュレート	0.8696535753114312
シミ抜き	0.5099308795699475
シム	0.33118257636287074
シムレスリフター	0.4587573493671172
シャ	0.20773428698236507
シャクリ	0.31870274951317085
シャシ	0.21773428698236508
シャシー	0.2679309304799971
シャック	0.21773428698236508
シャックル	0.2277342869823651
シャッタ	0.6541706291544866
シャッター	1.3625347677931614
シャッターカーテ	1.3725347677931614
シャット	0.21773428698236508
シャットオフバルブ	2.3080238731985063
シャットダウン	0.8061265794142297
シャツ	0.22033548451527404
シャツター	0.23033548451527405
シャトル	0.21773428698236508
シャバ	0.21773428698236508
シャフ	0.21773428698236508
シャフト	2.038902590656119
シャフトロッッド	2.0489025906561187
シャペロニン	0.21773428698236508
シャル	0.21773428698236508
シャワ	0.21773428698236508
シャワー	0.7270700044382779
シャワーセ	0.7370700044382779
シャワーセブオール	0.7470700044382779
シャンク	0.5052970176995808
シャント	0.25442150259384017
シャンプー	0.21773428698236508
シャー	0.21773428698236508
シャーシ	0.42825520364533154
シャーシー	0.43825520364533155
シャープ	0.2277342869823651
シャーベット	0.3037806460203654
シャーリング	2.4197401140516974
シャーレ	0.2277342869823651
シヤ	0.04240358376564003
シヤシ	0.10386714349118253
シヤツ	0.08995158488188759
シヤツタ	0.11993544650918345
シヤツター	0.32154109407625475
シヤツトル	0.2644215025938402
シヤツボタン	1.1322939780988048
シヤトル	0.18963459157915524
シヤフト	0.5430308299275676
シヤボン	0.16288829553044754
シヤワー	0.1468903230101827
シヤン	0.05193357174559127
シヤンク	0.15689032301018271
シヤンクロツド	0.5620614402317515
シヤー	0.18724915584671722
シヤーシサイドフレーム	3.2857969185681326
シュ	0.08480716753128006
シュウ酸	0.13409190565316204
シュニール	0.14409190565316204
シュミソ	0.09480716753128006
シュミット	0.16865968242239462
シュミットトリガ	0.6963619642990486
シュミットトリガー	0.7063619642990486
シュラウド	0.49722609391837735
シュリンク	2.0173517968049812
シュレッダ	0.3418686217701579
シュレッダー	0.45274638203230316
シュー	0.6870165776708254
シューズ	0.6970165776708254
シューティング	0.6970165776708254
シュート	0.6970165776708254
シュード	0.6970165776708254
シュードモナス	0.7070165776708254
シューニップカレンダ	0.6970165776708254
シユウ酸	0.20773428698236507
シユラウドアツパーパネル	3.4775140096943304
シユリンク	2.0173517968049812
シユー	0.17224417150312876
シユート	0.2243786746835586
ショ	0.04240358376564003
ショア	0.20773428698236507
ショアー	0.21773428698236508
ショウ	0.05193357174559127
ショウジョウバエ	0.08480716753128006
ショック	0.5088430051876803
ショット	0.5227864910819588
ショップ	0.3128221585760398
ショナ	0.08995158488188759
ショベル	0.6731360240506759
ショル	0.3365680120253379
ショルダ	0.34656801202533793
ショルダウェビング	0.6029528970303382
ショルダー	0.5017259692937482
ション	0.1468903230101827
ショーケース	2.4952262577163373
ショート	0.29983861627295866
ショ糖	0.10386714349118253
シヨア	0.05193357174559127
シヨツク	0.21621670106726473
シヨベル	0.2944518873687329
シヨルダ	0.05996772325459172
シヨルダサポート	1.7322333997777917
シヨン	0.31160143047354766
シヨーケース	2.4952262577163373
シヨートアーク	0.6417991685572738
シラ	0.08480716753128006
シラス	0.2490646604957294
シラノール	0.23033548451527405
シラン	0.688976686012515
シリ	0.1406367771170335
シリアル	0.5430308299275676
シリカ	1.1751225840814616
シリケート	0.4345074351467571
シリコ	0.15063677711703352
シリコアルミノリン	1.5812230131018736
シリコナイズ	0.16063677711703353
シリコン	1.107375090395166
シリコンウェーハ	1.117375090395166
シリコンコーテイング	1.117375090395166
シリコーン	1.1358304714400493
シリル	0.2596678587279564
シリルオキシ	0.7144612415618219
シリン	0.6655434966228759
シリンガアルデヒド	0.6755434966228759
シリング	2.4197401140516974
シリンジ	0.7319993490561012
シリンタ	0.6755434966228759
シリンター	0.685543496622876
シリンダ	2.970672937325926
シリンダライナ	2.980672937325926
シリンダリテーナクロージャ	2.980672937325926
シリンダー	2.980672937325926
シリンダーライナ	2.9906729373259258
シリンドリカル	0.6755434966228759
シリーズ	0.25442150259384017
シル	0.281273554234067
シルエット	0.29127355423406703
シルク	0.29127355423406703
シルセスキオキサン	0.29127355423406703
シルダー	0.29127355423406703
シルト	0.29127355423406703
シルノブロックレ	2.9691504307395724
シルバー	1.2513463562428462
シレン	0.22621670106726474
シレー	0.15063677711703352
シロ	0.09481729578957762
シロアリ	0.4725684879282077
シロキサン	0.8715973867455532
シロッコ	0.17990316976377518
シロップ	0.3128221585760398
シロツク	0.49994033596821597
シロドシン	0.1948329364783868
シワ	0.10386714349118253
シン	0.18483293647838678
シンカ	0.1948329364783868
シンカカム	1.7609137548917864
シンカー	0.3892691831583105
シンカーセレクタージャック	0.6051626596867626
シンカーバツト	0.3992691831583105
シンク	0.4788038735344885
シンクロ	0.4888038735344885
シンクロナイザー	0.4988038735344885
シング	0.37449831169343445
シングル	0.5017259692937482
シングルホ	0.5117259692937483
シングルワインド	1.009921630389224
シンジオタクチック	0.35186862177015793
シンジオタクティシティ	0.35186862177015793
シンジオタクティック	0.35186862177015793
シンジオタクティックポリスチレン	1.5812230131018736
シンセサイザ	0.25725325710649016
シンタキシン	0.1948329364783868
シンターゼ	0.1948329364783868
シンチレータ	0.44674947643487084
シンドローム	0.4871800867588842
シンナバリヌス	0.3128221585760398
シンプルコアセルベーション	1.5812230131018736
シンボル	0.972513043565605
シー	0.2579309304799971
シーク	0.2679309304799971
シークレット	0.3183356563510264
シーケンシャル	0.26310731797601444
シーケンシャルライナ	0.537068188233943
シーケンス	0.815649219323338
シース	0.7399394991981836
シーズニング	0.2679309304799971
シーソー	0.396315033414545
シーツ	0.2679309304799971
シーティング	0.2748066310683302
シート	4.0501527264062185
シートアジヤスタ	4.060152726406218
シートクツシヨン	4.060152726406218
シートスタツカ	4.060152726406218
シートベルトガイドアンカー	4.060152726406218
シートベルトリトラクタ	4.060152726406218
シートリクライニンク	4.060152726406218
シートワッシャセット	4.060152726406218
シード	0.2679309304799971
シーバ	0.2679309304799971
シーブ	0.41546857396473014
シーミング	0.2679309304799971
シーム	0.2679309304799971
シームレス	0.35448834300625753
シーラ	0.2679309304799971
シーラントフィルム	3.1196603900040887
シーラー	0.2779309304799971
シーリング	2.4197401140516974
シール	2.5014520639561306
シールストリッ	2.5114520639561304
シールド	2.5114520639561304
シールドエレクター	2.52145206395613
シールライナ	2.5114520639561304
シールリツプ	2.5114520639561304
シーン	0.5471541300604856
ジア	0.04240358376564003
ジアシルアルキルアミン	3.097609898211153
ジアシルグリセリド	0.48597904726718383
ジアジド	0.3429360728346088
ジアセチレン	0.2696678587279564
ジアゼピン	1.7864014672583832
ジアゾ	0.2975950975656642
ジアゾニウム	0.3028221585760398
ジアミノ	1.6324566475787168
ジアミノピリジン	1.6424566475787168
ジアミノフェノキシ	1.6424566475787168
ジアミノベンジヂン	1.6424566475787168
ジアミノベンゼン	1.6424566475787168
ジアミン	1.0881689671863493
ジアリル	0.537068188233943
ジアリルアミン	1.0881689671863493
ジアリルアンモニウム	1.0615746803933306
ジアリルジアルキルアンモニウム	3.097609898211153
ジアリルジメチルアンモニウムクロライド	1.334051478706704
ジアリルフタレート	0.8696535753114312
ジアリルメチルアンモニウムクロライド	1.334051478706704
ジアリールメタン	1.1881788248321943
ジアル	0.15063677711703352
ジアルキルアミノ	3.097609898211153
ジアルキルアミノアルキル	3.1076098982111526
ジアルキルエステル	3.097609898211153
ジアルキルエーテル	3.097609898211153
ジアルキルカーボネート	3.097609898211153
ジアルキルジアリルアンモニウム	3.097609898211153
ジアルキルセミカルバジド	3.097609898211153
ジアルキルヒドラジン	3.097609898211153
ジアルキルポリシロキサン	3.097609898211153
ジアルコキシレートモノアルキルアミド	3.097609898211153
ジアルコキシレートモノアルキルアミン	3.097609898211153
ジアルコール	1.7724288397501533
ジアルジア	0.16063677711703353
ジアルデヒドデンプン	0.5293357174559128
ジイ	0.05996772325459172
ジイソアミルセバケート	0.4440358376564003
ジイソシアナート	0.48597904726718383
ジイソシアネ	0.41778087513470186
ジイソシアネート	1.2261034376439932
ジイソブチル	0.469757924409438
ジイソブチルアルミニウムハイドライド	1.8694829686754966
ジイソブテン	0.42546857396473015
ジイソプロパノールアミン	1.0881689671863493
ジイソプロピルアジペート	0.4687573493671172
ジイソプロピルアミノ	1.6324566475787168
ジイソプロピルアミノエチル	1.6424566475787168
ジイソプロピルアミン	1.0881689671863493
ジイソプロピルエーテル	1.0810577848632805
ジイソプロピルカルボジイミド	0.49313735591593433
ジイソプロピルケトン	0.5789037747374658
ジイソプロピルセバケート	0.4687573493671172
ジイソプロピルフェニルカルボジイミド	1.3535982181568749
ジイソプロピルベンゼン	0.7419993490561012
ジイミド	0.4831373559159343
ジイル	0.36223062078091095
ジインモニウム	0.9999216303892241
ジウ	0.04240358376564003
ジェ	0.04240358376564003
ジェス	0.22637319101615158
ジェスチャー	0.29127355423406703
ジェット	1.7493726833698833
ジェットエダクター	1.7593726833698833
ジェネレータ	0.5593416857463059
ジェル	0.05193357174559127
ジェーン	0.06996772325459172
ジエステル	1.6011235005388074
ジエタノールアミド	0.9981035909661093
ジエタノールアミン	1.0881689671863493
ジエタノールアリド	0.5336456313346573
ジエチ	0.05193357174559127
ジエチル	0.8649344898429137
ジエチルアミノ	1.6324566475787168
ジエチルアミノエチル	1.6424566475787168
ジエチルアミノエチルアクリレート	1.6524566475787168
ジエチルアミノヒドロベンゾイルヘキシルベンゾエート	1.6424566475787168
ジエチルスクシネート	0.8749344898429137
ジエチルトルアミド	0.9981035909661093
ジエチレ	0.05996772325459172
ジエチレン	1.5470933562561908
ジエチレンク	1.5570933562561908
ジエチレングリコールコポリマー	2.408944300297198
ジエチレングリコールジブチルエーテル	1.5570933562561908
ジエチレングリコールジメチルエーテル	1.5670933562561908
ジエチレングリコールモノベンジルエーテル	1.5670933562561908
ジエチレングリコールモノメチルエーテル	1.5570933562561908
ジエチレントリアミン	1.5570933562561908
ジエチレンノリコールジブチルエーテル	1.5570933562561908
ジエツト	0.36476942004032376
ジエトキシエタン	0.317243153868246
ジエトキシフェニル	1.3635982181568749
ジエトキシメタン	0.9562747118318686
ジエノフィル	0.289670842873153
ジエン	0.6275157349749514
ジエータ	0.242253993475009
ジオ	0.3418686217701579
ジオキサ	0.35186862177015793
ジオキサジンピグメント	0.6353630159890327
ジオキサホスフェピン	1.7864014672583832
ジオキサン	0.36186862177015794
ジオキシ	0.7144612415618219
ジオキシインドール	1.019921630389224
ジオキシゲナーゼ	0.7244612415618219
ジオキシノ	0.7244612415618219
ジオキセン	0.35186862177015793
ジオキソラン	0.4319103313511005
ジオキソランシステム	5.403762523844088
ジオコンポジット	0.5227864910819588
ジオコンポジットマット	0.8649344898429137
ジオテキスタイル	0.9953702424630101
ジオテキスタイルマット	1.00537024246301
ジオメトリ	0.6963619642990486
ジオルガノポリシロキサン	1.5912230131018736
ジオレイルアジペート	0.36223062078091095
ジオレエート	0.35186862177015793
ジオレオイルオキシ	1.2767959761466776
ジオレフィン	1.234623992524929
ジオン	1.1965428969745833
ジオール	0.5929528970303382
ジオールエステル	1.6011235005388074
ジカリウム	0.6036501727189605
ジカルホン	0.16063677711703353
ジカルボアルデヒド	0.49533119930437636
ジカルボキシレートエステル	1.6011235005388074
ジカルボニル	0.9722904534636984
ジカルボン	1.2138436428509887
ジクロリド	0.26725325710649017
ジクロル	0.26725325710649017
ジクロルジフルオルメタン	0.9562747118318686
ジクロロ	0.47159568246042294
ジクロロエタン	0.48159568246042295
ジクロロジフルオロメタン	1.1478075494749316
ジクロロトリアジニル	0.6963619642990486
ジクロロベンゼン	0.7519993490561012
ジグ	0.1468903230101827
ジグアニジ	0.15689032301018271
ジグアニジン	0.232253993475009
ジグアニジンメチロールアルキル	3.097609898211153
ジグザグ	0.4945065142129803
ジグリシジル	0.4122757169594861
ジグリセリド	0.30983861627295867
ジグリセリン	0.6755434966228759
ジケトネート	0.20889043756735093
ジケトピロロピロール	2.2102925019839486
ジゴキシゲニン	0.16865968242239462
ジシアンジアミド	0.9981035909661093
ジシクロヘキシル	0.7653869800958574
ジシクロヘキシルメタン	0.9562747118318686
ジシクロヘキシルメタンジイソシアネート	1.2361034376439932
ジシクロペンタニル	0.7553869800958574
ジシクロペンタニルアクリレート	0.9361082485395125
ジシクロペンタニルメタクリレート	0.9562747118318686
ジシクロペンテニル	0.7553869800958574
ジシクロペンテニルアクリレート	0.9361082485395125
ジシラザン	0.13409190565316204
ジシラン	0.6989766860125151
ジス	0.09481729578957762
ジスチリルクミル	0.4376268667943385
ジスチリルフェニル	1.3535982181568749
ジスプロシウム	0.34656801202533793
ジスルフィド	0.4022757169594861
ジスルホフェニル	1.3535982181568749
ジスルホフェニルアミノ	1.6324566475787168
ジスルホン	1.1092265242733208
ジタ	0.05996772325459172
ジタル	0.06996772325459172
ジタロージメチルアンモニウムクロリド	1.334051478706704
ジダリシジルェ	0.1374033155341651
ジチ	0.11993544650918345
ジチア	0.12993544650918346
ジチエノベンゾジチオフェン	1.1100440971080092
ジチオ	0.6804595282658102
ジチオジ	0.6904595282658103
ジチオスレイトール	0.6904595282658103
ジチオール	0.6904595282658103
ジッパ	0.1374033155341651
ジッパテープ	1.7016319701944624
ジッパー	0.35708829191340724
ジツタ	0.1374033155341651
ジツバ	0.14409190565316204
ジデータ	6.4138537434922185
ジトランスミッション	0.7041765838268145
ジニトロジアンミン	0.6353630159890327
ジニトロピリジン	0.6353630159890327
ジニトロフェノール	1.1137156804199797
ジノ	0.05996772325459172
ジハロゲノ	0.669644955800509
ジハロゲン	1.497151174860401
ジヒドロ	0.3660386300529205
ジヒドロイミダゾール	0.3760386300529205
ジヒドロキシ	1.6204990528015597
ジヒドロキシアセトン	1.6304990528015597
ジヒドロキシアルキル	3.097609898211153
ジヒドロキシイソプロピル	1.6304990528015597
ジヒドロキシインドリン	1.6304990528015597
ジヒドロキシインドール	1.6304990528015597
ジヒドロキシエチレン	1.6304990528015597
ジヒドロキシナフタレン	1.6304990528015597
ジヒドロキシビフェニル	1.6304990528015597
ジヒドロキシプロピル	1.6304990528015597
ジヒドロキシプロポキシ	1.6304990528015597
ジヒドロキシベンゼン	1.6304990528015597
ジヒドロクマリンシステム	5.403762523844088
ジヒドロベンゾフラン	0.4319103313511005
ジヒドロー	0.4764394214220403
ジビニル	1.4265589752796493
ジピバロイルオキシインドール	1.019921630389224
ジピリジル	0.16865968242239462
ジフェニル	1.3535982181568749
ジフェニルメタリジイソリアネート	1.3635982181568749
ジフェニルメタン	1.3635982181568749
ジフェニレン	0.4888038735344885
ジフェノキシ	0.4393035655656603
ジフェノール	1.1137156804199797
ジフェン	0.14409190565316204
ジフテリア	0.4725684879282077
ジフマレート	0.8696535753114312
ジフルオロ	1.1478075494749316
ジフルオロエチレン	1.5470933562561908
ジフルオロピリミジニル	1.1578075494749316
ジフルオロピリミジル	1.1578075494749316
ジフルオロフェニル	1.3535982181568749
ジフルオロメタン	1.1578075494749316
ジフルオロメチル	1.334051478706704
ジフロロモノクロロピリミジン	0.7333509518935939
ジブ	0.232253993475009
ジブタノイルオキシインドール	1.019921630389224
ジブチル	0.45975792440943797
ジブチルフタレート	0.8696535753114312
ジブロモ	0.3698063395275504
ジプロピル	0.4587573493671172
ジプロピレングリコール	1.246266285532451
ジプロピレングリコールジメチルエーテル	1.334051478706704
ジプロピレングリコールモノノルマルブチル	1.256266285532451
ジプロピレングリコールモノメチルエーテル	1.334051478706704
ジプロピレンダリコール	0.9769504829143105
ジヘキサノイルオキシインドール	1.019921630389224
ジベル	0.2944518873687329
ジベンジルクミル	0.6884573402502405
ジベンジルフェニル	1.3535982181568749
ジベンゾ	0.317243153868246
ジベンゾチアジルジスルフィド	0.4122757169594861
ジペンタ	0.5579750669513457
ジペンタエリトリトールヘキサ	0.7063619642990486
ジペンタエリトリトールペンタ	0.7063619642990486
ジペンタメチレンチウラム	0.5679750669513457
ジホスフィノアミニル	0.4340358376564003
ジホスホン	0.3037806460203654
ジポリオキシエチレンアルキルアミン	3.097609898211153
ジミリストイルオキシインドール	1.1238510233227148
ジメチコン	0.25725325710649016
ジメチル	1.334051478706704
ジメチルアセトアミド	1.344051478706704
ジメチルアミノ	1.6324566475787168
ジメチルアミノエチルアクリレート	1.6424566475787168
ジメチルアミノエチルコポリマー	2.408944300297198
ジメチルアミノピロリジン	1.6424566475787168
ジメチルアミノプロピルアクリレート	1.6424566475787168
ジメチルアミン	1.344051478706704
ジメチルエ	1.344051478706704
ジメチルジアリルアンモニウム	1.344051478706704
ジメチルジアリルアンモニウムクロリド	1.354051478706704
ジメチルジエタノールアンモニウム	1.344051478706704
ジメチルスルフィドアダクト	1.9176900603419238
ジメチルスルホキシド	1.344051478706704
ジメチルチオトルエンジアミン	1.344051478706704
ジメチルピメリミデート	1.344051478706704
ジメチルベンゾイル	1.344051478706704
ジメチルホルムアミド	1.344051478706704
ジメチレン	0.5396205914826817
ジメチロールプロピオン	2.2102925019839486
ジメトキシ	0.562875090548345
ジメトキシエタン	0.572875090548345
ジメトキシフェニル	1.3535982181568749
ジメトキシベンゼン	0.7419993490561012
ジメトキシベンゾイル	0.572875090548345
ジメトキシメタン	0.9562747118318686
ジャ	0.5951626596867626
ジャイロ	0.6051626596867626
ジャカード	1.3672459180693113
ジャガイモ	0.6051626596867626
ジャケット	0.6738034868066778
ジャスト	0.6051626596867626
ジャスミン	0.6051626596867626
ジャッキ	0.7465921336396412
ジャック	0.6051626596867626
ジャバラ	0.6051626596867626
ジャマ	0.6051626596867626
ジャム	0.6051626596867626
ジャンクション	0.6051626596867626
ジャンパ	0.6051626596867626
ジャンパー	0.6151626596867626
ジャンプ	0.6051626596867626
ジャンル	0.6051626596867626
ジャー	0.6051626596867626
ジャーク	0.6151626596867626
ジャーナル	0.6144863077364919
ジヤイロ	0.08480716753128006
ジヤカード	1.3672459180693113
ジヤガード	0.46274638203230317
ジヤケツト	0.2744215025938402
ジヤツキ	0.36966587295677356
ジヤツクレバー	1.9483122949711909
ジヤンプ	0.16961433506256013
ジヤーナル	0.16422837374383503
ジュ	0.05996772325459172
ジュグロン	0.19963459157915525
ジュー	0.06996772325459172
ジューサ	0.16961433506256013
ジュート	0.17422837374383504
ジュール	0.281273554234067
ジユアー	0.19963459157915525
ジユーサー	0.14991930813647933
ジユール	0.18224417150312877
ジョイ	0.12721075129692008
ジョイナ	0.1372107512969201
ジョイント	0.9999216303892241
ジョグ	0.12721075129692008
ジョブ	1.028232261071279
ジョー	0.232253993475009
ジョーゼット	0.242253993475009
ジョードアセトン	1.9176900603419238
ジョーホルタ	0.242253993475009
ジヨイナー	0.1161269967375045
ジヨイント	0.9999216303892241
ジヨウ	0.21336044372468793
ジヨン	0.05193357174559127
ジヨー	0.3128221585760398
ジヨーホルダー	1.1298882004594617
ジラクチド	0.1221893373417793
ジル	0.12721075129692008
ジルコ	0.1372107512969201
ジルコアルミネート	1.5812230131018736
ジルコニア	0.3792691831583105
ジルコニウム	0.6610064535458221
ジルコニュウム	0.15865968242239462
ジルコニユウム	0.1472107512969201
ジルコン	0.25725325710649016
ジン	0.1121893373417793
ジンギベロール	2.2102925019839486
ジンク	0.15689032301018271
ジング	0.20889043756735093
ジンジバリス	0.3128221585760398
ジンバル	0.1468903230101827
ジー	0.08480716753128006
ジーク	0.09480716753128006
ジーゼル	0.09480716753128006
ジーンズ	0.11993544650918345
スる	0.10386714349118253
スィッチ	0.11993544650918345
スィング	0.20889043756735093
スイ	0.08480716753128006
スイッ	0.09480716753128006
スイッチ	2.4761659787135653
スイッチバック	2.486165978713565
スイッチング	2.486165978713565
スイッチンング	2.486165978713565
スイッッチ	0.10480716753128005
スイツチ	0.7465921336396412
スイツチング	0.7565921336396412
スイベル	0.37449831169343445
スイミング	0.22412760182266578
スイング	1.009921630389224
スイープ	0.09480716753128006
スウェーデン	0.2696678587279564
スェージ	0.1468903230101827
スエット	0.16865968242239462
スエージ	0.10386714349118253
スエード	0.24725325710649015
スカ	0.20336044372468792
スカイ	0.21336044372468793
スカイビング	0.5929528970303382
スカバ	0.34922867012512027
スカベンジポンプ	3.0046358346042896
スカム	1.7609137548917864
スカラップ	0.7106221871410544
スカンジウム	0.37449831169343445
スカート	0.6541706291544866
スキッド	0.2243786746835586
スキップ	0.3128221585760398
スキツド	0.1468903230101827
スキマ	0.05193357174559127
スキム	0.10386714349118253
スキャナ	0.36966587295677356
スキャナー	0.37966587295677356
スキャニング	0.2748066310683302
スキャン	0.5561177875065497
スキュー	0.5952616304101257
スキューバ	0.6052616304101257
スキン	0.5035146593495772
スキー	1.5575855828799823
スキージ	1.5675855828799823
スキージング	1.5775855828799823
スキーム	1.5675855828799823
スク	0.15865968242239462
スクアリリウム	0.16865968242239462
スクイズ	0.16865968242239462
スクウェア	0.16865968242239462
スクエアリリウム	1.3475625580094572
スクシニル	0.16865968242239462
スクシノグルカンガム	0.18483445477046012
スクライビング	0.5929528970303382
スクライビングロール	2.2102925019839486
スクラッチ	1.8120275893011153
スクラップ	0.7106221871410544
スクラバ	0.33922867012512026
スクラビネス	0.16865968242239462
スクラビングワイプ	0.5929528970303382
スクラロース	0.4764394214220403
スクランブル	0.4419103313511005
スクリエ	0.31870274951317085
スクリプト	0.31870274951317085
スクリム	0.4424334021345295
スクリュ	0.6430821881525095
スクリュウコンベヤ	1.2093544650918346
スクリュー	1.1476418511862791
スクリユウオーガ	0.37722580752545676
スクリユウシヤフト	0.5530308299275676
スクリユー	0.31870274951317085
スクリリーン	0.6460537564846005
スクリー	0.32870274951317086
スクリーチトーン	0.33870274951317086
スクリーニング	1.1782168088042413
スクリーン	1.7611531039045547
スクリーンメツシユ	1.7711531039045547
スクレ	0.16865968242239462
スクレーパ	0.3698063395275504
スクレーパー	0.3798063395275504
スクレーピング	1.7864014672583832
スクレープ	0.44975792440943796
スクロール	2.2102925019839486
スクータ	0.16865968242239462
スクーター	0.17865968242239463
スクープ	0.16865968242239462
スケ	0.05996772325459172
スケジューラ	0.2748066310683302
スケジューリング	2.4197401140516974
スケジュール	1.0150323265616765
スケッチ	0.11386714349118253
スケマティック	0.1374033155341651
スケルチティルイルミネーション	0.36722580752545675
スケーリング	2.4197401140516974
スケール	0.8134417748987517
スケールスルース	0.8234417748987517
スコア	1.5812230131018736
スコアリング	2.4197401140516974
スコップ	0.4802784937554205
スコロトロン	0.2644215025938402
スコープ	0.11993544650918345
スジ	0.333886152456969
スス	0.04240358376564003
スズ	0.3496689095409202
スソ	0.04240358376564003
スタ	0.15288829553044753
スタイラス	0.2498708930183669
スタイル	0.9953702424630101
スタガ	0.16288829553044754
スタガー	0.17288829553044754
スタジアム	0.16288829553044754
スタジオ	0.35186862177015793
スタッ	0.16288829553044754
スタッカ	0.25442150259384017
スタッカクレーン	0.8078186675705553
スタッカー	0.3892691831583105
スタッキングボトル	0.5620614402317515
スタック	0.5875612920407308
スタッド	0.9114304851552743
スタッドレス	0.9214304851552743
スタッフ	0.17288829553044754
スタツド	0.17990316976377518
スタティック	0.2343786746835586
スタビライザ	0.2798547546456628
スタビライジングフォイル	0.36223062078091095
スタビライジングフオイ	0.21889043756735094
スタビライズ	0.19724915584671723
スタフィロコッカス	0.2975950975656642
スタフィングボックス	1.4727699956732379
スタブ	0.5099308795699475
スタン	0.30724315386824597
スタンション	0.317243153868246
スタンス	0.317243153868246
スタンダード	0.317243153868246
スタンディング	0.317243153868246
スタンド	0.8894650769505491
スタンドオフ	1.1100440971080092
スタンバイ	0.33570810713583626
スタンパ	0.317243153868246
スタンパブルシート	4.060152726406218
スタンピングナノインプリントプロセス	1.7864014672583832
スタンプ	0.562547108468134
スタンプケースバネ	2.4952262577163373
スター	0.20773428698236507
スタータ	0.6915815220934747
スターチ	0.21773428698236508
スタート	0.6144863077364919
スタートアップ	1.0551429706375404
スターラップ	0.7106221871410544
スターリング	2.4197401140516974
スチ	0.10386714349118253
スチフ	0.17224417150312876
スチフナー	0.18224417150312877
スチュワートプラットフォーム	1.02414622222293
スチリル	0.11386714349118253
スチル	0.18724915584671722
スチレ	0.11386714349118253
スチレン	0.9015125568225226
スチレンアクリロニトリルコポリマー	2.408944300297198
スチレンコポリマー	2.408944300297198
スチレンブダジエンラテックス	0.9115125568225226
スチレンブロックコポリマー	2.9691504307395724
スチロール	2.2102925019839486
スチー	0.11386714349118253
スチーマ	0.19889043756735092
スチーマー	0.20889043756735093
スチーミング	0.20889043756735093
スチーム	0.7196126790551007
スチール	1.0070293186991544
スットパー	0.35708829191340724
ステ	0.3909417256758612
ステア	0.4009417256758612
ステアバイワイヤ	1.7826016736724766
ステアリング	2.4197401140516974
ステアロサーモフィラス	0.41094172567586124
スティ	0.4009417256758612
スティック	0.41094172567586124
スティッチ	0.4596438949338215
スティッヂカム	1.7609137548917864
スティング	0.41094172567586124
ステイ	0.4009417256758612
ステイツキングクロス	0.832782513449255
ステイプル	0.41094172567586124
ステキ	0.4009417256758612
ステキヒトサイズ	1.4632123277557396
ステッカー	0.4009417256758612
ステッキ	0.4009417256758612
ステッゾ	0.4009417256758612
ステッチ	0.5363676226126481
ステッピングモータ	3.132931104155867
ステッピングモーター	3.142931104155867
ステップ	5.103602050477051
ステツチヘツド	0.5135146593495772
ステツチホーン	0.4287018412027119
ステツチモジユール	0.4009417256758612
ステツチモジール	0.4009417256758612
ステツピングモータ	3.132931104155867
ステツプ	0.4009417256758612
ステノトロホモナス	0.4009417256758612
ステム	0.7417597713194705
ステルス	0.4009417256758612
ステレオ	0.4009417256758612
ステロイド	0.4009417256758612
ステロール	2.2102925019839486
ステン	0.4009417256758612
ステンシル	0.41094172567586124
ステント	0.41094172567586124
ステンレス	0.8293126358225174
ステンレスネジ	1.2108527223469414
ステー	0.5898519880265112
ステーション	1.1819880129949791
ステージ	1.0490067286227607
ステータ	1.0643215055550086
ステータス	1.0743215055550086
ステーター	1.0743215055550086
ステート	0.5998519880265112
ステーブクーラー	0.6388599309570265
ステーブル	2.1301791882820016
ステーブルローカルオシレータ	2.1401791882820014
ステープル	1.7016319701944624
ステープルケンス	1.7116319701944624
スディッチカム	1.7609137548917864
スディッヂカム	1.7609137548917864
スデータ	6.4138537434922185
スト	0.3444883430062575
ストア	0.35448834300625753
ストイキオメトリー	0.6963619642990486
ストッ	0.35448834300625753
ストッカ	0.36448834300625754
ストッカー	0.3892691831583105
ストッキング	0.5161858433956596
ストック	0.44473253847527455
ストッパ	1.403808410048158
ストッパー	1.413808410048158
ストップ	1.0906676239955504
ストツカ	0.35448834300625753
ストツカー	0.3892691831583105
ストツキング	0.5161858433956596
ストツクインレツト	0.9999216303892241
ストツパ	0.3792691831583105
ストツパプーリ	1.0968891355255423
ストツパー	0.38514967620912804
ストツプ	0.35448834300625753
ストパ	0.35448834300625753
ストマ	0.35448834300625753
ストライカ	0.35448834300625753
ストライカー	0.3892691831583105
ストライク	0.35448834300625753
ストライピング	1.7864014672583832
ストライプ	0.758538366316621
ストラクチュラル	0.35448834300625753
ストラッ	0.35448834300625753
ストラット	0.3909417256758612
ストラッブ	0.36448834300625754
ストラップ	0.7106221871410544
ストラツト	0.35448834300625753
ストランド	0.9505404346345554
ストリッパー	0.6963619642990486
ストリッピング	1.7864014672583832
ストリップ	1.3341976154258237
ストリンガー	0.6963619642990486
ストリング	2.4197401140516974
ストリンジェント	0.6963619642990486
ストリート	0.6963619642990486
ストリーミング	0.6963619642990486
ストリーム	1.1278875035614269
ストレ	0.35448834300625753
ストレイン	1.086917464771291
ストレス	0.36448834300625754
ストレッチ	0.4345074351467571
ストレッチャー	0.4445074351467571
ストレプト	0.36448834300625754
ストレプトコッカス	0.37448834300625755
ストレプトゾトシン	0.37448834300625755
ストレージ	1.6774892037820999
ストレート	0.8696535753114312
ストレーナ	0.5472050432983936
ストレーナー	0.5572050432983936
ストロホ	0.35448834300625753
ストロボ	0.35448834300625753
ストロマ	0.35448834300625753
ストロンチウム	0.35448834300625753
ストロー	0.4764394214220403
ストローク	1.1956006077929504
ストン	0.35448834300625753
ストー	0.35448834300625753
ストーカ	0.36448834300625754
ストークス	0.36448834300625754
ストーブ	0.36448834300625754
ストーリー	0.4240358376564003
ストール	0.36448834300625754
ストーン	0.36448834300625754
スナッバ	0.31731936484478923
スナッババー	1.2513463562428462
スナッピング	1.7864014672583832
スナップ	0.5262146359520289
スナツプ	0.1468903230101827
スナバ	0.05193357174559127
スナー	0.05193357174559127
スナール	0.14409190565316204
スニスエージ	0.11386714349118253
スネル	0.16288829553044754
スネーク	0.09480716753128006
スネールワイヤー	1.7826016736724766
スノウ	0.05193357174559127
スノコ	0.05193357174559127
スノー	0.2435900433794421
スバ	0.07344516150509135
スパ	0.04240358376564003
スパイ	0.22637319101615158
スパイク	0.30577659106089505
スパイラル	0.6217585881807142
スパウト	0.2243786746835586
スパッタ	0.5017259692937482
スパッタリング	2.4197401140516974
スパッター	0.5117259692937483
スパッド	1.1976788885195742
スパナ	0.2596678587279564
スパニング	0.20889043756735093
スパン	0.6737210705270433
スパンデックス	0.6837210705270433
スパンドレル	0.6837210705270433
スパンボン	0.6837210705270433
スパンボンデッド	0.6937210705270433
スパー	0.35708829191340724
スパーク	0.464507986950018
スパース	0.36708829191340725
スピ	0.04240358376564003
スピゴットタイプ	1.207854333841716
スピニング	0.3352297641329051
スピヌロシン	0.1948329364783868
スピネル	0.16288829553044754
スピロ	0.1948329364783868
スピン	1.7864014672583832
スピンド	1.7964014672583832
スピンドル	1.8064014672583832
スピーカ	0.7795804023096925
スピーカー	0.7895804023096925
スピーチ	0.17422837374383504
スピーディー	0.17422837374383504
スピード	0.333886152456969
スピードアップ	1.9176900603419238
スフ	0.19431763234344604
スフィルム	3.1196603900040887
スフェロチラス	0.20431763234344605
スブ	0.05996772325459172
スブチリス	0.10481729578957762
スブロケッ	0.06704595282658102
スプ	0.05996772325459172
スプライシング	0.5929528970303382
スプライン	1.9566431884984825
スプラッシュ	0.4122757169594861
スプリ	0.7333509518935939
スプリゾクラーヘッド	2.754137693505648
スプリッタ	0.7433509518935939
スプリッター	0.7533509518935939
スプリット	0.7433509518935939
スプリン	0.7433509518935939
スプリンクラ	2.0173517968049812
スプリンクラー	2.027351796804981
スプリング	2.4197401140516974
スプリングキヤッチ	2.429740114051697
スプリングリテーナ	2.429740114051697
スプリングワッシャ	2.429740114051697
スプリングワツシヤー	2.429740114051697
スプリント	1.529445316015628
スプル	0.3698063395275504
スプルス	0.3798063395275504
スプルブッシュ	0.711904205024079
スプルー	0.3798063395275504
スプレ	0.7345927570170282
スプレィ	0.7445927570170282
スプレイ	0.7445927570170282
スプレッダ	0.7445927570170282
スプレノズル	2.8018823536451953
スプレー	0.7445927570170282
スプレーヤー	0.7545927570170282
スプロケ	0.34656801202533793
スプロケット	0.9881035909661093
スプロケツト	0.35656801202533794
スプロケツトテイース	0.36656801202533795
スプロケツトホイル	0.36656801202533795
スプール	1.0334650290187728
スプーン	0.17990316976377518
スベ	0.04240358376564003
スベー	0.16865968242239462
スペ	0.09481729578957762
スペア	0.41003460917662976
スペクトル	1.2844156815788472
スペクトルアンミキシング	1.2944156815788472
スペシフィック	0.2243786746835586
スペックル	0.15689032301018271
スペル	0.20889043756735093
スペルミン	0.21889043756735094
スペンサー	0.5579750669513457
スペーサ	1.139386741837243
スペーサー	1.149386741837243
スペース	1.1503803902626568
スペースド	1.1603803902626568
スボン	0.16288829553044754
スポイラ	0.232253993475009
スポイラバー	1.2513463562428462
スポット	0.4406709690305481
スポツト	0.2644215025938402
スポンジ	0.4797417860367338
スポンジゴムボルル	1.7050829295462515
スポーク	0.281273554234067
スポーツ	0.35477383518500283
スマート	0.5657343697162104
スミス	0.2679309304799971
スムージング	0.21889043756735094
スムース	0.12993544650918346
スムーズ	0.05996772325459172
スメクタイト	0.41003460917662976
スメクチック	0.17422837374383504
スメチカ	0.05996772325459172
スモーク	0.19963459157915525
スモール	0.46274638203230317
スラ	0.22033548451527404
スライ	0.3483809902125135
スライス	0.5875612920407308
スライタ	0.3583809902125135
スライダ	1.01414622222293
スライダバツト	1.02414622222293
スライダー	1.02414622222293
スライディング	0.3804525532200525
スライト	1.141865955080758
スライド	2.296066942013977
スライドコア	2.306066942013977
スライドセントル	2.306066942013977
スライドボリユーム	2.306066942013977
スライバ	0.3932346586843407
スライバー	1.2513463562428462
スライム	0.3583809902125135
スラギング	0.7041765838268145
スラグ	0.5088430051876803
スラス	0.23033548451527405
スラスター	0.3880821092507383
スラスト	0.7070090301369303
スラッシュ	0.4122757169594861
スラッジ	0.46836289111403495
スラッジミキサ	0.47836289111403496
スラット	0.5158618609599942
スラッド	0.23033548451527405
スラップ	0.7106221871410544
スラツト	0.2644215025938402
スラヌト	0.23033548451527405
スラブ	0.7471939814871882
スラブフォトニック	0.7571939814871882
スラム	0.35448834300625753
スラリ	0.232253993475009
スラリー	1.0070293186991544
スランプ	1.2639564963308574
スリ	0.22033548451527404
スリック	0.23033548451527405
スリッタ	0.23033548451527405
スリッター	0.2596678587279564
スリッティング	0.23033548451527405
スリット	1.593382016225722
スリッパ	0.23033548451527405
スリップ	0.9054927640646063
スリツト	0.33922867012512026
スリツパ	0.23033548451527405
スリング	2.4197401140516974
スリー	0.23033548451527405
スリーブ	1.7369948909921047
スリーブク	1.7469948909921047
スリープ	0.4797417860367338
スル	0.05996772325459172
スルファターゼ	0.10481729578957762
スルファト	0.2844518873687329
スルファトエチル	0.8649344898429137
スルファトエチルスルフォン	0.8749344898429137
スルファトエチルスルホニル	0.8749344898429137
スルファトエチルスルホニルフェニルアミノ	1.6324566475787168
スルファミノ	0.10386714349118253
スルファミン	0.25442150259384017
スルファモイル	0.36223062078091095
スルファート	0.17422837374383504
スルフアト	0.21773428698236508
スルフィド	0.3792691831583105
スルフィニル	0.6144863077364919
スルフィメチル	1.334051478706704
スルフェンアミド	0.9981035909661093
スルフェート	0.17422837374383504
スルフォニウム	0.22412760182266578
スルフォン	0.2696678587279564
スルフヒドリル	0.5906349836875225
スルホ	0.6078668725739734
スルホアリールジカルボキシレート	1.1881788248321943
スルホキシド	0.6178668725739734
スルホキシル	0.6178668725739734
スルホナト	0.6178668725739734
スルホニル	0.8664246562747561
スルホニルウレア	0.8764246562747561
スルホニルジ	0.8764246562747561
スルホニルフェニルエステル	1.6011235005388074
スルホネート	0.6178668725739734
スルホン	1.0992265242733208
スルー	0.3816322538907603
スループット	1.5196509575875585
スレ	0.11993544650918345
スレイ	0.28805889375327487
スレオニン	0.12993544650918346
スレッシュホールド	0.9926292907211257
スレッショルド	0.34656801202533793
スレッド	0.6430821881525095
スレディング	0.20889043756735093
スレーシャフト	2.0489025906561187
スレート	0.8696535753114312
スレーブ	0.46062082248636865
スロ	0.07344516150509135
スロット	1.0975895516237688
スロットル	1.2983392936397817
スロツト	0.3932346586843407
スロツトルワイヤー	1.7826016736724766
スロー	0.4764394214220403
スロート	0.48643942142204033
スロープ	1.1965428969745833
スワ	0.07344516150509135
スワイピングジェスチャー	1.7864014672583832
スワイプ	0.45372063150204855
スワッシュプレ	0.7345927570170282
スワッシュプレート	3.0095852774196854
スワッシュプレートガイド	3.019585277419685
スワップ	0.3128221585760398
スワーラ	0.08480716753128006
スワール	0.2243786746835586
スワールポート	1.7222333997777917
スー	0.08480716753128006
スーツ	0.09480716753128006
スーツケース	2.4952262577163373
スート	0.2435900433794421
スーパ	0.09480716753128006
スーパー	0.3496689095409202
スーパーインポーザ	0.9999216303892241
スーパーシアニン	0.35708829191340724
スーパーツィステッドネマティック	0.6200813311740638
ズノ	0.04240358376564003
ズブチルス	0.45975792440943797
ズボン	0.16288829553044754
ズリ	0.05996772325459172
ズル	0.16961433506256013
ズレ	0.2508629846468741
ズーミング	0.20889043756735093
ズーム	0.5852616304101257
セイ	0.07344516150509135
セイヨウワサビ	0.21336044372468793
セイヨウワサビペルオキシダーゼ	0.7244612415618219
セイル	0.36223062078091095
セオドライト	1.141865955080758
セカンダリ	0.6637210705270433
セカンダリー	0.6737210705270433
セカンド	0.2243786746835586
セキュア	0.2635900433794421
セキュアエレメントメモリ	2.3273083277027813
セキュリティ	0.8627852926969928
セキュリティポリシ	1.5812230131018736
セキュリティー	0.8727852926969928
セクショナルビーム	1.8629444265616677
セクション	1.310401098878514
セクタ	0.41870184120271187
セクター	0.4287018412027119
セクターギャ	0.4387018412027119
セグ	0.05996772325459172
セグメン	0.1372107512969201
セグメンテーション	0.3816322538907603
セグメント	1.939703261992667
セグメントレ	1.949703261992667
セシウム	0.1468903230101827
セション	0.15689032301018271
セス	0.04240358376564003
セスキ	0.17990316976377518
セタン	0.29127355423406703
セチ	0.04240358376564003
セチルトリメチルアンモニウムブロミド	1.334051478706704
セッ	0.18483293647838678
セッケン	0.1948329364783868
セッコウ	0.1948329364783868
セッション	0.49268512123150504
セッティング	0.20773428698236507
セット	1.687641325404402
セットアップ	1.697641325404402
セットコ	1.697641325404402
セツ	0.04240358376564003
セツキシマブ	0.1948329364783868
セツト	0.527068188233943
セバシン	0.1948329364783868
セバレータ	0.15063677711703352
セパレ	0.22637319101615158
セパレータ	1.0622076573798815
セパレーター	1.0722076573798816
セパレート	0.8696535753114312
セピオラ	0.15865968242239462
セフ	0.05996772325459172
セフメン	0.1372107512969201
セマフォ	0.17990316976377518
セミ	0.08480716753128006
セミカルバジド	0.15865968242239462
セミコロン	0.2744215025938402
セメン	0.1372107512969201
セメンタイト	0.35448834300625753
セメント	1.0643215055550086
セメントクリンカ	1.0743215055550086
セラ	0.2398708930183669
セラチア	0.2498708930183669
セラック	1.0931605168675127
セラミック	1.533286851959482
セラミックス	1.543286851959482
セラミックフィ	1.543286851959482
セラミツク	0.38514967620912804
セラミツクフアイバー	1.2613463562428462
セラミツクブロツク	0.6963619642990486
セラミツクプレート	3.0095852774196854
セラミツクポートライナー	1.7222333997777917
セラミド	0.2498708930183669
セリ	0.07344516150509135
セリア	0.4725684879282077
セリウム	0.3229360728346088
セリン	0.6655434966228759
セリング	2.4197401140516974
セリンデヒドラターゼ	0.6755434966228759
セル	1.5499075430497955
セルフ	1.5599075430497955
セルフアライニングトルク	2.0300757554475584
セルフタップネジ	1.5699075430497955
セルプ	1.5599075430497955
セルラ	1.5599075430497955
セルラー	1.5699075430497955
セルラーゼ	1.5799075430497955
セルロ	1.5599075430497955
セルロース	2.018072042847891
セルロースァシレー	2.028072042847891
セルロースァシレート	2.0380720428478907
セルロースァシレートフィ	2.0480720428478905
セルロースァシレートフィルム	3.1196603900040887
セルロースアシレート	2.028072042847891
セルロースアシレートフィルム	3.1196603900040887
セルロースアセテートブチレート	2.028072042847891
セルロースアセテートプロピオネート	2.028072042847891
セルローストリアセテート	2.028072042847891
セルローズ	1.5699075430497955
セレ	0.04240358376564003
セレウス	0.1474033155341651
セレクション	0.16689032301018272
セレクタ	0.41003460917662976
セレクタジャックレイジングカム	1.7609137548917864
セレクター	0.42003460917662977
セレクト	0.37449831169343445
セレノ	0.10386714349118253
セレン	0.22621670106726474
セレーション	0.242253993475009
セレーシヨン	0.32160143047354767
セン	0.09481729578957762
センサ	3.393611554533991
センサアッセンブリ	3.403611554533991
センサー	3.403611554533991
センシティブ	0.1468903230101827
センシング	0.510606764393696
センス	0.408925352850343
センタ	0.759722658007814
センタコンソウル	0.769722658007814
センタシステ	0.769722658007814
センタリング	2.4197401140516974
センター	0.8459488392541957
センダゲージ	0.827850705700686
センダスト	0.5472050432983936
センチ	0.2698547546456628
センチメートル	0.3892691831583105
セント	0.1372107512969201
セントラル	0.36722580752545675
セントリック	0.6963619642990486
セントロイド	0.2535900433794421
センナ	0.10386714349118253
センブリ	0.232253993475009
セージ	0.07344516150509135
セード	0.1372107512969201
セーフ	0.2844518873687329
セーフティー	0.2944518873687329
セーブ	0.07344516150509135
セール	0.14409190565316204
ゼォライト	1.141865955080758
ゼオライト	1.141865955080758
ゼナーダイオード	1.4354165094005702
ゼビ	0.04240358376564003
ゼブラ	0.3868912964999357
ゼラチン	0.3932346586843407
ゼロ	0.6260814114194606
ゼロペネトレーション	0.6360814114194606
ゼンマイ	0.2679309304799971
ゼータ	0.22033548451527404
ゼーマン	0.22621670106726474
ソイ	0.08480716753128006
ソイル	0.4056141618946792
ソイルコンパクター	0.4156141618946792
ソケット	0.7818834513517224
ソケツト	0.31160143047354766
ソケツトアツセンブル	0.3329360728346088
ソックス	0.30577659106089505
ソックスレー	0.31577659106089506
ソナー	0.10386714349118253
ソニック	0.18963459157915524
ソバ	0.11993544650918345
ソフト	0.5141161305356395
ソフトウェ	0.5851901951313284
ソフトウェア	1.1065629340039962
ソフトウェアボ	1.1165629340039962
ソフトウエア	1.3575625580094572
ソフトセグメン	0.5241161305356395
ソブリヌス	0.09481729578957762
ソプロルケトン	0.5789037747374658
ソラニ	0.05193357174559127
ソラパ	0.05193357174559127
ソリ	0.05996772325459172
ソリィディティ	0.14409190565316204
ソリッド	0.3698063395275504
ソリトン	0.20431763234344605
ソルガム	0.18483445477046012
ソルダ	0.12721075129692008
ソルダー	0.35980633952755037
ソルダーレス	0.3698063395275504
ソルビタン	0.29127355423406703
ソルビタンモノオレエート	0.7333509518935939
ソルビタンモノステアレート	0.8696535753114312
ソルビタンモノラウレート	0.8696535753114312
ソルビトール	0.2781838113063241
ソルビン	0.5929528970303382
ソルーション	0.19431763234344604
ソレ	0.05996772325459172
ソレノイ	0.08344516150509135
ソレノイド	1.2685689594861753
ソング	0.20889043756735093
ソー	0.386315033414545
ソーイング	1.009921630389224
ソーシャル	0.396315033414545
ソース	1.3701017219466283
ソースァドレス	1.3801017219466283
ソータ	0.396315033414545
ソーター	0.406315033414545
ソーダ	0.396315033414545
ソーティング	0.396315033414545
ソート	0.396315033414545
ソープ	0.396315033414545
ソーラ	0.396315033414545
ソーラリユーム	0.406315033414545
ソーラー	0.406315033414545
ソール	0.396315033414545
ソールトコアセルベーション	1.5812230131018736
ゾノ	0.04240358376564003
ゾヒドロー	0.4764394214220403
ゾル	0.32570810713583626
ゾルバ	0.33570810713583626
ゾン	0.05996772325459172
ゾンデ	0.1468903230101827
ゾール	0.14409190565316204
ゾーン	1.0163600345544213
タイ	0.2398708930183669
タイア	0.2498708930183669
タイェン	0.2498708930183669
タイト	0.3444883430062575
タイトル	0.35448834300625753
タイプ	1.197854333841716
タイプライタ	1.207854333841716
タイマ	0.6711296528991232
タイマー	0.6811296528991232
タイミング	2.201313756391217
タイミングング	2.211313756391217
タイム	0.732613185096092
タイムリー	0.742613185096092
タイヤ	1.5167803996423042
タイヤコードファプリツタ	2.167588347892903
タイル	0.9853702424630101
タウ	0.15865968242239462
タウリン	0.6655434966228759
タオル	0.2748066310683302
タオルケット	0.2848066310683302
タオルヘム	0.2848066310683302
タキオメータ	0.5472050432983936
タキサン	0.2781838113063241
タクチック	0.17422837374383504
タクティック	0.09480716753128006
タクト	0.10386714349118253
タグ	0.9688082185038261
タケ	0.08480716753128006
タケ子	0.10386714349118253
タコ	0.05996772325459172
タコグラフ	0.5522024071264696
タサ	0.04240358376564003
タジタ	0.06996772325459172
タジン	0.1221893373417793
タスキ	0.07344516150509135
タスク	0.7214842366476997
タスピンドル	1.8164014672583833
タタミ	0.05193357174559127
タッ	0.04240358376564003
タッカ	0.07344516150509135
タック	0.2490646604957294
タッチ	1.2179502168972105
タッチキャ	1.2279502168972105
タッド	0.18483445477046012
タッピング	1.7864014672583832
タップ	0.527068188233943
タツ	0.04240358376564003
タツクループ	1.5296509575875585
タツグ	0.05193357174559127
タツチセンサ	3.403611554533991
タツチセンサー	3.4136115545339907
タツチパネル	3.4775140096943304
タツチロール	2.2102925019839486
タツチワイヤ	1.7826016736724766
タツピング	1.7864014672583832
タツプ	0.10386714349118253
タテ	0.2243786746835586
タテヨコ	0.2343786746835586
タテ糸	0.2343786746835586
タハフェンハレレート	0.8696535753114312
タバコ	0.17224417150312876
タパス	0.7308609240158805
タビラ	0.11386714349118253
タビー	0.16422837374383503
タピオカ	0.11993544650918345
タフタ	0.17422837374383504
タフティング	0.4586648865913426
タフテイング	1.009921630389224
タフテッド	0.26818381130632407
タフト	0.39890933378527765
タフトパイル	1.1030752363377065
タフネス	0.17422837374383504
タブ	0.49993087956994753
タブレット	0.5099308795699475
タペット	0.25442150259384017
タポンプ	3.0046358346042896
タマリンド	0.6655434966228759
タミーファイバ	1.7747228402233124
タラップ	0.7106221871410544
タラート	0.2498708930183669
タリウム	0.09480716753128006
タルキ	0.1468903230101827
タルク	0.21412760182266577
タルボ	0.1374033155341651
タルミ	0.07344516150509135
タレ	0.05996772325459172
タロ	0.05996772325459172
タロウジメチルアンモニウム	1.344051478706704
タロウジメチルクロライド	1.344051478706704
タワー	0.5520614402317515
タワーク	1.3258782433308083
タン	0.281273554234067
タンク	2.749538094941639
タング	0.29127355423406703
タングステン	0.5921338224194611
タンジェント	0.29127355423406703
タンス	0.29127355423406703
タンタル	0.333886152456969
タンデム	0.3932346586843407
タンド	0.29127355423406703
タンニン	0.29127355423406703
タンニング	0.30127355423406704
タンネレラ	0.29127355423406703
タンパ	0.29127355423406703
タンパク	1.3165612842505827
タンパブルシート	4.060152726406218
タンピング	1.7864014672583832
タンブラスプリング	2.429740114051697
タンブリング	2.4197401140516974
タンブル	0.3329360728346088
タンポン	0.29127355423406703
ター	0.07344516150509135
ターゲ	0.08344516150509135
ターゲッティング	0.3792691831583105
ターゲット	0.9715881617172301
ターゲットシステ	0.9815881617172301
ターゲツト	0.2644215025938402
ターゲート	1.7293071506228623
ターシ	0.08344516150509135
ターシャ	0.21773428698236508
ターシャリィブチルヒドロキシトルエン	1.6204990528015597
ターシャリーブチルフェニル	1.3535982181568749
ターダクト	1.5043879629743764
ターナ	0.08344516150509135
ターニング	0.20889043756735093
ターハンマー	0.44657161510339055
タービン	2.1142343520995377
タービンインペラ	2.1242343520995375
タービンランナ	2.1242343520995375
ターフ	0.08995158488188759
タープ	0.20773428698236507
ターヘッド	2.754137693505648
ターボ	0.6275157349749514
ターボジェット	1.7593726833698833
ターボチャージャ	0.6375157349749514
ターボチャージャユニット	4.219289943676456
ターボチャージャー	0.6475157349749514
ターポリマー	2.3989443002971984
ターポリン	1.5812230131018736
ターミナル	0.49268512123150504
ターミネータ	0.24798952363359192
タール	0.232253993475009
ターレ	0.16422837374383503
ターレット	0.3083356563510264
ターレツト	0.2644215025938402
ターン	0.6444786766334394
ターンテーブル	2.1301791882820016
ダイ	0.7196126790551007
ダイア	0.7296126790551007
ダイアセトンアクリルアミド	1.8229701703994254
ダイアフラム	0.7396126790551008
ダイアモンド	0.7396126790551008
ダイアル	0.7396126790551008
ダイアログ	0.7396126790551008
ダイオキシン	0.7296126790551007
ダイオード	1.4254165094005702
ダイカ	0.7296126790551007
ダイカスト	0.7396126790551008
ダイキャスト	0.803298412111973
ダイクロイック	0.7296126790551007
ダイシングテープ	1.7016319701944624
ダイジェスター	0.7296126790551007
ダイス	0.7296126790551007
ダイズ	0.7296126790551007
ダイナ	0.7296126790551007
ダイナミック	0.7396126790551008
ダイナモ	0.7396126790551008
ダイバー	1.2513463562428462
ダイバータ	1.2613463562428462
ダイパー	0.7296126790551007
ダイブ	0.7296126790551007
ダイマー	0.7296126790551007
ダイヤ	0.7296126790551007
ダイヤスジ	0.7396126790551008
ダイヤメトラルピッチ	1.429412067747803
ダイヤモンド	1.0868891355255423
ダイヤモンドドリルビット	1.5558418239229608
ダイヤル	0.7396126790551008
ダイレクショナルポート	1.7222333997777917
ダイレクト	0.7296126790551007
ダイン	0.9999216303892241
ダウ	0.08480716753128006
ダウト	0.09480716753128006
ダウン	0.7961265794142297
ダウンザホールドリル	0.9926292907211257
ダウンザホールハンマードリル	0.9926292907211257
ダウンシフト	1.3248530166513364
ダウンストッパヒメール	1.413808410048158
ダウンストリームデータソース	6.4138537434922185
ダウンミキサ	0.8061265794142297
ダウンロード	0.8061265794142297
ダカット	1.0035477290886121
ダク	0.04240358376564003
ダクタイル	0.9953702424630101
ダクト	1.4943879629743764
ダグ	0.05996772325459172
ダスト	0.5372050432983936
ダッシュ	0.24725325710649015
ダッシュインシュレーター	1.009921630389224
ダッシュボード	0.9953702424630101
ダッフィー	0.1372107512969201
ダツシユボード	0.9953702424630101
ダニ	0.07344516150509135
ダニアレルゲン	0.3583809902125135
ダフ	0.05996772325459172
ダブ	0.05996772325459172
ダブリング	2.4197401140516974
ダブル	0.3886352646868921
ダブルカイラルネマティック	0.3986352646868921
ダブルラッシェル	0.7389224150951402
ダミ	0.04240358376564003
ダミヒンジシャフト	2.0489025906561187
ダミー	0.32014003689271686
ダミーファイハ	0.33014003689271687
ダム	0.2748066310683302
ダメージ	0.24725325710649015
ダラ	0.05996772325459172
ダリ	0.04240358376564003
ダリウス	0.05996772325459172
ダル	0.04240358376564003
ダルトン	0.20431763234344605
ダルマ	0.08995158488188759
ダルーミング	0.19963459157915525
ダン	0.1468903230101827
ダンサプーリ	1.0968891355255423
ダンサー	0.15689032301018271
ダンジョン	0.15689032301018271
ダンス	0.15689032301018271
ダントロレン	0.22621670106726474
ダンパ	0.9785034672193753
ダンパー	0.9885034672193753
ダンパーキャ	0.9985034672193753
ダンパーブ	0.9985034672193753
ダンパーブレー	1.0085034672193753
ダンピング	1.7864014672583832
ダンプ	0.22637319101615158
ダンプアツプ	0.2363731910161516
ダンベル	0.2944518873687329
ダンボール	1.242260109394632
ダンボールローラー	2.585297799244149
ダー	0.04240358376564003
ダーツ	0.10386714349118253
ダーティ	0.19889043756735092
ダート	0.17422837374383504
チア	0.04240358376564003
チアジアゾール	0.3329360728346088
チアジン	0.3429360728346088
チアス	0.10481729578957762
チアゾリ	0.2975950975656642
チアゾリウム	0.3075950975656642
チアゾリジン	0.3075950975656642
チアゾリル	0.3075950975656642
チアゾール	0.3075950975656642
チアベンダゾール	0.15409190565316205
チウム	0.09480716753128006
チウラム	0.35448834300625753
チェ	0.19431763234344604
チェィン	0.20431763234344605
チェイン	0.9999216303892241
チェシ	0.20431763234344605
チェスト	0.35448834300625753
チェッカ	0.20431763234344605
チェッカー	0.39664920605598647
チェック	1.1378075494749316
チェックポイント	1.4341545202116819
チェノ	0.20431763234344605
チェノテンショナー	0.4287018412027119
チェン	0.437600053784352
チェンジ	0.447600053784352
チェータ	0.20431763234344605
チェーン	1.3000692601548087
チェーンテンショナ	1.3100692601548087
チェーンテンショナアセンブリ	1.5091930813647931
チェーンテンショナカバー	2.785896776313024
チェーンテンショニングアセンブリ	1.5091930813647931
チエイン	0.9999216303892241
チエツカアーム	2.414698225225277
チエツクアーム	2.424698225225277
チエツクプレート	3.0095852774196854
チエニル	0.10386714349118253
チエノ	0.05193357174559127
チエノベンゾジチオフェン	1.1100440971080092
チエン	0.17990316976377518
チエンジキー	1.5575855828799823
チエンジポイント	1.4341545202116819
チエーン	0.3229360728346088
チオ	0.6704595282658102
チオウレア	0.6804595282658102
チオエート	0.6804595282658102
チオカルボニルジオキシインドール	1.029921630389224
チオキサンテン	0.6804595282658102
チオキサントン	0.6804595282658102
チオキセン	0.6804595282658102
チオシアネート	0.6804595282658102
チオジ	0.6804595282658102
チオスルファトエチル	0.8749344898429137
チオタウリン	0.6804595282658102
チオフェン	1.1100440971080092
チオベンダゾール	0.6804595282658102
チキソトロピッククレー	0.3698063395275504
チキソトロピックセメントスラリー	1.0743215055550086
チキソトロープ	1.1965428969745833
チクセツニンジン	0.20773428698236507
チクソトロピックインデックス	1.009921630389224
チクル	0.15689032301018271
チケット	0.41546857396473014
チゼル	0.05193357174559127
チタ	0.1406367771170335
チタニウム	0.22236626923763728
チタニルフタロシアニン	0.38208993744129005
チタネート	0.17422837374383504
チタン	1.0693776931860408
チタンヘキサシアノフェレート	1.0793776931860408
チック	0.16422837374383503
チッソ	0.07344516150509135
チッピング	1.7864014672583832
チップ	1.3857605357597638
チツ	0.04240358376564003
チツプ	0.22637319101615158
チドリ	0.05193357174559127
チノリモ	0.08480716753128006
チフス	0.07344516150509135
チム	0.11993544650918345
チムニー	0.12993544650918346
チメディアデータ	6.4138537434922185
チモ	0.04240358376564003
チャ	0.281273554234067
チャイルド	0.4240358376564003
チャッカー	0.3892691831583105
チャッキング	0.5161858433956596
チャック	0.875200107568704
チャット	0.5052970176995808
チャネル	1.8531870061826012
チャプタ	0.29127355423406703
チャレンジ	0.7625889539406222
チャンク	0.696761980425027
チャンネル	1.2489277189962484
チャンバ	1.4823070213553307
チャンバー	1.4923070213553307
チャージ	0.46836289111403495
チャージカップルドデバイス	2.744948974161263
チャート	0.40672088744937585
チャード	0.29127355423406703
チャープ	0.29127355423406703
チヤツキ	0.1948329364783868
チヤツキング	0.5161858433956596
チヤツク	0.25442150259384017
チヤネル	0.15865968242239462
チヤン	0.1468903230101827
チヤンネル	0.20113785847974305
チヤンバ	0.19889043756735092
チヤージ	0.09480716753128006
チヤージヤ	0.1161269967375045
チヤージヤケース	2.4952262577163373
チュー	0.05193357174559127
チューナ	0.10386714349118253
チューニング	0.232253993475009
チュービング	0.5929528970303382
チューブ	2.3364336176084826
チューブラ	2.3464336176084823
チューブリン	2.3464336176084823
チユーナ	0.2398708930183669
チユービング	0.5929528970303382
チユーブ	0.31160143047354766
チョコレート	0.8696535753114312
チョッキ	0.08480716753128006
チョッパ	0.36966587295677356
チョッパー	0.37966587295677356
チョッピング	1.7864014672583832
チョップド	0.3610535056225042
チョーク	0.35477383518500283
チヨツク	0.13409190565316204
チヨツパ	0.05996772325459172
チヨツプドストランドガラス	2.5168373275928633
チラー	0.2498708930183669
チル	0.13409190565316204
チルタードラム	2.0193661995163925
チルターボックス	1.4727699956732379
チルト	0.3635350022191389
チルド	0.14409190565316204
チルロール	2.2102925019839486
チレン	0.22621670106726474
チロシン	0.42825520364533154
チロフィバン	0.1372107512969201
チン	0.08480716753128006
チング	0.46159568246042293
チーク	0.2698547546456628
チーグラー	0.2498708930183669
チーズ	0.21412760182266577
チーム	0.20431763234344605
チールハウス	0.4055142989915278
ヂエン	0.14409190565316204
ック	0.08480716753128006
ッグ	0.04240358376564003
ッシュプレートガイド	3.0095852774196854
ッジ	0.04240358376564003
ッタ	0.04240358376564003
ッダ	0.04240358376564003
ッチ	0.10386714349118253
ット	0.15865968242239462
ットパイル	1.1030752363377065
ットパター	0.16865968242239462
ットマシン	0.6178668725739734
ットル	0.1948329364783868
ッド	0.1748344547704601
ップ	0.3028221585760398
ップガセット	1.707641325404402
ップメモリ	2.3273083277027813
ップリング	2.4197401140516974
ツイスト	0.35448834300625753
ツイト	0.16865968242239462
ツイル	0.36223062078091095
ツイン	0.9999216303892241
ツインロールミル	2.2102925019839486
ツインワイヤホーマ	1.7826016736724766
ツェナーダイオード	1.4354165094005702
ツェルニケ	0.09481729578957762
ツェンダー	0.14991930813647933
ツカ	0.04240358376564003
ツガ	0.04240358376564003
ツキ	0.18483293647838678
ツキングレバー	1.9483122949711909
ツキングレパー	0.5161858433956596
ツキンダレパー	0.35708829191340724
ツク	0.05996772325459172
ツジ	0.07344516150509135
ツタ	0.10386714349118253
ツチ	0.15288829553044753
ツト	0.25442150259384017
ツド	0.09481729578957762
ツナギ	0.05193357174559127
ツノ	0.04240358376564003
ツノルードル	0.25725325710649016
ツバ	0.13409190565316204
ツバキ	0.14409190565316204
ツブ	0.1121893373417793
ツベリン	0.6655434966228759
ツボ	0.16961433506256013
ツボ押し	0.5563319596034649
ツマミ	0.20773428698236507
ツメ	0.23609316254660823
ツヤ	0.19431763234344604
ツラレミア	0.09481729578957762
ツラレンシス	0.22621670106726474
ツリー	0.2490646604957294
ツル	0.05996772325459172
ツンジ	0.08344516150509135
ツー	0.35729894772871246
ツーポイントアービター	1.4341545202116819
ツーリング	2.4197401140516974
ツール	0.7082794876398246
ヅメ	0.04240358376564003
ティ	0.04240358376564003
ティシュ	0.29983861627295866
ティシュー	0.6970165776708254
ティック	0.09480716753128006
ティッシュ	0.24173762072857763
ティップ	0.3128221585760398
ティルト	0.11993544650918345
ティン	0.10386714349118253
ティー	0.1161269967375045
ティース	0.9538450301709619
ティータードハブ	0.9486433395721342
ティーチング	0.47159568246042294
ティートカップ	1.0237028795909358
テイ	0.15288829553044753
テイスト	0.47218632509321645
テオフィリン	1.1100440971080092
テカプームジフェニルエーテル	1.3635982181568749
テカリ	0.2435900433794421
テキスタイル	1.00537024246301
テキスチャ	0.29127355423406703
テキスト	1.3055897489367894
テクスチャ	0.464507986950018
テクスチャー	0.474507986950018
テクスチャード	0.705099051779896
テコ	0.04240358376564003
テザー	0.17224417150312876
テスター	0.21773428698236508
テスト	1.1808465467576912
テック	0.10386714349118253
テックス	0.2937806460203654
テッド	0.18483445477046012
テップ	0.3128221585760398
テツ	0.04240358376564003
テトラ	0.6166769967088778
テトラァザポルフィリン	0.6655434966228759
テトラアザペンタメチン	0.6266769967088778
テトラアシルアルキレンジアミン	1.1517514349555236
テトラアセチルエチレンジアミン	1.5470933562561908
テトラアルキルアンモニウムハイドロオキサイド	3.097609898211153
テトラアンミン	0.6266769967088778
テトラエチレンクリコールジメチルエーテル	1.5470933562561908
テトラエチレングリコールコポリマー	2.408944300297198
テトラエチレングリコールジメチルエーテル	1.5670933562561908
テトラエチレンペンタミン	1.5470933562561908
テトラエトキシシラン	0.6989766860125151
テトラクロロエチレン	1.5470933562561908
テトラコシル	0.6266769967088778
テトラシリシックマイカ	0.6266769967088778
テトラゾール	0.6266769967088778
テトラデカノイル	0.6266769967088778
テトラドロフラン	0.6266769967088778
テトラヒドロアラン	0.6266769967088778
テトラヒドロナフタレン	0.6266769967088778
テトラヒドロピラニル	0.6266769967088778
テトラヒドロフラン	0.6266769967088778
テトラヒドロフランアルコール	1.7724288397501533
テトラヒドロフリル	0.6266769967088778
テトラヒドロフルフリル	0.6266769967088778
テトラヒドロフルフリルアルコール	1.7724288397501533
テトラフルオロエチレン	1.5470933562561908
テトラフルオロボレート	1.1478075494749316
テトラメチルアンモニウムヒドロキシド	1.6204990528015597
テトラメチルエチレンジアミン	1.5470933562561908
テトラメチルブチレンジアミン	1.334051478706704
テトロヒドラフラン	0.4319103313511005
テナシティ	0.2922465329444618
テニオライト	1.141865955080758
テニス	0.1161269967375045
テノ	0.04240358376564003
テフロン	0.20431763234344605
テム	0.08480716753128006
テラ	0.04240358376564003
テラス	0.16288829553044754
テラー	0.2498708930183669
テル	0.12721075129692008
テルサルホン	0.1468903230101827
テルビウム	0.2781838113063241
テルフェナジン	0.1372107512969201
テルペノイド	0.2535900433794421
テルペン	0.5579750669513457
テルモ	0.1372107512969201
テルリウム	0.1372107512969201
テルル	0.232253993475009
テレ	0.11993544650918345
テレスコピック	0.35448834300625753
テレスコープ	0.35448834300625753
テレビ	0.6188599309570265
テレビジョン	0.6288599309570265
テレビジヨン	0.6288599309570265
テレフタル	0.5959174636168217
テレフタルアニリドアジポアミド	1.9176900603419238
テレフタルアニリドスベルアミド	0.9981035909661093
テレフタルアニリドセバクアミド	0.9981035909661093
テレフタルアニリドデカンジカルボキサミド	0.6059174636168217
テレフタレ	0.242253993475009
テレフタレート	1.197854333841716
テレフタロイル	0.36223062078091095
テレホン	0.20773428698236507
テレマテイーク	0.2508629846468741
テロ	0.11993544650918345
テロシクリルアルキル	3.097609898211153
テロップ	0.3128221585760398
テロメア	0.12993544650918346
テン	0.24725325710649015
テンキーユニット	4.219289943676456
テンショナ	0.41870184120271187
テンショナプーリ	1.0968891355255423
テンショナローラ	2.585297799244149
テンショナー	0.4287018412027119
テンショニング	0.25725325710649016
テンショニングアーム	2.414698225225277
テンション	0.815649219323338
テンシヨン	0.32845674748767006
テンジヨンロツド	0.5620614402317515
テンタ	0.25725325710649016
テンタクリツプ	0.32870274951317086
テンタチエーン	0.3329360728346088
テンター	0.26725325710649017
テンダー	0.25725325710649016
テンツデータ	6.4138537434922185
テント	0.36722580752545675
テンパリング	2.4197401140516974
テンパー	0.35708829191340724
テンプ	0.25725325710649016
テンプル	0.3698063395275504
テンプレート	3.0095852774196854
テンポ	0.25725325710649016
テー	0.1748344547704601
テーカ	0.18483445477046012
テーカインローラ	2.585297799244149
テーカー	0.3892691831583105
テーク	0.2379895236335919
テージ	0.18483445477046012
テーバ	0.18483445477046012
テーバースティフネス	1.2513463562428462
テーパ	1.1910803624683997
テーパシム	1.2010803624683997
テーパー	1.2010803624683997
テーブル	2.120179188282002
テーブルクロス	2.1301791882820016
テーブルトツプインサート	2.1301791882820016
テープ	1.6916319701944624
テーマ	0.27967084287315297
テーラード	0.2498708930183669
テール	0.35603863005292047
テールゲート	1.7293071506228623
ディ	0.13409190565316204
ディアファナス	0.14409190565316204
ディザ	0.2596678587279564
ディジクル	0.15689032301018271
ディジタル	0.784752758063395
ディジタルビットストリーム	1.5558418239229608
ディス	0.464507986950018
ディスカバリ	0.474507986950018
ディスク	2.326407614256506
ディスクグループメタデータ	6.4138537434922185
ディスクタンブラ	2.336407614256506
ディスクリプタ	2.336407614256506
ディスコ	0.474507986950018
ディスタンス	0.474507986950018
ディスチャージ	0.474507986950018
ディストリビュータ	0.6963619642990486
ディストリビュータフアームウェア	2.414698225225277
ディスパッチ	0.474507986950018
ディスパージョン	0.474507986950018
ディスプレイ	1.9473358208593075
ディスプレー	0.7545927570170282
ディスプレーサシリンダ	2.980672937325926
ディスペンサ	0.5579750669513457
ディスペンサー	0.5679750669513457
ディスペンスヘッド	2.754137693505648
ディスポ	0.474507986950018
ディスポーザ	0.484507986950018
ディスポーザー	0.494507986950018
ディスムターゼ	0.474507986950018
ディック	0.14409190565316204
ディッシュ	0.14409190565316204
ディッシープレート	3.0095852774196854
ディッパー	0.35708829191340724
ディッピング	1.7864014672583832
ディッピングコード	2.167588347892903
ディップ	0.3128221585760398
ディテクタ	0.41003460917662976
ディテントプレート	3.0095852774196854
ディテール	0.3660386300529205
ディネイト	0.16865968242239462
ディフ	0.14409190565316204
ディファレンシャル	0.5321607527775043
ディフェンシン	0.1948329364783868
ディフェンシンアルファ	0.42111799780591846
ディフューザ	0.44674947643487084
ディフューザー	0.45674947643487085
ディペンデント	0.5579750669513457
ディメンション	0.53804116060327
ディライトスイッチ	2.486165978713565
ディレイ	0.28805889375327487
ディレクトリ	0.6963619642990486
ディレー	0.14409190565316204
ディング	0.20889043756735093
ディンプル	0.3698063395275504
ディーゼ	0.14409190565316204
ディーゼル	0.7189877439141606
ディーラー	0.2498708930183669
ディール	0.14409190565316204
ディールス	0.15409190565316205
デイ	0.21621670106726473
デイジタル	0.3483809902125135
デイスク	0.6026681599904457
デイスクカートリツジ	0.7063619642990486
デイストリビユータ	0.6963619642990486
デイストリビユータロータ	1.726166860968329
デイスプレーサ	0.7545927570170282
デイツキングカツタ	0.5161858433956596
デイリー	0.22621670106726474
デインタカレーション	1.019921630389224
デインターリーブ	1.019921630389224
デオキシリボ	0.7144612415618219
デオドラント	0.4319103313511005
デカ	0.07344516150509135
デカノイルオキシ	0.7144612415618219
デカノイルオキシベンゼンスルホネート	0.7419993490561012
デカヒドロナフタレン	0.4122757169594861
デカルト	0.15063677711703352
デカン	0.11386714349118253
デカンティング	0.20889043756735093
デキストラン	0.4319103313511005
デキストリン	0.6963619642990486
デクリメント	0.31870274951317085
デクリメントユニット	4.219289943676456
デコレーション	0.242253993475009
デコーダ	0.3886352646868921
デコーディング	0.4506709690305481
デコード	2.167588347892903
デサルフォトマクラム	0.7589966233868689
デサルフォバクター	0.42003460917662977
デサルフォビブリオ	0.12721075129692008
デサルフォブルブス	0.3329360728346088
デサルフォモナス	0.11993544650918345
デサルフォリステラ	0.4009417256758612
デザイン	0.9999216303892241
デシ	0.20336044372468792
デシベル	0.2944518873687329
デシリットル	0.38449831169343446
デシル	0.29127355423406703
デシルアルコール	1.7724288397501533
デシルスクシネート	0.30127355423406704
デシルテトラデセス	0.6266769967088778
デジ	0.05996772325459172
デジタル	1.3740331553416507
デジタルサイネージ	1.3840331553416507
デジタルチャネルガードトーン	1.8631870061826012
デジタルバーサタイルディスク	2.336407614256506
デジタルバーサティルディスク	2.336407614256506
デス	0.11993544650918345
デスク	0.28915388999957925
デチューン	0.06704595282658102
デッキ	0.6056443171520796
デッキング	0.6156443171520796
デット	0.17990316976377518
デッド	0.38514967620912804
デツキブレート	0.8696535753114312
デツキプレート	3.0095852774196854
デディケイティッド	0.18483445477046012
デニム	0.10386714349118253
デニー	0.05193357174559127
デニール	0.7772705293737842
デバイス	2.7349489741612634
デバイスフィーチャ	2.744948974161263
デバイダー	0.33570810713583626
デバッグ	0.9885034672193753
デヒドロアビエチン	0.4725684879282077
デヒドロゲナーゼ	0.3660386300529205
デビット	1.5558418239229608
デフ	0.16961433506256013
デファレシャルギアーグース	0.779722658007814
デファレンシャル	0.26818381130632407
デフアレンシヤル	0.22621670106726474
デフォルト	0.2508629846468741
デフレ	0.2748066310683302
デフレクタロール	2.2102925019839486
デフレート	0.8696535753114312
デフロスタ	0.2535900433794421
デブリ	0.12721075129692008
デプス	0.10386714349118253
デプレション	0.7345927570170282
デプロイ	0.34656801202533793
デプロイメント	0.35656801202533794
デポ	0.07344516150509135
デポジシヨンプロセス	1.7757414393501032
デマンド	0.22621670106726474
デモンストレ	0.36448834300625754
デュアル	0.2398708930183669
デュプレ	0.7345927570170282
デュプレクサ	0.7445927570170282
デュプレクサチップ	1.3957605357597638
デュレーション	0.2748066310683302
デュー	0.05193357174559127
デューティ	0.7435755874302005
デューティー	0.7535755874302005
デユアルオリフイス	0.4759790472671838
デユテイ	0.16288829553044754
デユー	0.18724915584671722
デユーテイ	0.19724915584671723
デユーテイバルブ	2.3080238731985063
デリ	0.1121893373417793
デリバティブ	0.1221893373417793
デリバリ	0.3128221585760398
デリベリローラ	2.585297799244149
デリベリーローラ	2.585297799244149
デリミタ	0.18963459157915524
デル	0.04240358376564003
デルタ	0.17224417150312876
デルブルッキー・サブスピーシーズ・ブルガリクス	1.5575855828799823
デング	0.20889043756735093
デンティコーラ	0.10481729578957762
デンドライト	1.141865955080758
デンドリマー	0.17422837374383504
デンプン	0.5193357174559128
デー	0.2715154149637838
データ	6.403853743492219
データベース	6.4138537434922185
データマッパー	6.4138537434922185
データー	6.4138537434922185
トイ	0.04240358376564003
トイレ	0.7006221871410544
トイレット	0.7106221871410544
トゥ	0.04240358376564003
トゥイーン	0.09481729578957762
トゥー	0.07344516150509135
トウ	0.5751901951313284
トウモロコシ	0.5851901951313284
トオンコジーン	1.2065428969745833
トキシエトキシエタノール	0.5536456313346573
トキシメチル	1.334051478706704
トキソイド	0.2535900433794421
トグル	0.22637319101615158
トコフェロール	2.2102925019839486
トコン	0.25725325710649016
トコンベヤー	1.2193544650918346
トシ	0.07344516150509135
トシト	0.08344516150509135
トシャッタ	0.6641706291544867
トチ	0.07344516150509135
トッテ	0.07344516150509135
トッパ	0.07344516150509135
トップ	1.0806676239955504
トップガセッ	1.0906676239955504
トップガセット	1.717641325404402
トツ	0.05996772325459172
トツプ	0.06996772325459172
トツプガーダー	0.15865968242239462
トツプクリアラ	0.5421607527775043
トツププレート	3.0095852774196854
トツプリング	2.4197401140516974
トツプレシプロ	0.7345927570170282
トツプローラ	2.585297799244149
トテープ	1.7016319701944624
トド	0.04240358376564003
トドマツ	0.06996772325459172
トナー	1.511436470875816
トニ	0.04240358376564003
トパルプ	1.334051478706704
トビラ	0.11386714349118253
トピ	0.04240358376564003
トピック	0.9367257822280699
トピラメート	0.17990316976377518
トピロキソスタット	0.1948329364783868
トフィルム	3.1196603900040887
トフイルム	0.6303109527167043
トボ	0.04240358376564003
トボルト	1.8982692460992996
トポイソメラーゼ	0.41778087513470186
トポグラフィー	0.5522024071264696
トポロジ	0.10386714349118253
トポロジー	0.13409190565316204
トマーリング	2.4197401140516974
トム	0.04240358376564003
トモ	0.04240358376564003
トラ	0.31731936484478923
トライ	0.32731936484478924
トライアック	0.33731936484478925
トライアッド	0.33731936484478925
トライローバル	0.4764394214220403
トラウマ	0.32731936484478924
トラガントゴム	1.7050829295462515
トラクション	0.32731936484478924
トラクタ	0.41003460917662976
トラス	0.5617474675401516
トラスツズマブ	0.5717474675401516
トラスト	0.5717474675401516
トラッキング	0.7082794876398246
トラック	1.217211841432621
トラックフレレーム	1.227211841432621
トラッピング	1.7864014672583832
トラップ	0.7106221871410544
トラツキング	0.5161858433956596
トラツキングエラー	1.1322939780988048
トラツク	0.3384567474876701
トラツクフレーム	3.2857969185681326
トラツクローラ	2.5952977992441486
トラツパー	0.35708829191340724
トラツプ	0.32731936484478924
トラニオンピン	1.7864014672583832
トラバ	0.32731936484478924
トラバース	1.2513463562428462
トラヒドロアラン	0.4725684879282077
トラフ	0.32731936484478924
トラフィック	0.36722580752545675
トラブル	0.32731936484478924
トラベラー	0.32731936484478924
トラベリング	2.4197401140516974
トラメテス	0.32731936484478924
トラン	0.4319103313511005
トランク	0.4419103313511005
トランザクショナルミドルウェアマシン	0.6178668725739734
トランザクション	0.7295388400806475
トランシーバ	0.4419103313511005
トランジション	0.4419103313511005
トランジス	0.4419103313511005
トランジスタ	2.1463084012384255
トランジスター	2.1563084012384253
トランス	0.6941765838268145
トランスアミナーゼ	0.7041765838268145
トランスアルドラーゼ	0.7041765838268145
トランスエンハンスメント	0.7041765838268145
トランスジェニック	0.7041765838268145
トランスデューサ	0.7041765838268145
トランスデユーサ	0.7041765838268145
トランスファ	0.7041765838268145
トランスファゲート	1.7293071506228623
トランスファチャネル	1.8631870061826012
トランスファテール	0.7141765838268145
トランスファトランジスタ	2.1563084012384253
トランスファバー	1.2513463562428462
トランスファプレス	1.2905601475708675
トランスファー	0.7141765838268145
トランスフア	0.7041765838268145
トランスフアロール	2.2102925019839486
トランスフェクション	0.7041765838268145
トランスフェラーゼ	0.7041765838268145
トランスペアレント	0.7041765838268145
トランスポゾン	0.7041765838268145
トランスポンダ	0.7041765838268145
トランスポーザブルエレメント	1.696842063543138
トランスポート	1.7222333997777917
トランスミッション	0.7041765838268145
トランスミッタ	0.7041765838268145
トランスミッター	0.7141765838268145
トランスミツシヨン	0.7041765838268145
トリ	0.6863619642990486
トリアシリカ	1.1851225840814616
トリアジニル	0.6963619642990486
トリアジン	0.6963619642990486
トリアセチン	0.6963619642990486
トリアゾリウム	0.6963619642990486
トリアゾール	0.6963619642990486
トリアリルネオペンチルエーテル	1.0810577848632805
トリアルキルアンモニウム	3.097609898211153
トリアルキルシリル	3.097609898211153
トリアルコキシオルガノシランポリスルフィド	1.708791507352297
トリアルコキシレートモノアルキルアミドアミン	3.097609898211153
トリアルコキシレートモノアルキルジアミン	3.097609898211153
トリエタノールアミン	1.0881689671863493
トリエチ	0.6963619642990486
トリエチル	0.8649344898429137
トリエチルアミンアダクト	1.5043879629743764
トリエチルアルミニウム	1.8694829686754966
トリエチレ	0.7063619642990486
トリエチレングリコールコポリマー	2.408944300297198
トリエチレングリコールジメタクリレート	1.5570933562561908
トリエチレングリコールモノフェニルエーテル	1.5670933562561908
トリエチレングリコールモノブチルエーテル	1.5570933562561908
トリエチレングリコールモノメチルエーテル	1.5570933562561908
トリエチレンテトラアミン	1.5470933562561908
トリエチレンテトラミン	1.5470933562561908
トリエトキシ	0.6963619642990486
トリオクチルホスフィンオキシド	1.224623992524929
トリオール	0.6963619642990486
トリカルバルデヒド	0.6963619642990486
トリガ	0.6963619642990486
トリガコイル	2.4297923760121374
トリガスライダ	3.3084973483000644
トリガハウジング	3.0173678688070975
トリガー	0.7063619642990486
トリクロカルバン	0.6963619642990486
トリクロロエタン	0.6963619642990486
トリクロロエチレン	1.5470933562561908
トリクロロトリフルオルエタン	0.6963619642990486
トリクロロメチル	1.334051478706704
トリコット	0.6963619642990486
トリコデルマ	0.6963619642990486
トリシアノスチリル	0.6963619642990486
トリシクロデカン	0.7553869800958574
トリス	0.6963619642990486
トリチア	0.6963619642990486
トリチウム	0.8810814959712969
トリチル	0.6963619642990486
トリック	0.6963619642990486
トリップ	0.8680834304841645
トリデシル	0.6963619642990486
トリトン	0.6963619642990486
トリノ	0.6963619642990486
トリハロメチル	1.334051478706704
トリフ	0.6963619642990486
トリフェニル	1.3535982181568749
トリフエンジオキサジン	0.7063619642990486
トリフルオルヘキセ	0.7063619642990486
トリフルオロメタン	1.1478075494749316
トリフルオロメタンスルホン	1.1578075494749316
トリフルオロメチル	1.334051478706704
トリフルオロメチルニトロベンゼン	1.344051478706704
トリフルオロメチルフェニル	1.344051478706704
トリフルオロメトキシフェニル	1.3535982181568749
トリブチル	1.1181866515817052
トリプシン	0.6963619642990486
トリプル	0.6963619642990486
トリプレートストリップライン	3.0095852774196854
トリプロピレングリコールモノノルマルブチルエーテル	1.246266285532451
トリプロリジン	0.6963619642990486
トリヘプタノイン	0.9999216303892241
トリペンタノイン	0.9999216303892241
トリポード	0.6963619642990486
トリマー	0.6963619642990486
トリミング	0.6963619642990486
トリム	0.6963619642990486
トリムリテーナ	0.7063619642990486
トリメチルアリルアミン	1.334051478706704
トリメチルアンモニウム	1.334051478706704
トリメチルアンモニオメチルメタクリレートクロリド	1.334051478706704
トリメチルカプロラクトン	1.334051478706704
トリメチルシリル	1.334051478706704
トリメチルシリルオキシ	1.344051478706704
トリメチルシリルオキシインドール	1.354051478706704
トリメチルシリルオキシカルボニルインドール	1.354051478706704
トリメチルシリルトリフルオロメタンスルホネート	1.344051478706704
トリメチルブチルアンモニウム	1.334051478706704
トリメチルヘキサノイル	1.334051478706704
トリメチルヘキサメチレンジイソシアナート	1.334051478706704
トリメチレンテレフ	0.6963619642990486
トリメチレンテレフタレ	0.7063619642990486
トリメチレンテレフタレート	1.207854333841716
トリメチロールエタン	2.2102925019839486
トリメチロールプロパン	2.2102925019839486
トリメチロールプロパントリアクリラート	2.2202925019839483
トリメトキシシリル	0.6963619642990486
トリメトキンンリルプロビル	0.6963619642990486
トリメプラジン	0.6963619642990486
トリメリト	0.6963619642990486
トリル	0.6963619642990486
トリルスルホナート	0.7063619642990486
トリレンジイソシアネート	1.2361034376439932
トリローバル	0.6963619642990486
トル	0.18483293647838678
トルエン	0.33922867012512026
トルエンスルホネート	0.6278668725739734
トルク	2.0200757554475586
トルクセン	2.0300757554475584
トルブタミド	0.1948329364783868
トルマリン	0.6655434966228759
トレイ	1.076917464771291
トレイン	1.086917464771291
トレオニン	0.12993544650918346
トレス	0.35448834300625753
トレッド	0.5844930658889236
トレハロース	0.669644955800509
トレポ	0.05193357174559127
トレポネーマ	0.16422837374383503
トレランス	0.4319103313511005
トレンチ	0.3128221585760398
トレンチャー	0.3228221585760398
トレンド	0.22621670106726474
トレー	0.5372050432983936
トレーサ	0.5472050432983936
トレーサー	0.5572050432983936
トレース	0.569341685746306
トレーダー	0.5472050432983936
トレーディング	0.5472050432983936
トレーニング	0.5472050432983936
トレーラ	0.5472050432983936
トレール	2.1322983084394553
トレーン	0.7855336098189092
トロ	0.18963459157915524
トロイダル	0.5569255116613574
トロッ	0.19963459157915525
トロッカ	0.502685121231505
トロピック	0.24798952363359192
トロヨケ	0.19963459157915525
トロリ	0.19963459157915525
トロリー	0.3496689095409202
トロン	0.19963459157915525
トローラ	2.585297799244149
トロール	2.2102925019839486
トロ箱	0.19963459157915525
トワーク	1.3258782433308083
トン	0.19431763234344604
トング	0.232253993475009
トンステム	0.7517597713194705
トンネル	1.272107512969201
トンネルプレートヒートパイプ	3.0095852774196854
トンフコート	0.9331913649208459
トンボ	0.20431763234344605
トー	0.1406367771170335
トークナイザ	0.232253993475009
トークン	0.696761980425027
トーション	0.6500346300774044
トーシヨンスプリング	2.429740114051697
トーシヨンバー	1.2513463562428462
トースター	0.21773428698236508
トータル	0.3886352646868921
トーチ	0.4586648865913426
トーナ	0.15063677711703352
トープ	0.2490646604957294
トーラス	0.2748066310683302
トール	0.22637319101615158
トーン	0.15580071523677383
ドア	1.9076900603419238
ドアウインドレキユレータ	1.9176900603419238
ドアウインドレギユレータ	1.9176900603419238
ドアウェザストリップ	1.9176900603419238
ドアウエザストリップ	1.9176900603419238
ドアガラスウエザストリツプ	2.5168373275928633
ドアクローザ	1.9176900603419238
ドアチェッカ	1.9176900603419238
ドアチエツカ	1.9176900603419238
ドアベ	1.9176900603419238
ドアー	1.9176900603419238
ドイメージ	1.3441976154258237
ドガ	0.04240358376564003
ドキソルビシン	0.2781838113063241
ドキュメント	0.47027849375542047
ドクタ	0.41003460917662976
ドクター	0.4981293209914588
ドグ	0.08480716753128006
ドコシル	0.29127355423406703
ドコロ	0.2644215025938402
ドサイプ	0.34656801202533793
ドシン	0.1948329364783868
ドス	0.1121893373417793
ドッ	0.07344516150509135
ドッキング	0.5161858433956596
ドック	0.15580071523677383
ドッグ	0.10386714349118253
ドッグルピン	1.7864014672583832
ドット	0.8596535753114312
ドップラ	0.3128221585760398
ドップラー	0.3228221585760398
ドツト	0.2644215025938402
ドデカノイル	0.36223062078091095
ドデカン	0.12386714349118252
ドデカンジオン	1.2065428969745833
ドデシル	0.30127355423406704
ドデシルベンジルトリメチルアンモニウムクロリド	1.344051478706704
ドデセニルスクシネート	0.16865968242239462
ドナリエラ	0.21773428698236508
ドナー	0.3635350022191389
ドパネル	3.4775140096943304
ドビー	0.20773428698236507
ドプラ	0.23033548451527405
ドベース	2.2767085477526168
ドメイン	1.4265589752796493
ドメインオントロジ	1.4365589752796493
ドラ	0.2613932455409794
ドライ	0.6275157349749514
ドライア	0.6375157349749514
ドライバ	0.8112283237893584
ドライバー	1.2513463562428462
ドライビング	0.6375157349749514
ドライブ	0.957607747068977
ドライブスプロケツトギア	0.967607747068977
ドライブローラギヤ	2.585297799244149
ドライヤ	0.6375157349749514
ドライヤー	0.6475157349749514
ドラグ	0.37966587295677356
ドラグフオイラ	0.3896658729567736
ドラッグ	0.27139324554097943
ドラフト	0.6346387296895785
ドラフトトップフィードローラ	2.585297799244149
ドラム	2.0093661995163927
ドランプオ	1.2639564963308574
ドリップ	0.8680834304841645
ドリツプウエザストリツプ	0.6963619642990486
ドリツプチヤンネル	0.35980633952755037
ドリフト	0.8393126358225174
ドリブン	1.1181866515817052
ドリリング	2.4197401140516974
ドリル	0.5806349836875225
ドリンク	2.0173517968049812
ドリー	0.14409190565316204
ドル	0.24725325710649015
ドルー	0.25725325710649016
ドループ	1.5196509575875585
ドレ	0.08480716753128006
ドレイン	1.1827483784727792
ドレス	0.35448834300625753
ドレッサ	0.09480716753128006
ドレッサー	0.16422837374383503
ドレッシング	0.38449831169343446
ドレネージパイプ	1.7079974939846156
ドレブリン	0.6655434966228759
ドレン	0.732613185096092
ドレンポンプアップシステム	5.403762523844088
ドレープ	0.15063677711703352
ドレーン	0.7855336098189092
ドロ	0.08480716753128006
ドロア	0.4725684879282077
ドロッパー	0.35708829191340724
ドロップ	0.3229360728346088
ドロップアウト	0.6353630159890327
ドロツパ	0.13409190565316204
ドロツパバー	1.2513463562428462
ドロツパピン	1.7864014672583832
ドロツパーニードル	1.1603803902626568
ドロワ	0.1221893373417793
ドロー	0.4764394214220403
ドローイング	1.009921630389224
ドローネ	0.48643942142204033
ドローバ	0.48643942142204033
ドローン	0.48643942142204033
ドン	0.26818381130632407
ドーナッツ	0.06704595282658102
ドーナツ	0.24725325710649015
ドーパ	0.07344516150509135
ドーパミン	0.16288829553044754
ドーパント	0.6737210705270433
ドーピング	1.7864014672583832
ドープ	0.4844041092519131
ドーム	0.4731373559159343
ナイ	0.08480716753128006
ナイザリング	2.4197401140516974
ナイト	0.16865968242239462
ナイトレート	0.8696535753114312
ナイフ	0.38514967620912804
ナイフェツジ	0.39514967620912805
ナイフエラ	0.39514967620912805
ナイロン	0.6514162142716725
ナイロンポリマ	1.5812230131018736
ナイロンマルチフィラメント	2.283243430667199
ナイーブ	0.09480716753128006
ナゲット	0.17865968242239463
ナシ	0.04240358376564003
ナス	0.04240358376564003
ナセル	1.5599075430497955
ナチュラル	0.06704595282658102
ナックル	0.2748066310683302
ナッタ	0.05193357174559127
ナット	1.3681317687754373
ナッバ	0.07344516150509135
ナッピング	1.7864014672583832
ナツクル	0.15689032301018271
ナツト	0.5641429899963556
ナツトランナ	0.5741429899963556
ナツトランナユニツト	0.7802993524182561
ナテグリニド	0.1899031697637752
ナトリウ	0.6963619642990486
ナトリウノ	0.7063619642990486
ナトリウム	1.1118313461881866
ナトリウムスルホイソフタル	1.1218313461881866
ナトリウムスルホイソフタレート	1.1218313461881866
ナトリウムメタノラート	1.1218313461881866
ナノ	1.025605865310474
ナノインデンテーション	1.035605865310474
ナノフィルトレーション	1.035605865310474
ナノメートル	1.035605865310474
ナビゲーション	0.7525889539406222
ナビゲーター	0.1474033155341651
ナフサ	0.07344516150509135
ナフタ	0.21412760182266577
ナフタセン	0.22412760182266578
ナフタリン	0.6655434966228759
ナフタルイミド	0.4831373559159343
ナフタレン	0.4022757169594861
ナフチル	0.4197740627821421
ナフチルアミン	1.0881689671863493
ナフチレン	0.23621670106726475
ナフテン	0.25725325710649016
ナフト	0.15689032301018271
ナフトキノン	0.2635900433794421
ナフトール	0.2363731910161516
ナフトールアラルキル	0.43546857396473015
ナプキン	0.2937806460203654
ナリ	0.10386714349118253
ナロ	0.05996772325459172
ナロウバンド	1.2356763039072522
ナンバ	0.20773428698236507
ナンバデータ	6.4138537434922185
ナンバー	1.2513463562428462
ナーシング	0.38449831169343446
ナース	0.12993544650918346
ニァモータ	3.132931104155867
ニア	0.15865968242239462
ニアネットシェイプ	1.011658457370907
ニゥム	0.05193357174559127
ニウム	0.21412760182266577
ニオ	0.08480716753128006
ニオブ	0.27967084287315297
ニガー	0.12993544650918346
ニキビ	0.05193357174559127
ニクロム	0.581269289201504
ニグロ	0.19963459157915525
ニコチン	0.2748066310683302
ニセ	0.04240358376564003
ニッケル	0.7795804023096925
ニッケルインヂウム	0.9999216303892241
ニッケルヘキサシアノフェレート	0.8696535753114312
ニッティングロック	2.53292414932367
ニット	0.42825520364533154
ニットファブリッ	0.43825520364533155
ニッパー	0.35708829191340724
ニップ	0.6569134949753401
ニップル	0.6669134949753401
ニツト	0.2644215025938402
ニツプ	0.1468903230101827
ニツプベルト	2.094471504584306
ニツプル	0.3698063395275504
ニツプローラ	2.585297799244149
ニトラーゼ	0.32731936484478924
ニトリ	0.6963619642990486
ニトリル	0.7063619642990486
ニトレート	0.8696535753114312
ニトロ	0.6253630159890327
ニトロキシド	0.6353630159890327
ニトロセルロース	2.028072042847891
ニトロソ	0.6353630159890327
ニトロブルーテトラゾリウム	0.6353630159890327
ニトロベンゾイルカプロラクタム	0.6353630159890327
ニピュレータ	0.15063677711703352
ニム	0.04240358376564003
ニュトーラル	0.15063677711703352
ニュー	0.20773428698236507
ニュース	0.21773428698236508
ニュートラル	0.4022757169594861
ニュートロ	0.21773428698236508
ニュートン	0.21773428698236508
ニューヨーク	0.7732645077815206
ニューラル	0.5609466867088966
ニューレグリン	0.6755434966228759
ニューロトロフィン	1.224623992524929
ニューロパシー	0.2679309304799971
ニューロン	0.6289467875403476
ニユートラル	0.32731936484478924
ニユーマ	0.08480716753128006
ニラ	0.10386714349118253
ニリデン	0.05996772325459172
ニレ	0.04240358376564003
ニレメン	0.18963459157915524
ニン	0.11993544650918345
ニング	0.20889043756735093
ニンジン	0.12993544650918346
ニーズ	0.07344516150509135
ニーダー	0.05996772325459172
ニーディング	0.21889043756735094
ニード	0.21412760182266577
ニードル	1.1503803902626568
ニードルバツト	1.1603803902626568
ニードルバツド	1.1603803902626568
ニードルパンチスパンボンド	1.1603803902626568
ニール	0.14409190565316204
ヌクレアタ	0.1221893373417793
ヌクレアーゼ	0.2848066310683302
ヌクレオチド	0.7667899977095918
ヌス	0.04240358376564003
ヌスミ	0.07344516150509135
ヌラット	0.16865968242239462
ヌル	0.09481729578957762
ヌープ	0.08344516150509135
ネイティブ	0.13409190565316204
ネオ	0.1468903230101827
ネオジム	0.15689032301018271
ネオニコチノイド	0.2535900433794421
ネオプレン	0.7345927570170282
ネオペンチルグリコールクロスポリマー	2.3989443002971984
ネオン	1.1965428969745833
ネガ	0.16422837374383503
ネガティブ	0.2596678587279564
ネガレジスト	1.1541112406455527
ネクタイ	0.41003460917662976
ネジ	1.2008527223469414
ネジリコイルバネ	2.4297923760121374
ネジレ	1.2108527223469414
ネジ山	1.2108527223469414
ネジ止め	1.2108527223469414
ネジ穴	1.2108527223469414
ネジ釘	1.2108527223469414
ネス	0.16422837374383503
ネタ	0.05996772325459172
ネッ	0.05996772325459172
ネック	0.32845674748767006
ネット	1.001658457370907
ネットワ	1.011658457370907
ネットワーク	2.279167974023442
ネップ	0.3128221585760398
ネッワーク	1.3258782433308083
ネツク	0.06996772325459172
ネツト	0.4022757169594861
ネノレ	0.11386714349118253
ネパン	0.6737210705270433
ネブライザユニツト	0.7802993524182561
ネマチック	0.17738691759250141
ネマティック	0.19431763234344604
ネル	0.15288829553044753
ネルソンローラーケ	2.585297799244149
ネルンスト	0.35448834300625753
ネレータ	0.15063677711703352
ネロリ	0.05193357174559127
ネン	0.04240358376564003
ネー	0.08480716753128006
ネータ	0.2379895236335919
ネート	0.17422837374383504
ネーマ	0.09480716753128006
ネーミング	0.20889043756735093
ノ\ロ	0.07344516150509135
ノら	0.05996772325459172
ノる	0.04240358376564003
ノイ	0.04240358376564003
ノイズ	0.7790035761838691
ノイル	0.36223062078091095
ノウ	0.04240358376564003
ノウハウ	0.14409190565316204
ノコ	0.04240358376564003
ノシ	0.04240358376564003
ノシバ	0.06996772325459172
ノス	0.05996772325459172
ノズ	0.04240358376564003
ノズム	0.05193357174559127
ノズル	2.7918823536451955
ノズルプリフォーム	2.8018823536451953
ノセラジブロムベンゼン	0.7419993490561012
ノチ	0.04240358376564003
ノッキング	0.5161858433956596
ノック	0.38514967620912804
ノックダウン	0.8061265794142297
ノッチ	0.28915388999957925
ノット	0.16865968242239462
ノツクオーバシンカ	0.38087988565973524
ノツチ	0.16288829553044754
ノツト	0.2644215025938402
ノナ	0.5657343697162104
ノナノイルオキシベンゼンスルホネート	1.035605865310474
ノナノイルオキシベンゼンスルホン	1.1092265242733208
ノナフルオロブタンスルフォン	1.1478075494749316
ノニ	0.04240358376564003
ノニオン	1.1965428969745833
ノニル	0.07344516150509135
ノニルスクシネート	0.18422837374383505
ノネナール	0.14409190565316204
ノブ	0.4406709690305481
ノベル	0.2944518873687329
ノボラック	1.0931605168675127
ノポラクク	0.1221893373417793
ノミナル	0.18963459157915524
ノリ	0.04240358376564003
ノリツブフロップ	0.48597904726718383
ノリン	0.6655434966228759
ノル	0.07344516150509135
ノルアドレナリン	0.6755434966228759
ノルエバスチン	0.8616871051470626
ノルボルナンジカルボン	1.2238436428509887
ノルボルネン	0.12721075129692008
ノルマ	0.08344516150509135
ノレ	0.10386714349118253
ノロ	0.04240358376564003
ノン	0.2435900433794421
ノンアルコール	1.7724288397501533
ノングレアーフィル	0.289670842873153
ノングレアーフィルム	3.1196603900040887
ノンブリードアウト	1.9176900603419238
ノンプロ	0.34656801202533793
ノー	0.09481729578957762
ノーザン	0.10481729578957762
ノース	0.12993544650918346
ノーズ	0.3886352646868921
ノート	0.17422837374383504
ノード	1.3412542444025053
ノーマ	0.10481729578957762
ノーマリオープン	0.677772304913938
ノーマリクローズ	0.49643942142204034
ノーマリーブラック	1.0931605168675127
ノーマリーホワイト	0.20431763234344605
ノーマル	0.11481729578957761
ノール	0.22033548451527404
ノヽ	0.07344516150509135
ハイ	0.34708829191340723
ハイアラーキー	1.5575855828799823
ハイオルソノボラック	1.1031605168675127
ハイト	0.35708829191340724
ハイドロ	0.35708829191340724
ハイドロエンタングル	0.36708829191340725
ハイドロエンタングルメント	0.37708829191340726
ハイドロキシアパタイト	0.36708829191340725
ハイドロキシージフェニルエーテル	1.3635982181568749
ハイドロサルフアイト	0.38722580752545677
ハイドロジェンスルフェート	0.36708829191340725
ハイドロジェンポリシロキサン	1.5812230131018736
ハイドロフルオロエーテルガス	3.3084973483000644
ハイドロフロオロエーテル	1.0810577848632805
ハイドロリック	0.36708829191340725
ハイパス	0.7308609240158805
ハイパー	0.35708829191340724
ハイパーテキスト	1.3155897489367894
ハイパーブランチポリマー	2.3989443002971984
ハイパーリンク	2.0173517968049812
ハイフン	0.35708829191340724
ハイブリダイジング	0.7296126790551007
ハイブリダイズ	0.7396126790551008
ハイブリダイゼーション	0.7296126790551007
ハイブリッド	1.3701017219466283
ハイポホスファイト	0.35708829191340724
ハイライト	1.141865955080758
ハウ	0.13409190565316204
ハウシ	0.15689032301018271
ハウジ	0.14409190565316204
ハウジング	3.0073678688070977
ハウス	0.3955142989915278
ハウスキーピング	1.7864014672583832
ハエ	0.13409190565316204
ハカンガ	0.11386714349118253
ハガキ	0.05193357174559127
ハザ	0.19889043756735092
ハザード	0.20889043756735093
ハゼ	0.11993544650918345
ハチの巣	0.05996772325459172
ハッシュ	0.09480716753128006
ハッチ	0.25442150259384017
ハット	0.18724915584671722
ハトメ	0.08995158488188759
ハニカム	1.7609137548917864
ハネ	0.10386714349118253
ハフニウム	0.22412760182266578
ハフマン	0.22621670106726474
ハブ	0.9386433395721342
ハプテン	0.25725325710649016
ハメット	0.2590646604957294
ハライド	0.2535900433794421
ハリ	0.04240358376564003
ハリケーン	0.09481729578957762
ハル	0.3229360728346088
ハルラ	0.3329360728346088
ハロ	0.659644955800509
ハロアルキニル	0.669644955800509
ハロアルキルスルホニルオキシ	3.097609898211153
ハロカーボン	1.3114515776746407
ハロケン	0.669644955800509
ハロゲノ	0.669644955800509
ハロゲン	1.487151174860401
ハロフィラス	0.669644955800509
ハロプロジン	0.669644955800509
ハン	0.05996772325459172
ハンカチ	0.08480716753128006
ハンガ	0.22033548451527404
ハンガリー	0.23033548451527405
ハンガー	0.6144863077364919
ハング	0.32845674748767006
ハンサイエロー	0.48643942142204033
ハンズフリー	0.5836250488420517
ハンセン	0.11993544650918345
ハンタ	0.06996772325459172
ハンダ	0.22637319101615158
ハンチング	0.47159568246042294
ハンチントン	0.20431763234344605
ハンデイタイプライタ	1.217854333841716
ハンド	0.408925352850343
ハンドガイドローラ	2.7968682187841654
ハンドジェスチャ	0.418925352850343
ハンドラ	0.418925352850343
ハンドラー	0.428925352850343
ハンドリング	2.4197401140516974
ハンドル	1.4786634918270942
ハンプ	0.1221893373417793
ハンマ	0.2937806460203654
ハンマー	0.43657161510339054
ハンマーヘッド	2.754137693505648
ハース	0.12993544650918346
ハート	0.3955142989915278
ハード	0.5496132621366604
ハードウェア	0.5596132621366604
ハードウエア	1.3575625580094572
ハードディスク	2.336407614256506
ハードトップ	1.0906676239955504
ハーネス	0.7245927570170282
ハーネスグロメット	0.7345927570170282
ハーフ	0.4816121314770683
ハーフイナートダイアグラムマス	0.7396126790551008
ハーフトーン	0.4916121314770683
ハーフラッ	0.4916121314770683
ハーメチック	0.17422837374383504
ハーモニカ	0.13409190565316204
バア	0.04240358376564003
バイ	0.32570810713583626
バイアス	0.97804396803122
バイアル	0.33570810713583626
バイイパス	0.7308609240158805
バイオ	0.6011745563063193
バイオアッセイ	0.6111745563063193
バイオハザード	0.6111745563063193
バイオマス	0.6111745563063193
バイオリアクター	0.6111745563063193
バイオリズム	0.6111745563063193
バイオルミネッセンス	0.6111745563063193
バイオレット	0.6111745563063193
バイコンポーネン	0.33570810713583626
バイザ	0.33570810713583626
バイス	0.33570810713583626
バイテレセントリック	0.7063619642990486
バイト	0.35980633952755037
バイナリ	0.33570810713583626
バイパス	1.431709769622811
バイブレーション	0.33570810713583626
バイブレータ	0.5088430051876803
バイブレーター	0.5188430051876803
バイブロ	0.33570810713583626
バイプ	0.33570810713583626
バイポーラ	0.43964971396355695
バイメタル	0.9562747118318686
バイヤス	0.33570810713583626
バイヨネット	1.011658457370907
バイン	0.9999216303892241
バインダマトリックス	1.154896761672281
バインダー	1.3425941590667205
バインディング	1.009921630389224
バインド	1.009921630389224
バウンス	0.08480716753128006
バウンダリ	0.17738691759250141
バウンディング	0.21889043756735094
バカ	0.10386714349118253
バガス	3.3084973483000644
バキュー	0.5952616304101257
バキューム	0.6052616304101257
バキユーム	0.20431763234344605
バギングフィルム	3.1196603900040887
バクテリア	0.4725684879282077
バクテリオファージ	1.1100440971080092
バグ	0.15865968242239462
バケット	0.8416871051470626
バケツ	0.1161269967375045
バケツト	0.32845674748767006
バサミ	0.12721075129692008
バサルト	0.31731936484478923
バシラス	0.2590646604957294
バシルス	0.29127355423406703
バス	0.8416871051470626
バスケット	0.8516871051470626
バスト	0.8516871051470626
バスルーム	0.8516871051470626
バタ	0.1121893373417793
バタフライ	0.5267325145093864
バタレベクトル	1.117375090395166
バタン	0.29127355423406703
バタンベクトル	1.117375090395166
バター	0.1221893373417793
バチ	0.04240358376564003
バチル	0.14409190565316204
バチルス	0.3792691831583105
バッ	0.09481729578957762
バッカー	0.3892691831583105
バッキング	0.6253630159890327
バック	1.247487202116652
バックアップ	1.257487202116652
バックグラウンド	1.257487202116652
バックグランド	1.257487202116652
バックスキン	1.257487202116652
バックナンバ	1.257487202116652
バックホー	1.257487202116652
バックラッシ	1.257487202116652
バックラッシュ	1.2674872021166521
バックル	1.257487202116652
バックワード	1.257487202116652
バッグ	0.9785034672193753
バッチ	0.44975792440943796
バッチャー	0.45975792440943797
バッテ	0.10481729578957762
バッティング	0.20889043756735093
バッテリ	1.3233723037562937
バッテリー	1.3333723037562937
バット	0.2596678587279564
バットレス	0.36448834300625754
バッファ	1.548746998115029
バッファー	1.558746998115029
バッフア	0.10481729578957762
バッフル	0.43657161510339054
バツ	0.12721075129692008
バツク	0.2435900433794421
バツクアツプ	0.2535900433794421
バツクアツププレート	3.0095852774196854
バツクアツプローラ	2.585297799244149
バツクアツプロール	2.2102925019839486
バツクル	0.2535900433794421
バツグ	0.17990316976377518
バツチ	0.16288829553044754
バツテイング	1.009921630389224
バツテリ	0.1372107512969201
バツト	0.2644215025938402
バツド	0.1372107512969201
バツフア	0.21621670106726473
バツフアメモリ	2.3273083277027813
バツフル	0.33014003689271687
バナ	0.08480716753128006
バナジウム	0.5061858433956596
バナジウムアセチルアセトネート	0.5161858433956596
バナジルアセチルアセトネート	0.4506709690305481
バナジン	0.1468903230101827
バニリン	0.6655434966228759
バネ	1.0685366567262577
ババス	0.8516871051470626
バフ	0.1468903230101827
バファリング	2.4197401140516974
バフィング	1.224623992524929
バブ	0.04240358376564003
バブル	0.35980633952755037
バメ	0.04240358376564003
バヨネット	1.011658457370907
バラ	0.08480716753128006
バラスト	0.6115531821217901
バラツキ	0.26818381130632407
バラツプ	0.2590646604957294
バランサ	0.4319103313511005
バランサー	0.4419103313511005
バランシング	0.4319103313511005
バランス	0.8330982364892421
バラーサー	0.2498708930183669
バリ	0.3028221585760398
バリア	0.9173297731826852
バリアンス	0.9273297731826852
バリアー	0.9273297731826852
バリウム	0.3128221585760398
バリエーション	0.3128221585760398
バリエータ	0.3610535056225042
バリカン	0.3128221585760398
バリケード	0.3128221585760398
バリッド	0.3698063395275504
バリヤー	0.4897417860367338
バリン	0.6655434966228759
バル	0.05996772325459172
バルキー	1.5575855828799823
バルク	0.2748066310683302
バルコニ	0.16961433506256013
バルコニユニット	4.219289943676456
バルコニー	0.30724315386824597
バルサ	0.07344516150509135
バルジ	0.2379895236335919
バルブ	2.2980238731985065
バルブボッゲス	2.3080238731985063
バルプ	0.1372107512969201
バルーニング	0.21889043756735094
バルーン	0.6289467875403476
バレ	0.04240358376564003
バレル	0.6011745563063193
バレロラクトン	0.29127355423406703
バロメトリツクコンデンサー	1.475067098552422
バン	0.1121893373417793
バンカー	0.3892691831583105
バンキング	0.5161858433956596
バンク	0.759722658007814
バング	0.20889043756735093
バンジョー	0.242253993475009
バンスドディジタル	0.794752758063395
バンチ	0.17990316976377518
バント	0.1372107512969201
バンド	1.2256763039072522
バンドパスフ	1.2356763039072522
バンドル	1.2356763039072522
バンパ	0.17224417150312876
バンパー	0.35980633952755037
バンプ	0.4586648865913426
バー	1.2413463562428462
バーイ	1.2513463562428462
バーグ	1.2513463562428462
バーコーター	1.2513463562428462
バーコードナンバ	2.167588347892903
バーシ	1.2513463562428462
バージ	1.2513463562428462
バージョン	1.2613463562428462
バージン	1.2613463562428462
バージンアスファルトバインダ	1.2713463562428462
バースト	1.2513463562428462
バータ	1.2513463562428462
バーダウィル	1.2513463562428462
バーチカル	1.2513463562428462
バーチャル	1.2513463562428462
バーツ	1.2513463562428462
バード	1.2513463562428462
バーナ	1.2513463562428462
バーナコテイ	1.2613463562428462
バーナー	1.2613463562428462
バーニア	1.2513463562428462
バーニッシュ	1.2513463562428462
バーフォレート	1.2513463562428462
バーブ	1.2513463562428462
バーミキュライト	1.2513463562428462
バーム	1.2513463562428462
バーリング	2.4197401140516974
バール	1.2513463562428462
バーン	1.2513463562428462
バーンアウト	1.2613463562428462
パイ	0.15865968242239462
パイピング	1.7864014672583832
パイプ	1.6979974939846156
パイプジョント	1.7079974939846156
パイプミキサ	1.7079974939846156
パイプライン	1.9566431884984825
パイル	1.0930752363377065
パイルストレンド	1.1030752363377065
パイレックス	0.21336044372468793
パイロ	0.16865968242239462
パイロット	1.423838848143034
パイロツト	0.514989735465692
パイロメータ	0.5472050432983936
パイロン	0.21621670106726473
パウダー	0.17990316976377518
パウチ	0.15580071523677383
パウル	0.3028221585760398
パク	0.04240358376564003
パケット	0.9762038084180551
パケットフィルタリング	2.9306189786257337
パケットホイールリクレーマ	1.7018976785083915
パス	0.7208609240158805
パスカル	0.7308609240158805
パスワ	0.7308609240158805
パスワード	0.7625889539406222
パズル	0.17961433506256014
パソコン	0.25725325710649016
パタ	0.05996772325459172
パタン	0.29127355423406703
パター	0.10386714349118253
パターニング	0.4981293209914588
パターン	2.930452740384368
パターンニング	2.9404527403843677
パターンマツチング	2.9404527403843677
パチュリー	0.14409190565316204
パチンコ	0.3444883430062575
パッ	0.13409190565316204
パッカー	0.3932346586843407
パッキン	0.8395481255642842
パッキング	0.8495481255642842
パック	0.6909312337295531
パックドベッド	0.7009312337295531
パッケ	0.14409190565316204
パッケージ	1.227142424412131
パッケージング	1.237142424412131
パッシブ	0.21621670106726473
パッシベーション	0.2398708930183669
パッシング	0.38449831169343446
パッチ	0.4406709690305481
パッチワーク	1.3258782433308083
パッディング	0.21889043756735094
パット	0.16422837374383503
パッド	1.1876788885195741
パッフェ	0.14409190565316204
パツ	0.32845674748767006
パツキン	0.3444883430062575
パツキング	0.5161858433956596
パツク	0.3384567474876701
パツト	0.3384567474876701
パツド	0.3384567474876701
パテ	0.05996772325459172
パティキュレート	0.8696535753114312
パティキュレートフィルタ	2.9306189786257337
パテント	0.37722580752545676
パディング	0.36722580752545675
パトローネ	0.4764394214220403
パドル	0.25725325710649016
パネ	0.08480716753128006
パネル	3.4675140096943307
パネルィヒ	3.4775140096943304
パノラマ	0.17990316976377518
パピローマウイルス	0.5081293209914588
パフ	0.1406367771170335
パフォーマンス	0.3329360728346088
パフュージョン	0.20431763234344605
パブ	0.15288829553044753
パブロバ	0.16288829553044754
パラ	0.3622963785085141
パラシュート	0.7070165776708254
パラジウム	0.41870184120271187
パラジウムアンミン	0.5241161305356395
パラスチリルジフェニルホスフィン	1.3635982181568749
パラトルエンスルホニル	0.8764246562747561
パラパラ	0.3722963785085141
パラフィン	1.224623992524929
パラフェニレンテレフタルアミド	0.9981035909661093
パラペット	0.3722963785085141
パラペツト	0.3722963785085141
パラボラ	0.3722963785085141
パラメトリック	0.7063619642990486
パラメータ	2.619086451453487
パラメーター	2.6290864514534866
パラメーターフローサイトメトリー	2.6390864514534864
パラレル	0.5088430051876803
パリ	0.1121893373417793
パリスン	0.11993544650918345
パリソン	0.1221893373417793
パリティ	0.7070090301369303
パリンドローム	0.6655434966228759
パル	0.15288829553044753
パルサー	0.20773428698236507
パルス	1.8982413144813752
パルスデユーテイ	1.9082413144813752
パルセータ	0.3144733937701738
パルセーター	0.3244733937701738
パルパー	0.35708829191340724
パルプ	1.324051478706704
パルプシ	1.334051478706704
パルププロセッシング	1.334051478706704
パルプモウルド	1.334051478706704
パルマ	0.16288829553044754
パルミチン	0.18963459157915524
パルミテート	0.17990316976377518
パルミト	0.16288829553044754
パレ	0.04240358376564003
パレット	1.0860616598551351
パレツト	0.3496689095409202
パレー	0.15063677711703352
パワ	0.07344516150509135
パワー	1.3291342286002124
パワーユツトエンジン	3.154733937701738
パン	0.6637210705270433
パンク	0.6737210705270433
パンケーキ	0.6737210705270433
パンタグラフ	0.9788082185038262
パンダ	0.6737210705270433
パンチ	0.6737210705270433
パンチドメタル	0.9562747118318686
パンチング	0.6837210705270433
パンツ	0.6737210705270433
パンティ	0.6737210705270433
パンニング	0.6737210705270433
パンプ	0.6737210705270433
パー	0.34708829191340723
パーオキシケタール	0.7144612415618219
パーカー	0.3892691831583105
パーキング	0.5649392402020885
パーキンソン	0.35708829191340724
パークロルエチレン	1.5470933562561908
パークロルエチレンガス	3.3084973483000644
パージ	0.3635350022191389
パージング	0.37353500221913893
パース	0.35708829191340724
パーセプチュアル	0.35708829191340724
パーセル	1.5599075430497955
パーセンタイル	0.9953702424630101
パーセンテージ	0.35708829191340724
パーセント	1.442656917969886
パーソナル	0.5883258483720206
パーソナルケアボディウォッシュ	0.9647870995661876
パーツ	0.6100813311740638
パーティ	0.35708829191340724
パーティション	0.8975146987342344
パーティング	0.36708829191340725
パーテイシヨン	0.35708829191340724
パーテイシヨンパネル	3.4775140096943304
パーテーション	0.35708829191340724
パート	0.4056141618946792
パートナー	1.521436470875816
パートメント	0.4156141618946792
パーパス	0.7308609240158805
パーフォボンドリブ	1.1181866515817052
パーフォリン	0.6655434966228759
パーフォレーション	0.35708829191340724
パーフリンジェンス	0.6655434966228759
パーフルオロ	1.1478075494749316
パーフルオロアルキル	3.097609898211153
パーフルオロアルキルビニリエーテル	3.1076098982111526
パーフルオロアルキルビニルエーテル	3.1076098982111526
パーフルオロアルコキシエチレン	1.708791507352297
パーフルオロスベリン	1.1578075494749316
パーフルオロブチオイル	1.2767959761466776
パーフロロエラストマー	1.1805232608202514
パープロガリン	0.6655434966228759
パーペンディキュラー	0.5579750669513457
パーマネント	0.35708829191340724
パーマロイ	0.35708829191340724
パーム	0.35708829191340724
パーライト	1.141865955080758
パーリ	0.35708829191340724
パール	0.35708829191340724
パーレッセント	0.35708829191340724
パーン	0.35708829191340724
ヒアリング	2.4197401140516974
ヒアルロン	0.15063677711703352
ヒサシ	0.10481729578957762
ヒスチジン	0.11386714349118253
ヒステリシス	0.4586648865913426
ヒステリス	0.4009417256758612
ヒストグラム	0.4222099466024953
ヒストリー	0.6963619642990486
ヒストン	0.36448834300625754
ヒッチ	0.11386714349118253
ヒット	0.26481029574134085
ヒップ	0.3128221585760398
ヒト	0.5890894124160971
ヒトウロテンシン	0.5990894124160971
ヒトケラチノサイト	0.8010285979830556
ヒトシノウイルス	0.5990894124160971
ヒドラ	0.27139324554097943
ヒドラジン	0.28139324554097944
ヒドララーゼ	0.28139324554097944
ヒドロ	0.35603863005292047
ヒドロカビルグループ	1.8249526424738471
ヒドロカルビル	0.3804525532200525
ヒドロカルビルオキシ	0.7144612415618219
ヒドロカルビルオキシアンモニウム	1.0615746803933306
ヒドロカルビルオキシスルホニウム	0.7244612415618219
ヒドロカルビルスルホネート	0.6278668725739734
ヒドロカルビルスルホンアミド	1.1092265242733208
ヒドロカルビレン	0.3660386300529205
ヒドロカルピレン	0.3660386300529205
ヒドロキシ	1.6104990528015597
ヒドロキシアルキルアミノ	3.097609898211153
ヒドロキシアルキルアルキルセルロースエーテル	3.097609898211153
ヒドロキシアルキルセルロースエーテル	3.097609898211153
ヒドロキシエチルアクリルアミド	1.8229701703994254
ヒドロキシエチルエチレンジアミン	1.6204990528015597
ヒドロキシエチルエトキシピペラジン	1.6204990528015597
ヒドロキシエチルメタクリルアミド	1.6204990528015597
ヒドロキシエトキシ	1.6204990528015597
ヒドロキシキノリンクリオキノール	2.0173517968049812
ヒドロキシシリル	1.6204990528015597
ヒドロキシジン	1.6204990528015597
ヒドロキシピロリジン	1.6204990528015597
ヒドロキシフェニルマレイミド	1.6204990528015597
ヒドロキシプロパ	1.6204990528015597
ヒドロキシプロピルセ	1.6204990528015597
ヒドロキシプロピルセルロー	1.6304990528015597
ヒドロキシプロポキシ	1.6204990528015597
ヒドロキシヘプタ	1.6204990528015597
ヒドロキシメチルベンゾイル	1.6204990528015597
ヒドロキシル	1.6204990528015597
ヒドロキシルアミン	1.6304990528015597
ヒドロキシンインドール	1.6204990528015597
ヒドロキノン	0.3660386300529205
ヒドロシリル	0.3660386300529205
ヒドロトロピー	0.3660386300529205
ヒドロトロープ	1.1965428969745833
ヒドロフォビン	0.5929528970303382
ヒドロベンゾエート	0.3660386300529205
ヒドロラーゼ	0.3660386300529205
ヒノキ	0.10386714349118253
ヒノキチオール	0.6804595282658102
ヒバ	0.04240358376564003
ヒフ	0.05996772325459172
ヒポキサンチン	0.2881838113063241
ヒマシ	0.05193357174559127
ヒメールブラケット	1.7153939088680978
ヒューズ	0.5593416857463059
ヒューム	0.20773428698236507
ヒュームドアルミナ	1.9176900603419238
ヒユーズ	0.11993544650918345
ヒルベルト	2.094471504584306
ヒレ	0.2508629846468741
ヒン	0.04240358376564003
ヒンジ	1.3014515776746407
ヒンジアッセンブリ	1.3114515776746407
ヒンジフィメール	1.3114515776746407
ヒンダード	0.3483809902125135
ヒント	0.15580071523677383
ヒー	0.09481729578957762
ヒータ	1.261462074661835
ヒータモジユール	1.271462074661835
ヒーター	1.271462074661835
ヒート	1.0386714349118256
ヒートシーラ	1.0486714349118256
ヒートパイフ	1.0486714349118256
ヒーブ	0.10481729578957762
ヒープ	0.10481729578957762
ヒープメモリ	2.3273083277027813
ヒーム	0.20431763234344605
ヒール	0.16422837374383503
ヒ素	0.10386714349118253
ビア	0.3229360728346088
ビウレット	0.3083356563510264
ビオチン	0.16961433506256013
ビグアニド	0.1161269967375045
ビグノール	0.23033548451527405
ビゲーション	0.15689032301018271
ビシクロ	0.7553869800958574
ビジネス	0.17422837374383504
ビジビリティ	0.20773428698236507
ビジュアル	0.6465677539975557
ビジョニング	0.35980633952755037
ビス	0.6360537564846005
ビスアシルフォスフィンオキサイド	1.4384616745593937
ビスアシルラジカル	0.6460537564846005
ビスカスオイル	1.2767959761466776
ビスカスカップリング	2.429740114051697
ビスカスヒータ	1.271462074661835
ビスコ	0.6460537564846005
ビスコース	0.6560537564846005
ビスコースレーヨンフイラメント	0.6660537564846005
ビストリフルオロメタンスルホニルイミド	1.1578075494749316
ビストン	0.6460537564846005
ビスハロホルメート	0.669644955800509
ビスフェノール	1.1137156804199797
ビスフェノールポリカーポネート	1.5812230131018736
ビスフエノ	0.6460537564846005
ビスポ	0.6460537564846005
ビスマス	0.6460537564846005
ビスルフェート	0.6460537564846005
ビタビ	0.10386714349118253
ビタミン	0.16288829553044754
ビター	0.12721075129692008
ビッ	0.12721075129692008
ビッカース	0.39664920605598647
ビッグ	0.1372107512969201
ビット	1.5458418239229608
ビットデータ	6.4138537434922185
ビットマ	1.5558418239229608
ビットマップデータ	6.4138537434922185
ビットマップメモリ	2.337308327702781
ビツト	0.2937806460203654
ビデ	0.32014003689271686
ビデオ	0.9715881617172301
ビデオスニペット	0.9815881617172301
ビデオテープ	1.7016319701944624
ビデオディスク	2.336407614256506
ビデオビットストリーム	1.5558418239229608
ビトロ	0.19963459157915525
ビトロネクチン	0.20963459157915526
ビニ	0.09481729578957762
ビニオン	1.1965428969745833
ビニリデン	0.4788038735344885
ビニル	1.4165589752796492
ビニルオキザゾリドン	1.4265589752796493
ビニルシアニド	1.4265589752796493
ビニルシクロヘキシルアクリレート	1.4265589752796493
ビニルジフェニルジメチコン	1.4265589752796493
ビニルスルホニルフェニルアミノ	1.6324566475787168
ビニルトエチレン	1.5470933562561908
ビニルトリエトキシシラン	1.4265589752796493
ビニルトリメトキシシラン	1.4265589752796493
ビニルブチラール	1.4265589752796493
ビニルベンザール	1.4265589752796493
ビニルベンジルグリシジルエーテル	1.4265589752796493
ビニルベンジルメチルエーテル	1.4265589752796493
ビニルペーストゾルフィルム	3.1196603900040887
ビニルホルムアミド	1.4265589752796493
ビニレン	0.22621670106726474
ビニロン	0.16961433506256013
ビニール	0.3444883430062575
ビヌ	0.04240358376564003
ビヒクル	0.16961433506256013
ビピリジルカルボン	1.2138436428509887
ビフェニリル	0.3886352646868921
ビフェニリレン	0.22621670106726474
ビフェニル	1.3535982181568749
ビフェニレン	0.4888038735344885
ビフェノール	1.1137156804199797
ビフエニレン	0.22621670106726474
ビブリオ	0.11386714349118253
ビボツ	0.05193357174559127
ビポット	0.24798952363359192
ビュル	0.05193357174559127
ビュルアル	0.15063677711703352
ビュレット	0.3083356563510264
ビュー	0.3158995842786369
ビューア	0.3258995842786369
ビューレット	0.3258995842786369
ビョウ	0.05193357174559127
ビラ	0.10386714349118253
ビリルビン	0.5929528970303382
ビル	0.15865968242239462
ビルダー	0.25442150259384017
ビルディング	0.35980633952755037
ビルト	0.16865968242239462
ビルド	0.17224417150312876
ビレセンス	0.418925352850343
ビレット	0.3083356563510264
ビロサ	0.05193357174559127
ビロザ	0.05193357174559127
ビロー	0.4764394214220403
ビロード	0.6831360240506759
ビン	0.5829528970303381
ビング	0.5929528970303382
ビンチ	0.5929528970303382
ビンチローラ	2.585297799244149
ビー	0.11993544650918345
ビーカメラ	1.5575855828799823
ビーク	0.12993544650918346
ビークル	0.3229360728346088
ビーコン	0.6374656422540286
ビーズ	0.5689037747374658
ビーター	0.1474033155341651
ビーチ	0.12993544650918346
ビート	0.32432505160089714
ビード	0.6589631520464332
ビードコア	1.5812230131018736
ビードフィラー	0.8344198932049905
ビードワイヤ	1.7826016736724766
ビーフ	0.12993544650918346
ビーム	1.8529444265616677
ビームコンバイナ	1.8629444265616677
ビームリソグラフィ	1.8629444265616677
ビール	0.44674947643487084
ビーン	0.12993544650918346
ピア	0.10386714349118253
ピアゾロンアゾ	0.2975950975656642
ピアノ	0.1468903230101827
ピエゾ	0.3325371119806533
ピエゾポリマ	1.5812230131018736
ピクセル	1.5599075430497955
ピクチャ	0.29127355423406703
ピクチャー	0.30127355423406704
ピクトグラム	0.4222099466024953
ピクノポルス	0.10386714349118253
ピクマスト	0.5267325145093864
ピグ	0.05996772325459172
ピグメント	0.6253630159890327
ピコ	0.04240358376564003
ピスト	0.35448834300625753
ピストン	2.4218349437039266
ピスント	0.1372107512969201
ピッ	0.11993544650918345
ピッカー	0.3892691831583105
ピッキング	0.5363676226126481
ピック	0.2379895236335919
ピックアップ	1.226776058551029
ピッケタオル	0.2848066310683302
ピッチ	1.419412067747803
ピッチング	1.429412067747803
ピット	0.5736250488420517
ピップアップ	1.0551429706375404
ピツカプレート	3.0095852774196854
ピツクアツプ	0.16422837374383503
ピツクアツプコイル	2.4297923760121374
ピツクアツプコロ	0.31731936484478923
ピツチ	0.2844518873687329
ピツト	0.2644215025938402
ピニオ	0.09480716753128006
ピニオン	1.1965428969745833
ピバロイルオキシインドール	1.019921630389224
ピフェニル	1.3535982181568749
ピプレス	1.2905601475708675
ピペッター	0.08344516150509135
ピペッティング	0.20889043756735093
ピペット	0.4240358376564003
ピペラジニル	0.6021338224194611
ピペラジン	0.6021338224194611
ピペリジニリデン	0.12993544650918346
ピペリジニル	0.16422837374383503
ピペリジノ	0.12993544650918346
ピペリジン	0.26818381130632407
ピペリジンカルボン	1.2138436428509887
ピホット	0.48597904726718383
ピホツ	0.05193357174559127
ピボット	0.46062082248636865
ピボツト	0.281273554234067
ピボツトメンバー	1.2513463562428462
ピポットヒンジ	1.3114515776746407
ピマル	0.11386714349118253
ピュ	0.05996772325459172
ピュー	0.1161269967375045
ピユレーシヨン	0.32160143047354767
ピラ	0.15865968242239462
ピラジニル	0.16865968242239462
ピラスター	0.3880821092507383
ピラゾリウム	0.16865968242239462
ピラゾロ	0.16865968242239462
ピラゾロン	0.17865968242239463
ピラゾール	0.18963459157915524
ピラミッド	0.20431763234344605
ピラン	0.4319103313511005
ピラー	0.46159568246042293
ピラーフイン	0.9999216303892241
ピリアミノアミドエピハロヒドリン	1.6324566475787168
ピリシルチオール	0.6804595282658102
ピリジニウム	0.22412760182266578
ピリジニル	0.26818381130632407
ピリジル	0.15865968242239462
ピリジルチオールー	0.6804595282658102
ピリジン	0.36476942004032376
ピリダジニル	0.07344516150509135
ピリチオン	1.1965428969745833
ピリドン	0.2781838113063241
ピリミジニル	0.17990316976377518
ピリミジノイル	0.37223062078091096
ピリミジノン	0.2535900433794421
ピリミジル	0.1372107512969201
ピリミジン	0.2508629846468741
ピリミド	0.13409190565316204
ピリミドン	0.2781838113063241
ピリリウム	0.09481729578957762
ピリング	2.4197401140516974
ピル	0.16961433506256013
ピルビ	0.2781838113063241
ピルビン	0.5929528970303382
ピレスロイド	0.35448834300625753
ピレノイドサ	0.2535900433794421
ピレン	0.22621670106726474
ピロ	0.18483293647838678
ピロカテコール	0.33014003689271687
ピロクトンオラミン	0.1948329364783868
ピロリ	0.32014003689271686
ピロン	0.1948329364783868
ピロール	2.2102925019839486
ピン	1.7764014672583832
ピンはね	1.7864014672583832
ピング	1.7864014672583832
ピンシトウス	1.7864014672583832
ピンセット	1.7864014672583832
ピンタンブラ	1.7864014672583832
ピンチ	1.7864014672583832
ピント	1.7864014672583832
ピントルノズル	2.8018823536451953
ピンド	1.7864014672583832
ピンブシュ	1.7864014672583832
ピンホ	1.7864014672583832
ピンホール	1.7964014672583832
ピー	0.16422837374383503
ピーク	1.2528806003830155
ピークレベレ	1.2628806003830155
ピース	0.6548574226550858
ピード	0.17422837374383504
ピーナッツ	0.17422837374383504
ピーニング	0.21889043756735094
ピール	0.17422837374383504
フと	0.08480716753128006
フれ	0.05996772325459172
ファ	0.09481729578957762
ファイ	0.10481729578957762
ファイアー	0.19963459157915525
ファイト	0.16865968242239462
ファイバ	1.7647228402233124
ファイバケーブ	1.7747228402233124
ファイバコリメータ	1.7747228402233124
ファイバファブリーペローフィルタ	2.9306189786257337
ファイバー	1.7747228402233124
ファイル	1.539431142179344
ファイン	0.9999216303892241
ファインダー	1.009921630389224
ファウンテン	0.25725325710649016
ファエカリス	0.10386714349118253
ファクシミリ	0.2944518873687329
ファクタ	0.8459488392541957
ファクター	0.8559488392541957
ファクト	0.5430308299275676
ファジ	0.10481729578957762
ファジィ	0.15865968242239462
ファジイ	0.13409190565316204
ファジー	0.11481729578957761
ファスト	0.35448834300625753
ファスナ	0.45670057398220937
ファスナー	0.6999802976914635
ファスニングテープ	1.7016319701944624
ファックス	0.21336044372468793
ファッション	0.15689032301018271
ファフィーダ	0.6332028609470953
ファブリック	0.6100813311740638
ファブリペロー	0.4764394214220403
ファミリー	0.2944518873687329
ファラ	0.10481729578957762
ファラッド	0.18483445477046012
ファラデー	0.3418686217701579
ファルネソイド	0.2535900433794421
ファン	1.6348767572469143
ファンク	1.6448767572469143
ファンクション	1.6548767572469143
ファンダメンタル	1.6448767572469143
ファンデーション	1.6448767572469143
ファンネル	1.6448767572469143
ファー	0.1161269967375045
ファージミド	0.1261269967375045
ファースト	0.35448834300625753
ファームウェア	0.20431763234344605
フアイバ	0.3886352646868921
フアイバー	1.2613463562428462
フアイル	0.37722580752545676
フアクシミリ	0.2944518873687329
フアサード	0.16689032301018272
フアストアイドル	0.7895804023096925
フアスナ	0.10481729578957762
フアスナー	0.29983861627295866
フアン	0.5241161305356395
フィ	0.12721075129692008
フィキシング	0.38449831169343446
フィクス	0.21336044372468793
フィジカル	0.15063677711703352
フィス	0.1372107512969201
フィターゼ	0.1372107512969201
フィダー	0.1372107512969201
フィッティング	0.5262146359520289
フィット	0.20773428698236507
フィツト	0.2644215025938402
フィニイ	0.1372107512969201
フィニッシャ	0.32845674748767006
フィノレム	0.1372107512969201
フィブリッド	0.3698063395275504
フィブリド	0.14991930813647933
フィブリノーゲン	0.26818381130632407
フィブリル	0.6534831138524485
フィブリン	0.6655434966228759
フィブロネクチン	0.1372107512969201
フィラ	0.19431763234344604
フィラメン	0.20431763234344605
フィラメンテーションエンハンサー	0.21431763234344606
フィラメント	2.273243430667199
フィラー	0.8244198932049905
フィル	0.27967084287315297
フィルタ	2.920618978625734
フィルタキャッシュテーブルキー	2.9306189786257337
フィルタリング	2.9306189786257337
フィルター	2.9306189786257337
フィルド	0.289670842873153
フィルム	3.109660390004089
フィルムカ	3.1196603900040887
フィレット	0.3144733937701738
フィロ	0.1372107512969201
フィン	1.214623992524929
フィンガ	1.224623992524929
フィンガー	1.234623992524929
フィー	0.1372107512969201
フィーダ	0.6232028609470953
フィーダー	0.6332028609470953
フィーチュア	0.1472107512969201
フィート	0.25442150259384017
フィード	0.8586071311313206
フィードバック	1.3763213053951926
フィードフォアワードハイブリッドレート	1.3801017219466283
フィードフォワード	0.8686071311313206
フィードユニットスライドベース	4.219289943676456
フィードローラ	2.585297799244149
フィール	0.1472107512969201
フィールド	1.0168022186234398
フイ	0.04240358376564003
フイク	0.05193357174559127
フイツメシト	0.24609316254660824
フイラ	0.15580071523677383
フイラメン	0.16580071523677384
フイラメント	0.36722580752545675
フイラリツド	0.16422837374383503
フイル	0.36223062078091095
フイルタ	0.5593416857463059
フイルタカートリツジ	0.7063619642990486
フイルタトウロープ	1.1965428969745833
フイルター	0.569341685746306
フイルム	0.6203109527167043
フイン	0.9999216303892241
フインガ	1.009921630389224
フイーダ	0.1468903230101827
フイーダー	0.15689032301018271
フイート	0.232253993475009
フイード	0.1372107512969201
フイードコロ	0.2744215025938402
フイードバック	1.257487202116652
フイードバツク	0.2535900433794421
フイードローラー	2.585297799244149
フェ	0.13409190565316204
フェアリング	2.4197401140516974
フェアー	0.20773428698236507
フェイシャル	0.2277342869823651
フェイス	0.4871800867588842
フェイル	0.36223062078091095
フェキソフェナジン	0.14409190565316204
フェザー	0.14409190565316204
フェッチ	0.48347524145715526
フェッチサイクル	1.713547815794384
フェド	0.14409190565316204
フェナントリジン	0.6963619642990486
フェナントレン	0.22621670106726474
フェニル	1.3435982181568749
フェニルアラニン	1.3535982181568749
フェニルエチルアルコー	1.3535982181568749
フェニルカルバモイル	1.3535982181568749
フェニルスチルベン	1.3535982181568749
フェニルスルホニルアミノ	1.6324566475787168
フェニルチアゾール	1.3535982181568749
フェニルベンゾエート	1.3535982181568749
フェニルホスフィンオキシドビスフェノール	1.3535982181568749
フェニルメチル	1.3535982181568749
フェニルヨードニウムヘキサフルオロアンチモネート	1.3535982181568749
フェニルンジアミンジヒドロクロリド	1.3535982181568749
フェニレン	0.4788038735344885
フェニレンイソフタルアミド	0.9981035909661093
フェニレンジ	0.7625889539406222
フェニレンジアミン	1.0981689671863493
フェニレンジフェニールエーテルテレフタラミド	1.0810577848632805
フェネチニル	0.14409190565316204
フェネチル	0.14409190565316204
フェノキサジン	0.14409190565316204
フェノキシ	0.4293035655656603
フェノキシエチルアクリルエステル	1.8229701703994254
フェノキシエチルアクリレート	0.9461082485395125
フェノキシエチルメタクリレー	0.9562747118318686
フェノキシベンジル	0.6884573402502405
フェノチアジン	0.3529360728346088
フェノール	1.1037156804199797
フェブキソスタット	0.17288829553044754
フェムト	0.14409190565316204
フェライト	1.141865955080758
フェリチン	0.14409190565316204
フェル	0.14409190565316204
フェルト	0.5088430051876803
フェルール	0.8882763915970758
フェンス	0.3792691831583105
フェンダ	0.14409190565316204
フェンダパネル	3.4775140096943304
フェンダライニング	0.8841722738523006
フェンダー	0.15409190565316205
フェントキシン	0.1948329364783868
フェンハ	0.14409190565316204
フェンバレ	0.14409190565316204
フェンバレレート	0.8696535753114312
フェーシング	0.38449831169343446
フェース	0.5430308299275676
フェーズ	0.45274638203230316
フェーズド	0.46274638203230317
フェート	0.17422837374383504
フェード	0.19889043756735092
フェール	0.48347524145715526
フエ	0.05996772325459172
フエイルセーフ	0.36223062078091095
フエニル	0.232253993475009
フエニレン	0.22621670106726474
フエニレンテレフタルアミド	0.9981035909661093
フエノキシ	0.29983861627295866
フエノール	0.24033548451527406
フエルテイング	1.009921630389224
フエルト	0.3444883430062575
フエンス	0.32845674748767006
フエーズ	0.08480716753128006
フエールセーフ	0.2944518873687329
フォ	0.09481729578957762
フォア	0.10481729578957762
フォイル	0.36223062078091095
フォウ	0.10481729578957762
フォウム	0.333886152456969
フォウムスラリー	1.0170293186991544
フォグ	0.1468903230101827
フォス	0.10481729578957762
フォスフェート	0.20431763234344605
フォックス	0.21336044372468793
フォト	0.7489966233868689
フォトインタラプタ	1.019921630389224
フォトクロミック	0.7589966233868689
フォトディテ	0.7589966233868689
フォトディテクター	0.7689966233868689
フォトニクス	0.7589966233868689
フォトニック	0.7589966233868689
フォトニッククリスタルファイバ	1.7847228402233124
フォトリソグラフィ	0.7589966233868689
フォルダ	0.3886352646868921
フォルダー	0.3986352646868921
フォルディング	0.21889043756735094
フォルマリン	0.6655434966228759
フォルム	0.10481729578957762
フォロ	0.3955142989915278
フォロア	0.4725684879282077
フォロワ	0.4055142989915278
フォロワー	0.4155142989915278
フォロー	0.4764394214220403
フォワード	0.7625889539406222
フォン	0.2596678587279564
フォント	0.2696678587279564
フォー	0.10481729578957762
フォーカシング	0.38449831169343446
フォーカス	0.8073401820865219
フォーカスド	0.8173401820865219
フォーカル	0.15063677711703352
フォーカルプレンシャッタ	0.7345927570170282
フォーク	0.6260814114194606
フォークリフト	0.8393126358225174
フォーサイシア	0.25725325710649016
フォース	0.19889043756735092
フォーチュン	0.11481729578957761
フォード	0.1372107512969201
フォーマ	0.3229360728346088
フォーマッティング	0.3329360728346088
フォーマット	1.1306738894998072
フォーマツタユニツト	0.7802993524182561
フォーマー	0.3329360728346088
フォーミング	0.6527948744683947
フォーム	0.97804396803122
フォール	0.17990316976377518
フォールド	0.1899031697637752
フオロア	0.4725684879282077
フオロアギヤ	1.125464132094528
フオロワ	0.1221893373417793
フオロワー	0.1321893373417793
フオーカスサーチ	0.4971800867588842
フオーク	0.1468903230101827
フオークシヤフト	0.5530308299275676
フオークリフト	0.8393126358225174
フオードーマクマホン	0.13409190565316204
フオーマト	0.08344516150509135
フオームノズル	2.8018823536451953
フクシン	0.1948329364783868
フシンジ	0.1948329364783868
フジ	0.04240358376564003
フゾバクテリウム	0.09480716753128006
フタ	0.16422837374383503
フタラジニル	0.17422837374383504
フタル	0.41220994660249527
フタロイル	0.36223062078091095
フタロシアニン	0.37208993744129004
フチレン	0.23621670106726475
フッ	0.16422837374383503
フック	1.0992265242733208
フッシャ	0.21773428698236508
フッタ	0.17422837374383504
フット	0.5759711733527126
フッ化	0.46159568246042293
フッ素	1.0477203924814922
フツ	0.08480716753128006
フツク	0.35603863005292047
フツト	0.2644215025938402
フツトローラ	2.5952977992441486
フティング	0.20889043756735093
フティングマシン	0.6178668725739734
フト	0.1468903230101827
フトウェア	0.5851901951313284
フトン	0.20431763234344605
フナ	0.11993544650918345
フバルブ	2.3080238731985063
フプ	0.05996772325459172
フマル	0.18724915584671722
フマレート	0.8696535753114312
フューエル	0.24173762072857763
フュージョン	0.19431763234344604
フューズ	0.15865968242239462
フュームドシリカ	1.1851225840814616
フユエル	0.16961433506256013
フユーエルインジエクタ	0.9999216303892241
フユーエルカツト	0.2744215025938402
フユーエルタンク	2.7595380949416386
フユーエルデリバリパイプ	1.7079974939846156
フユーエルレベルゲージ	2.1581925055379485
フラ	0.16422837374383503
フライ	0.5167325145093864
フライス	0.5267325145093864
フライト	1.141865955080758
フライバック	1.257487202116652
フライホィールマス	0.5267325145093864
フライヤー	0.5267325145093864
フライング	1.9566431884984825
フラクション	0.36722580752545675
フラクタル	0.41003460917662976
フラクチャリング	2.4197401140516974
フラクチャー	0.29127355423406703
フラグ	0.5829528970303381
フラグメンテーション	0.5929528970303382
フラグメント	0.6610064535458221
フラジール	0.17422837374383504
フラッ	0.17422837374383504
フラックス	1.0931605168675127
フラッグ	0.18422837374383505
フラッシュ	1.0664311637313044
フラッシング	0.7632645077815206
フラット	0.8955090767890989
フラッパ	0.18422837374383505
フラッパー	0.35708829191340724
フラップ	1.1186833714926119
フラツシユバツク	0.2535900433794421
フラツト	0.2644215025938402
フラツプ	0.2590646604957294
フラノ	0.17422837374383504
フラバノン	0.2535900433794421
フラバノール	0.23033548451527405
フラバントロン	0.20963459157915526
フラボノイド	0.2535900433794421
フラボノール	0.23033548451527405
フラボプロテインベータサブユニット	4.229289943676456
フラム	0.6711296528991232
フラワー	0.2243786746835586
フラン	0.4319103313511005
フランキンセンス	0.4419103313511005
フランク	0.4419103313511005
フラング	0.4419103313511005
フランシイ	0.4419103313511005
フランシジ	0.4419103313511005
フランシセラ	0.4419103313511005
フランジ	2.3517747779364093
フランス	0.4419103313511005
フランチンガイド	2.7868682187841656
フラーレン	0.2498708930183669
フリ	0.1406367771170335
フリクション	0.44674947643487084
フリクシヨンプレス	1.2905601475708675
フリック	0.15063677711703352
フリッチ	0.6523828054679973
フリット	0.41546857396473014
フリッパアクチュエータ	2.777463324223941
フリップ	0.8680834304841645
フリュ	0.15063677711703352
フリュー	0.16063677711703353
フリューム	0.3610535056225042
フリル	0.17990316976377518
フリンジ	0.6655434966228759
フリー	0.5736250488420517
フリージング	0.5836250488420517
フリース	0.5836250488420517
フリーズ	0.5836250488420517
フリーハンド	0.5836250488420517
フル	0.32014003689271686
フルイ	0.33014003689271687
フルイディック	0.3401400368927169
フルオリド	0.33014003689271687
フルオル	0.33014003689271687
フルオレセイン	0.9999216303892241
フルオロ	1.1378075494749316
フルオロアルミン	1.1478075494749316
フルオロウラシル	1.1478075494749316
フルオロオレフィン	1.234623992524929
フルオロカーボン	1.3114515776746407
フルオロフェニル	1.3535982181568749
フルクト	0.33014003689271687
フルクトース	0.3401400368927169
フルフラール	0.33014003689271687
フルロポリマー	2.3989443002971984
フルート	0.3660386300529205
フレ	0.20336044372468792
フレア	0.21336044372468793
フレキ	0.21336044372468793
フレキシ	0.22336044372468794
フレキシビリティ	0.23336044372468795
フレキシブル	1.0943082601209713
フレキソ	0.22336044372468794
フレクシャ	0.21336044372468793
フレッシュ	0.27643754527417247
フレッシユエア	1.3475625580094572
フレット	0.3083356563510264
フレネル	0.36966587295677356
フレネルゾーンパターン	2.9404527403843677
フレネルゾーンパターンプレート	3.0095852774196854
フレネルレンズ	2.4799860055400367
フレネルレンズシート	4.060152726406218
フレー	0.21336044372468793
フレーク	0.2937806460203654
フレーズ	0.2937806460203654
フレート	0.8696535753114312
フレーバー	1.2513463562428462
フレーム	3.275796918568133
フレームステーブ	3.2857969185681326
フレームワーク	3.2857969185681326
フロ	0.1406367771170335
フロア	0.8950069690530792
フロアー	0.9050069690530792
フロシトバランスパネル	3.4775140096943304
フロス	0.2435900433794421
フロスト	0.43657161510339054
フロッピィ	0.15063677711703352
フロッピー	0.17422837374383504
フロップ	0.4759790472671838
フロピレンゲリコール	0.33014003689271687
フロロシリコーンゴム	1.7050829295462515
フロワブル	0.3329360728346088
フロン	0.19431763234344604
フロント	0.957607747068977
フロントピラーフイン	1.009921630389224
フロントピラーロアーアウター	0.967607747068977
フロントフェンダ	0.967607747068977
フロー	0.9376850510736316
フローサイトメトリー	0.9476850510736317
フロータ	1.726166860968329
フローティング	0.9476850510736317
フローテイングシート	4.070152726406218
フローテーション	0.9476850510736317
フロート	0.9476850510736317
フローリング	2.4197401140516974
フー	0.04240358376564003
フーカー	0.3892691831583105
フーチング	0.47159568246042294
フート	0.17422837374383504
フード	0.6011745563063193
フープ	0.3886352646868921
フーム	0.20431763234344605
フーリエ	0.5430308299275676
フーン	0.07344516150509135
ブイ	0.04240358376564003
ブイヨン	0.05996772325459172
ブクリジン	0.31870274951317085
ブザ	0.04240358376564003
ブザー	0.20773428698236507
ブシュ	0.17224417150312876
ブジェクト	0.17738691759250141
ブス	0.09481729578957762
ブタ	0.13409190565316204
ブタジエニル	0.2748066310683302
ブタジエン	0.6375157349749514
ブタジエンコポリマー	2.408944300297198
ブタジエンゴムラテックス	1.7050829295462515
ブタジエンターポリマー	2.408944300297198
ブタナール	0.14409190565316204
ブタノン	0.2535900433794421
ブタノール	0.23033548451527405
ブタン	0.29127355423406703
ブタンジオ	0.35186862177015793
ブタンジオール	0.6029528970303382
ブタンジオールビス	0.6460537564846005
ブチ	0.09481729578957762
ブチリデン	0.10481729578957762
ブチリル	0.1221893373417793
ブチル	0.44975792440943796
ブチルアクリレート	0.9361082485395125
ブチルアルミノキサン	0.45975792440943797
ブチルエーテル	1.0810577848632805
ブチルメトキシジベンゾイルメタン	0.9562747118318686
ブチレン	0.4759790472671838
ブチロラクトン	0.29127355423406703
ブック	0.08995158488188759
ブックエンド	0.8974412630040971
ブッシ	0.05193357174559127
ブッシュ	0.701904205024079
ブッシング	0.407824609661669
ブツシュ	0.17990316976377518
ブツシュアップシリンダ	2.980672937325926
ブツシュナツト	0.5741429899963556
ブツシュボタン	1.1322939780988048
ブツシュロッド	1.8336006177219202
ブツシユ	0.10386714349118253
ブテニル	0.08480716753128006
ブテン	0.41546857396473014
ブト	0.05996772325459172
ブトキシ	0.16961433506256013
ブトキシエトキシエタノール	0.5636456313346573
ブドウ	0.232253993475009
ブナ	0.04240358376564003
ブユ	0.05996772325459172
ブラ	0.3768912964999357
ブライ	0.3868912964999357
ブライト	1.141865955080758
ブライン	1.9566431884984825
ブラインド	1.9666431884984825
ブラインドカ	1.9766431884984825
ブラウ	0.3868912964999357
ブラウザ	0.4759790472671838
ブラウス	0.3968912964999357
ブラウズ	0.3968912964999357
ブラケット	1.7053939088680978
ブラケツト	0.5996772325459173
ブラシ	0.8162001475991385
ブラシレスモータ	3.132931104155867
ブラス	0.3868912964999357
ブラスト	0.4759790472671838
ブラダ	0.3868912964999357
ブラック	1.0931605168675127
ブラッグ	0.3868912964999357
ブラッケット	0.3868912964999357
ブラッシ	0.3868912964999357
ブラットフオーム	0.3868912964999357
ブラン	0.42825520364533154
ブランク	0.5463319596034649
ブランケット	0.5593416857463059
ブランコ	0.4319103313511005
ブランチ	0.4319103313511005
ブランド	0.5765283832574346
ブラー	0.3868912964999357
ブリ	0.05996772325459172
ブリケット	0.19724915584671723
ブリスク	0.20773428698236507
ブリスタタイプパッケージ	1.237142424412131
ブリスター	0.21773428698236508
ブリストル	1.1238510233227148
ブリダ	0.17224417150312876
ブリヂーヤージ	0.09480716753128006
ブリック	0.13409190565316204
ブリッジ	0.8374036824054237
ブリツジ	0.1468903230101827
ブリプレグファイバー	1.7847228402233124
ブリメソフェースピンチ	1.7964014672583832
ブリルアン	0.5241161305356395
ブリー	0.25442150259384017
ブリーサ	0.2644215025938402
ブリーザー	0.2644215025938402
ブリーダ	0.5214863632617044
ブリーチ	0.26818381130632407
ブリーディング	0.2644215025938402
ブリード	1.312487353069528
ブリーフ	0.45674947643487085
ブル	0.3229360728346088
ブルガリクス	0.3329360728346088
ブルクホルデリア	0.4725684879282077
ブルセラ	0.3329360728346088
ブルック	0.3329360728346088
ブルネッチ	0.3329360728346088
ブルー	0.3329360728346088
ブルーミング	0.3429360728346088
ブレ	0.333886152456969
ブレイク	0.39778087513470184
ブレザー	0.343886152456969
ブレッド	0.343886152456969
ブレビバクテリウム	0.343886152456969
ブレブンディモナス	0.343886152456969
ブレンディング	0.343886152456969
ブレント	0.343886152456969
ブレンド	0.46062082248636865
ブレーカ	0.343886152456969
ブレーカー	0.3892691831583105
ブレーキ	1.9403983715874555
ブレーキペ	1.9503983715874555
ブレーク	0.343886152456969
ブレージングシート	4.070152726406218
ブレース	0.6260814114194606
ブレーズ	0.41546857396473014
ブレーズヘッド	2.754137693505648
ブレート	0.8696535753114312
ブレード	1.2735201813811297
ブレードコータ	1.2835201813811297
ブレーン	0.7855336098189092
ブロ	0.04240358376564003
ブロア	0.4725684879282077
ブロアモータ	3.132931104155867
ブロアー	0.4825684879282077
ブログ	0.6911024081382843
ブロッキング	0.7655695159175389
ブロック	2.9591504307395726
ブロックコポリイミド	2.9691504307395724
ブロックコポリマー	2.9691504307395724
ブロックコポリマーユニット	4.219289943676456
ブロックターポリマー	2.9691504307395724
ブロックドイソシアネート	2.9691504307395724
ブロッティング	0.20889043756735093
ブロット	0.2644215025938402
ブロツキング	0.5161858433956596
ブロツク	0.6863619642990486
ブロム	0.17224417150312876
ブロモ	0.35980633952755037
ブロモトリフルオロメタン	1.1578075494749316
ブロワ	0.32014003689271686
ブロワーモータ	3.132931104155867
ブロー	0.7344516150509135
ブロード	0.7444516150509135
ブロードキャスト	0.803298412111973
ブローバイ	0.7444516150509135
ブン	0.04240358376564003
ブンセンガーナ	0.12993544650918346
ブンセンバーナ	1.2613463562428462
ブンゼン	0.05996772325459172
ブー	0.05996772325459172
ブース	0.37449831169343445
ブースタ	0.38449831169343446
ブースター	0.39449831169343447
ブースト	0.38449831169343446
ブーストコンペンセータ	0.5579750669513457
ブーツ	0.3325371119806533
ブーム	0.851773907897192
ブームフットピン	1.7864014672583832
ブームフートピン	1.7864014672583832
ブール	0.14409190565316204
プシッシ	0.08480716753128006
プシュプル	0.3698063395275504
プセウドモナス	0.1121893373417793
プソイド	0.2535900433794421
プチ	0.05996772325459172
プチド	0.08995158488188759
プッ	0.08480716753128006
プッシャ	0.21773428698236508
プッシャー	0.2844518873687329
プッシュ	0.5593416857463059
プッシュダウン	0.8061265794142297
プツシヤー	0.19724915584671723
プツシユロツド	0.5620614402317515
プツシユロツドアーム	2.414698225225277
プトキシ	0.16865968242239462
プナー	0.07344516150509135
プネウモニア	0.16865968242239462
プフィゼル	0.1372107512969201
プミルス	0.4276268667943385
プラ	0.22033548451527404
プライ	0.5829528970303381
プライオリティ	0.5929528970303382
プライカーペツト	0.5929528970303382
プライス	0.5929528970303382
プライベート	0.5929528970303382
プライマ	0.5929528970303382
プライマリ	0.6325102539467224
プライマリー	0.6425102539467225
プライマー	0.6029528970303382
プライン	1.9566431884984825
プラウ	0.23033548451527405
プラグ	1.055414892858301
プラス	0.27967084287315297
プラスター	0.3880821092507383
プラスチィック	0.289670842873153
プラスチック	2.1349688586698554
プラスチックス	2.144968858669855
プラスチツク	0.32014003689271686
プラスチツクス	0.33014003689271687
プラスチツクスフイルム	0.6303109527167043
プラスミド	0.3352297641329051
プラスミノーゲン	0.289670842873153
プラスミンインヒビター	1.009921630389224
プラズマ	1.1409637484630382
プラズマエツチング	1.1509637484630382
プラズモン	0.3792691831583105
プラセオジム	0.23033548451527405
プラチナ	0.23033548451527405
プラッタ	0.23033548451527405
プラットノォーム	0.23033548451527405
プラットフォーム	1.01414622222293
プラットホーム	0.40890933378527766
プラツトフオーム	0.2644215025938402
プラテン	0.40672088744937585
プラテンガラス	2.5168373275928633
プラテンギヤ	1.125464132094528
プラテンドラム	2.0193661995163925
プラテンローラ	2.585297799244149
プラトホーム	0.40890933378527766
プラネタリ	0.3792691831583105
プラム	0.35448834300625753
プラン	0.7893219539280432
プランジ	0.7993219539280432
プランジャ	0.8093219539280432
プランジャシール	2.5114520639561304
プランジャバレル	0.8193219539280432
プランジャー	0.8193219539280432
プランジヤ	0.8093219539280432
プランジヤー	0.8193219539280432
プランツヤバレル	0.7993219539280432
プラント	1.0943082601209713
プラントフオーム	1.1043082601209713
プランニング	0.7993219539280432
プリ	0.7233509518935939
プリアンブル	0.7333509518935939
プリウレタンエラストマー	1.1805232608202514
プリオン	1.1965428969745833
プリカ	0.7333509518935939
プリカーサー	0.7433509518935939
プリカーサーピッチ	1.429412067747803
プリザーブド	0.7333509518935939
プリズム	0.7333509518935939
プリセット	1.697641325404402
プリチヤージ	0.7333509518935939
プリテンショナー	0.7333509518935939
プリテンショニング	0.7333509518935939
プリヌス	0.7333509518935939
プリファレンス	0.7333509518935939
プリフィクス	0.7333509518935939
プリプレグ	0.7333509518935939
プリヘム	0.7333509518935939
プリペイド	0.7333509518935939
プリミティブ	0.7333509518935939
プリン	0.7333509518935939
プリング	2.4197401140516974
プリンタ	1.187300345437921
プリンター	1.197300345437921
プリンティング	0.7433509518935939
プリント	1.519445316015628
プリーザパイプ	1.7079974939846156
プリーツ	0.7333509518935939
プル	0.35980633952755037
プルビアリス	0.3698063395275504
プルラナーゼ	0.3698063395275504
プルーファー	0.6750742239613066
プレ	0.7245927570170282
プレイ	0.7345927570170282
プレイス	0.7445927570170282
プレイヤー	0.7445927570170282
プレイリストファイル	1.549431142179344
プレカット	1.0035477290886121
プレカーサー	0.7345927570170282
プレキシガラス	2.5168373275928633
プレキヤスト	0.7345927570170282
プレキヤストコンクリート	2.9651982066920644
プレキヤストコンクリートセグメント	2.975198206692064
プレキヤストコンクリートパネル	3.4775140096943304
プレス	1.2805601475708674
プレスト	1.2905601475708675
プレストレスト	1.3005601475708675
プレゼンテーション	0.7345927570170282
プレッサ	0.7345927570170282
プレッシャ	0.7345927570170282
プレッシャー	0.7445927570170282
プレナ	0.7345927570170282
プレナム	0.7445927570170282
プレニル	0.7345927570170282
プレハイドライドパルプ	1.334051478706704
プレハブ	0.9486433395721342
プレビュー	0.7345927570170282
プレファブ	0.7345927570170282
プレフィックス	0.7345927570170282
プレヘサ	0.7345927570170282
プレボ	0.7345927570170282
プレボリマー	0.7445927570170282
プレポリマ	1.5812230131018736
プレー	0.7345927570170282
プレーティング	0.7445927570170282
プレート	2.9995852774196856
プレード	0.7445927570170282
プレーヤ	0.7445927570170282
プレーヤー	0.7545927570170282
プレーン	0.7855336098189092
プロ	0.3365680120253379
プロカルシトニン	0.34656801202533793
プロキシ	0.3444883430062575
プログ	0.6911024081382843
プログラマブル	0.7011024081382843
プログラマブルユニジャンクショントランジスタ	2.1563084012384253
プログラミング	0.7011024081382843
プログラム	3.3576570334660016
プログラムジヤンプ	3.3676570334660014
プログラムドプロセッサ	3.3676570334660014
プロゲステロン	0.4009417256758612
プロシージャ	0.6051626596867626
プロシージヤ	0.34656801202533793
プロジェクション	0.3496689095409202
プロジェクションウェルドナツト	0.5741429899963556
プロジェクタ	0.5875612920407308
プロジェクター	0.5975612920407308
プロジェクト	0.41546857396473014
プロセサ	0.34656801202533793
プロセス	1.7657414393501032
プロセッ	0.34656801202533793
プロセッサ	1.8592412105039393
プロセッサー	1.8692412105039393
プロセッシング	0.5141161305356395
プロセツサ	0.34656801202533793
プロセツサー	0.35656801202533794
プロセノザ	0.34656801202533793
プロダクト	1.5043879629743764
プロッタ	0.34656801202533793
プロット	0.34656801202533793
プロップ	0.34656801202533793
プロツト	0.34656801202533793
プロテアーゼ	0.7006221871410544
プロテイン	0.9999216303892241
プロテオグリカン	0.34656801202533793
プロテクタ	0.5689037747374658
プロテクター	0.5789037747374658
プロテクト	0.34656801202533793
プロト	0.34656801202533793
プロトオンコジーン	1.2165428969745833
プロトカテクアルデヒド	0.474507986950018
プロトコル	0.7221070112450084
プロトコール	0.35656801202533794
プロトン	0.43657161510339054
プロドラッグ	0.34656801202533793
プロバイダ	0.5017259692937482
プロパティ	0.34656801202533793
プロパノール	0.4586648865913426
プロパン	0.6737210705270433
プロパンジ	0.6837210705270433
プロパンジオール	0.6937210705270433
プロパンジニトリル	0.7163619642990486
プロピオ	0.34656801202533793
プロピオナート	0.35656801202533794
プロピオニル	0.35656801202533794
プロピオニルアミノ	1.6324566475787168
プロピオネート	0.35656801202533794
プロピオラクトン	0.35656801202533794
プロピオン	1.1965428969745833
プロピリデン	0.34656801202533793
プロピル	0.4487573493671172
プロピルアクリレート	0.9361082485395125
プロピレン	0.9669504829143105
プロピレングリコールアルキルエーテル	3.097609898211153
プロピレングリコールアルキルエーテルカルボン	3.1076098982111526
プロピレングリコールフェニルエーテル	1.3535982181568749
プロピレングリコールモノフェニルエーテ	1.3535982181568749
プロピレングリコールモノメチルエーテル	1.334051478706704
プロピレンコポリマー	2.408944300297198
プロファイル	1.549431142179344
プロフィル	0.464507986950018
プロフィール	0.34656801202533793
プロプライエタリ	0.5929528970303382
プロプラエタリソフトウェア	1.1165629340039962
プロペニル	0.34656801202533793
プロペラ	0.6915815220934747
プロペン	0.5579750669513457
プロポキシ	0.34656801202533793
プロポキシエタノール	0.5336456313346573
プロポキシエトキシエタノール	0.5536456313346573
プロマジン	0.34656801202533793
プロメタジン	0.9562747118318686
プロモーター	3.132931104155867
プロリン	0.6655434966228759
プロワゼッキ	0.34656801202533793
プロンプト	0.34656801202533793
プローブ	1.3701017219466283
プローラ	2.585297799244149
プローン	0.4764394214220403
プンタ	0.06996772325459172
プンプ	0.1221893373417793
プー	0.04240358376564003
プーリ	1.0868891355255423
プーリー	1.0968891355255423
プール	0.5520614402317515
ヘア	0.20773428698236507
ヘアピン	1.7864014672583832
ヘイ	0.04240358376564003
ヘイズ	0.22637319101615158
ヘキ	0.04240358376564003
ヘキサ	0.22637319101615158
ヘキサアルキルジチタネート	3.097609898211153
ヘキサアンミン	0.5241161305356395
ヘキサゴナル	0.2363731910161516
ヘキサシアノ	0.6750742239613066
ヘキサシアノフェレート	0.8696535753114312
ヘキサデカノイル	0.37223062078091096
ヘキサデカン	0.2363731910161516
ヘキサデコシキ	0.2363731910161516
ヘキサデシル	0.30127355423406704
ヘキサノエート	0.2363731910161516
ヘキサフルオ	0.33014003689271687
ヘキサフルオロ	1.1478075494749316
ヘキサフルオロアルセネート	1.1578075494749316
ヘキサブロムジフェニルエーテル	1.3635982181568749
ヘキサメチレン	0.5396205914826817
ヘキサメチレンアジパミド	0.5496205914826817
ヘキサメチレンジアミン	1.0981689671863493
ヘキサン	0.2781838113063241
ヘキサンジオール	0.6029528970303382
ヘキシル	0.29127355423406703
ヘキシルアクリレート	0.9361082485395125
ヘキシルオキシフェノールメトキシフェニルトリアジン	1.3535982181568749
ヘキシルラウレート	0.8696535753114312
ヘキシレン	0.23621670106726475
ヘキセン	0.7795804023096925
ヘキソ	0.08995158488188759
ヘキソース	1.3801017219466283
ヘクト	0.07344516150509135
ヘタリ	0.05193357174559127
ヘッジホッグ	0.37449831169343445
ヘッダ	0.9246509569230267
ヘッダー	0.9346509569230267
ヘッド	2.7441376935056483
ヘッドアッセンブリ	2.754137693505648
ヘッドサスペンションアッセンブリ	2.754137693505648
ヘッドジンバルアッセンブリ	2.754137693505648
ヘッドセット	2.754137693505648
ヘッドポジショナ	2.754137693505648
ヘッドライト	2.754137693505648
ヘツド	0.5035146593495772
ヘツドアツプ	1.9176900603419238
ヘツドキヤリツジ	0.5135146593495772
ヘテロ	0.7307701301383263
ヘテロアラルカノイル	0.7407701301383263
ヘテロアラルキル	0.7407701301383263
ヘテロアリールベンゼン	1.1881788248321943
ヘテロシクラノイル	0.7407701301383263
ヘテロシクリル	0.7407701301383263
ヘテロシクリルアルキル	3.1076098982111526
ヘテロシクリルアルケニル	1.002189495057715
ヘテロシクリルオキシ	0.7507701301383263
ヘテロシクロアルキリデニル	0.7653869800958574
ヘテロダイン	1.009921630389224
ヘディング	0.21889043756735094
ヘド	0.15865968242239462
ヘドル	0.25725325710649016
ヘドロ	0.16865968242239462
ヘパリン	0.6655434966228759
ヘビ	0.04240358376564003
ヘブ	0.08480716753128006
ヘプタジエナール	0.14409190565316204
ヘプタフルオロブテン	1.1478075494749316
ヘプタン	0.29127355423406703
ヘプチル	0.1468903230101827
ヘプチルアクリレート	0.9361082485395125
ヘマトキシリン	0.6755434966228759
ヘマトコッカス	0.2975950975656642
ヘミセルラーゼ	1.5899075430497955
ヘミセルロース	2.028072042847891
ヘミング	0.20889043756735093
ヘム	0.18483293647838678
ヘモクロマトーシス	0.26725325710649017
ヘモグロビン	0.5929528970303382
ヘヤ	0.04240358376564003
ヘラ	0.09481729578957762
ヘリ	0.05996772325459172
ヘリウム	0.31160143047354766
ヘリカル	0.19889043756735092
ヘリコプター	0.10386714349118253
ヘリングボーン	2.4197401140516974
ヘル	0.04240358376564003
ヘルスケア	0.2815154149637838
ヘルド	0.6569134949753401
ヘルパー	0.35708829191340724
ヘルムホルツ	0.20889043756735093
ヘルメット	0.2590646604957294
ヘロツドピン	1.7864014672583832
ヘンシェル	0.7389224150951402
ヘンリー	0.18963459157915524
ヘーズ	0.05193357174559127
ベア	0.07344516150509135
ベアイリング	2.4197401140516974
ベアラ	0.3028221585760398
ベアリング	2.4197401140516974
ベイ	0.08480716753128006
ベイス	0.09480716753128006
ベイン	0.9999216303892241
ベク	0.04240358376564003
ベクタ	0.41003460917662976
ベクター	0.43657161510339054
ベクトル	1.107375090395166
ベクトルリネーミング	1.117375090395166
ベジェ	0.10386714349118253
ベジエ	0.17224417150312876
ベゼル	0.12721075129692008
ベタ	0.10386714349118253
ベタイン	0.9999216303892241
ベタロイ	0.13409190565316204
ベダ	0.04240358376564003
ベック	0.09480716753128006
ベッセル	1.5599075430497955
ベット	0.2937806460203654
ベッド	0.5245033643113803
ベツド	0.20113785847974305
ベニバナ	0.09480716753128006
ベニヤ	0.08995158488188759
ベネシャン	0.21773428698236508
ベネズエラ	0.21773428698236508
ベネチア	0.08480716753128006
ベノ	0.04240358376564003
ベヒクル	0.15689032301018271
ベビ	0.04240358376564003
ベビー	0.12993544650918346
ベヘン	0.07344516150509135
ベベル	0.4022757169594861
ベラ	0.1468903230101827
ベランダ	0.4319103313511005
ベリ	0.13409190565316204
ベリファイ	0.16288829553044754
ベリリウム	0.14409190565316204
ベリン	0.6655434966228759
ベル	0.2844518873687329
ベルカツプ	0.2944518873687329
ベルク	0.2944518873687329
ベルツ	0.2944518873687329
ベルト	2.084471504584306
ベルベリン	0.6755434966228759
ベルリナイト	0.2944518873687329
ベレル	0.06996772325459172
ベロ	0.05996772325459172
ベロシテイ	0.4345074351467571
ベローズ	0.4908569697648524
ベン	0.05996772325459172
ベンザゼピン	1.7864014672583832
ベンジェラムジヨイント	1.009921630389224
ベンジル	0.6784573402502405
ベンジルアクリレート	0.9361082485395125
ベンジルオキシカルボニル	0.9722904534636984
ベンジルベンゾエート	0.6884573402502405
ベンズ	0.08344516150509135
ベンズアルデヒド	0.474507986950018
ベンズイソジアゾール	0.40778087513470185
ベンズイミダゾール	0.2698547546456628
ベンゼン	0.7319993490561012
ベンゼンジアゾニウムヘキサフルオロホスフェート	1.1578075494749316
ベンゼンジスルホン	1.1192265242733208
ベンゼンスルホネート	0.7419993490561012
ベンゼンスルホネートナトリウム	1.1218313461881866
ベンゾ	0.30724315386824597
ベンゾイミダゾリウム	0.317243153868246
ベンゾイミダゾール	0.317243153868246
ベンゾイル	0.36223062078091095
ベンゾイルアミノ	1.6324566475787168
ベンゾイルオキシベンゼンスルホネート	0.7519993490561012
ベンゾイルカプロラクタム	0.42003460917662977
ベンゾイルバレロラクタム	0.41003460917662976
ベンゾオキサジン	0.317243153868246
ベンゾキサジン	0.317243153868246
ベンゾグアナミン	0.317243153868246
ベンゾジアゾール	0.317243153868246
ベンゾジオクソール	0.406315033414545
ベンゾチアゾール	0.317243153868246
ベンゾチアゾールスルフェンアミド	1.0081035909661094
ベンゾニトリル	0.7163619642990486
ベンゾフェノン	0.317243153868246
ベンタエリスリトールジホスファイト	0.24033548451527406
ベンダ	0.10386714349118253
ベンダー	0.2937806460203654
ベンチ	0.2596678587279564
ベンチュリ	0.2696678587279564
ベンチュリー	0.2796678587279564
ベンチレータ	0.2696678587279564
ベンツイミダゾール	0.242253993475009
ベント	0.4219103313511005
ベントナイト	0.4319103313511005
ベントポート	1.7222333997777917
ベントース	0.4319103313511005
ベンド	0.2596678587279564
ベー	0.15865968242239462
ベーキング	0.5161858433956596
ベーク	0.2698547546456628
ベーサルモード	2.8124887485642174
ベーシック	0.16865968242239462
ベース	2.266708547752617
ベースブロッ	2.2767085477526168
ベースライン	2.2767085477526168
ベータ	0.20113785847974305
ベータメチルアクリル	1.8229701703994254
ベーパ	0.16865968242239462
ベール	0.22637319101615158
ベーン	0.527068188233943
ベーンドディフューザ	0.537068188233943
ベーンレスディフューザ	0.537068188233943
ペア	0.40003460917662975
ペアリング	2.4197401140516974
ペアー	0.41003460917662976
ペイ	0.21621670106726473
ペイロード	0.6831360240506759
ペイント	0.9999216303892241
ペク	0.04240358376564003
ペクチナーゼ	0.14409190565316204
ペクチン	0.16961433506256013
ペクトル	0.1948329364783868
ペグ	0.2398708930183669
ペコ	0.07344516150509135
ペスチス	0.11386714349118253
ペスト	0.35448834300625753
ペタル	0.10386714349118253
ペダリング	2.4197401140516974
ペダル	0.8325584902476224
ペダルストロークセンサ	3.403611554533991
ペダルスピンドルチェーンスプロケット	1.8164014672583833
ペッグ	0.19431763234344604
ペット	0.16865968242239462
ペツグ	0.07344516150509135
ペツグトレー	0.5472050432983936
ペテロ	0.12993544650918346
ペデスタル	0.232253993475009
ペト	0.04240358376564003
ペトリ	0.6963619642990486
ペナルティー	0.1261269967375045
ペプチド	0.6289467875403476
ペラ	0.5921338224194611
ペリ	0.11993544650918345
ペリクル	0.21621670106726473
ペリメーターゾーン	1.0263600345544213
ペリレンテトラカルボン	1.2138436428509887
ペリレンピグメント	0.6353630159890327
ペル	0.19889043756735092
ペルオキ	0.20889043756735093
ペルオキシゲン	0.7144612415618219
ペルオキシダーゼ	0.7244612415618219
ペルオキシド	0.7244612415618219
ペルチェモジュール	2.5674318163085212
ペルハロアルキルオキシ	3.097609898211153
ペルフルオロアルキル	3.097609898211153
ペルボレート	0.8696535753114312
ペレット	0.6837372435403158
ペレツト	0.2644215025938402
ペロ	0.07344516150509135
ペロブスカイト	0.6296610941732131
ペン	0.5479750669513457
ペンキ	0.5579750669513457
ペンシュラムジヨイント	1.009921630389224
ペンジユラム	0.5579750669513457
ペンタ	0.5579750669513457
ペンタエリスリトール	0.5679750669513457
ペンタエリトリト	0.6963619642990486
ペンタエリトリトール	0.7063619642990486
ペンタエリトリトールテトラアクリラート	0.7163619642990486
ペンタエリトリトールテトラアリルエーテル	1.0810577848632805
ペンタエリトリトールトリアクリラート	0.7163619642990486
ペンタエリトリトールトリアリルエーテル	1.0810577848632805
ペンタセン	0.5679750669513457
ペンタデシル	0.5679750669513457
ペンタノエート	0.5679750669513457
ペンタフルオロエタンスルホネート	1.1478075494749316
ペンタフルオロプロピオネート	1.1478075494749316
ペンタフルオロベンゼンスルホネート	1.1478075494749316
ペンタブロムメチルベンゼン	1.334051478706704
ペンタプリズム	0.7433509518935939
ペンタン	0.5679750669513457
ペンダント	0.5579750669513457
ペンチル	0.5579750669513457
ペンチルアクリレート	0.9361082485395125
ペンテン	0.5579750669513457
ペントース	0.5579750669513457
ペー	0.07344516150509135
ページ	1.1944721501485993
ページャ	1.2044721501485993
ペース	0.2844518873687329
ペースト	0.7070090301369303
ペーパ	0.08995158488188759
ペーパー	0.4797417860367338
ペーパースリツタ	0.4897417860367338
ホィール	0.3444883430062575
ホイ	0.09481729578957762
ホイスト	0.35448834300625753
ホイットフィールド	1.0268022186234398
ホイル	0.36223062078091095
ホイール	1.6918976785083915
ホイールインアンカーボルト	1.8982692460992996
ホウ	0.12721075129692008
ホウケイ酸	0.4287018412027119
ホウ砂	0.1372107512969201
ホウ素	0.46740214571032146
ホウ酸	0.4219103313511005
ホエー	0.05193357174559127
ホコリ	0.3365680120253379
ホス	0.1406367771170335
ホスタ	0.16288829553044754
ホスト	0.9405569875108409
ホスファイト	0.20431763234344605
ホスファゼン	0.20431763234344605
ホスファターゼ	0.31731936484478923
ホスファート	0.20431763234344605
ホスフィナイト	0.20431763234344605
ホスフィニコ	0.20431763234344605
ホスフィネート	0.20431763234344605
ホスフィン	1.224623992524929
ホスフェート	0.3365680120253379
ホスフォメバロネートキナーゼ	0.5530308299275676
ホスホ	0.20113785847974305
ホスホジエステラーゼ	0.42094172567586124
ホスホジエステル	1.6111235005388074
ホスホネート	0.21113785847974306
ホスホノ	0.21113785847974306
ホスホリル	0.21113785847974306
ホスホロ	0.21113785847974306
ホスホン	0.2937806460203654
ホゾ	0.1121893373417793
ホゾ穴	0.1374033155341651
ホチキス	0.11993544650918345
ホット	0.4759790472671838
ホッパ	0.5593416857463059
ホッパー	0.6232028609470953
ホッピング	1.7964014672583832
ホップ	0.3128221585760398
ホツト	0.2644215025938402
ホツパ	0.17990316976377518
ホツパー	0.35708829191340724
ホテル	0.3365680120253379
ホト	0.09481729578957762
ホニックホイール	1.7018976785083915
ホバリング	2.4197401140516974
ホフマン	0.22621670106726474
ホブ	0.11993544650918345
ホホバ	0.05193357174559127
ホモ	0.3932346586843407
ホモゲンチセート	0.4032346586843407
ホモジナイザ	0.4032346586843407
ホモジネート	0.4032346586843407
ホモジュニアス	0.4032346586843407
ホモログ	0.6911024081382843
ホル	0.19889043756735092
ホルダ	1.1198882004594617
ホルダー	1.1298882004594617
ホルマリン	0.6655434966228759
ホルマール	0.20889043756735093
ホルミジウム	0.20889043756735093
ホルミルオキシ	0.7144612415618219
ホルミルオキシインドール	1.019921630389224
ホルムアデヒド	0.20889043756735093
ホルムアミド	0.9981035909661093
ホルムアルデヒド	0.6623651527257415
ホルモン	0.35980633952755037
ホログラフィック	0.6911024081382843
ホログラフィー	0.6911024081382843
ホログラム	0.8238744615255671
ホロー	0.4764394214220403
ホワイト	0.20431763234344605
ホン	0.10386714349118253
ホンダ	0.11386714349118253
ホー	0.04240358376564003
ホーク	0.07344516150509135
ホース	0.936245779233586
ホーニング	0.21889043756735094
ホーマー	0.17422837374383504
ホーム	0.39890933378527765
ホーリングロッド	2.4197401140516974
ホール	0.9826292907211257
ホールディング	0.9926292907211257
ホールド	0.9926292907211257
ホーン	0.41870184120271187
ボア	0.48533119930437635
ボアミドデヒドロゲナーゼ	0.9981035909661093
ボイ	0.04240358376564003
ボイス	0.1374033155341651
ボイド	0.2535900433794421
ボイラ	1.0781689671863492
ボイラー	1.0881689671863493
ボイル	0.38514967620912804
ボインティングデバイス	2.744948974161263
ボウタイ	0.2498708930183669
ボウル	0.4219103313511005
ボキ	0.07344516150509135
ボギー	0.15580071523677383
ボクセル	1.5599075430497955
ボケ	0.11993544650918345
ボス	0.6346387296895785
ボタン	1.1222939780988048
ボダン	0.15689032301018271
ボッ	0.07344516150509135
ボック	0.09480716753128006
ボックス	1.4627699956732378
ボット	0.16865968242239462
ボツクス	0.47218632509321645
ボデ	0.08480716753128006
ボディ	0.9547870995661876
ボディー	0.9647870995661876
ボデイ	0.3158995842786369
ボデー	0.5520614402317515
ボト	0.05996772325459172
ボトミング	0.2596678587279564
ボトム	0.6771309316692459
ボトムフィードローラ	2.5952977992441486
ボトル	0.5520614402317515
ボヒル	0.05193357174559127
ボビ	0.04240358376564003
ボビン	1.2124014398988026
ボモ	0.04240358376564003
ボラゾン	0.08480716753128006
ボラン	0.4319103313511005
ボリ	0.04240358376564003
ボリア	0.4725684879282077
ボリウレタン	0.8748668042690589
ボリジ	0.05193357174559127
ボリュメトリック	0.7063619642990486
ボリューム	1.060089594141001
ボリーモノア	0.7333509518935939
ボルスタ	0.232253993475009
ボルタ	0.06996772325459172
ボルツ	0.07344516150509135
ボルテックス	0.3037806460203654
ボルト	1.8882692460992996
ボルドー	0.10481729578957762
ボルーム	0.8441766812598245
ボレー	0.15063677711703352
ボロシラザン	0.22033548451527404
ボロシリケートガラス	2.5168373275928633
ボロン	0.1374033155341651
ボン	0.15288829553044753
ボンディング	0.6232028609470953
ボンド	0.4816121314770683
ボンネット	1.011658457370907
ボンネツト	0.4122757169594861
ボンネツトロツク	0.49994033596821597
ボンブ	0.16288829553044754
ボンプ	0.16288829553044754
ボンベ	0.16288829553044754
ボーダ	0.1468903230101827
ボート	0.26481029574134085
ボード	0.9853702424630101
ボーラス	0.16288829553044754
ボーリン	0.6655434966228759
ボーリンク	2.0173517968049812
ボーリング	2.4197401140516974
ボール	1.232260109394632
ボールソッケト	1.242260109394632
ボールネジ	1.242260109394632
ボールリテーナ	1.242260109394632
ポア	0.1468903230101827
ポアズ	0.15580071523677383
ポアソン	0.15689032301018271
ポイ	0.05996772325459172
ポイズ	0.22637319101615158
ポインタ	1.009921630389224
ポインティング	0.9999216303892241
ポイント	1.4241545202116819
ポイントツーポイントアービター	1.444154520211682
ポイントツーポイントパケット	1.4341545202116819
ポウズレバー	1.9483122949711909
ポウル	0.1468903230101827
ポケ	0.04240358376564003
ポケット	0.8309371479294603
ポケツト	0.2744215025938402
ポゴ	0.05996772325459172
ポジ	0.32845674748767006
ポジショナ	0.3384567474876701
ポジショニング	0.3384567474876701
ポジション	0.7761130149126692
ポジションピ	0.7861130149126692
ポジシヨンスイツチ	0.7565921336396412
ポジティブ	0.3384567474876701
ポジティブクランクケースベンチレーションシステム	5.403762523844088
ポジレジスト	1.1541112406455527
ポスト	0.45274638203230316
ポゾラン	0.4319103313511005
ポッティング	0.20773428698236507
ポット	0.2379895236335919
ポップ	0.3128221585760398
ポテンシャル	0.25725325710649016
ポテンシャルバックプレッッシャーバルブ	2.3080238731985063
ポテンシャルバツクプレッシャーバルブ	2.3080238731985063
ポテンショメータ	0.5472050432983936
ポテンシヨメータ	0.5472050432983936
ポプラ	0.23033548451527405
ポペット	0.2875950975656642
ポリ	1.5712230131018736
ポリァスパラギン	1.5812230131018736
ポリァミ	1.5812230131018736
ポリアクリラート	1.5812230131018736
ポリアクリレート	1.5812230131018736
ポリアクリロニトリル	1.5812230131018736
ポリアセタル	1.5812230131018736
ポリアセタール	1.5812230131018736
ポリアセタールガツト	1.5912230131018736
ポリアディペート	1.5812230131018736
ポリアミック	1.5812230131018736
ポリアミド	1.5812230131018736
ポリアミドポリアミンエピハロヒドリン	1.5912230131018736
ポリアミドポリアミンポリ	1.5912230131018736
ポリアミドポリアミン・エピハロヒドリン	1.5912230131018736
ポリアミドマルチフィラメント	2.283243430667199
ポリアミドモノフィラメント	2.283243430667199
ポリアミドモノフイラメント	1.5912230131018736
ポリアラミ	1.5812230131018736
ポリアリレート	1.5812230131018736
ポリアリーレン	1.5812230131018736
ポリアリーレート	1.5812230131018736
ポリアルキルイミン	3.097609898211153
ポリアルキレン	1.5812230131018736
ポリアルキレンアリレート	1.5912230131018736
ポリアルキレングリコー	1.5912230131018736
ポリアルキレングリコールソルビタンエステル	1.6012230131018736
ポリイソシアナート	1.5812230131018736
ポリイソシアヌレートフォーム	1.5812230131018736
ポリイソプレンゴム	1.7050829295462515
ポリイミド	1.5812230131018736
ポリウレ	1.5812230131018736
ポリウレタ	1.5912230131018736
ポリウレタン	1.6012230131018736
ポリエ	1.5812230131018736
ポリエステル	2.732317950008086
ポリエステルカーポネート	2.742317950008086
ポリエステルジオール	2.742317950008086
ポリエステルタスラン	2.742317950008086
ポリエステルフイラメント	2.742317950008086
ポリエステルマルチフィラメント	2.742317950008086
ポリエステルモノフィラメント	2.742317950008086
ポリエステルモノフイラメント	2.742317950008086
ポリエチレ	1.5912230131018736
ポリエチレン	1.6012230131018736
ポリエチレンオキシドポリエーテルアルコール	1.7724288397501533
ポリエチレングリコー	1.6112230131018737
ポリエチレングリコールアルキルフエニルエーテル	3.097609898211153
ポリエチレングリコールジエステル	1.6212230131018737
ポリエチレングリコールジマレエート	1.6212230131018737
ポリエチレングリコールジメチルエーテル	1.6212230131018737
ポリエチレングリコールモノ	1.6212230131018737
ポリエチレンスパンボンドフラッシュ	1.6112230131018737
ポリエチレンテレフタ	1.6112230131018737
ポリエチレンテレフタレ	1.6212230131018737
ポリエチレンテレフタレートテープヤーン	1.7116319701944624
ポリエチレンテレフタレートレフタレートチューブ	2.3464336176084823
ポリエチレンナフタレート	1.6112230131018737
ポリエチレンナフタレートフィルム	3.1296603900040885
ポリエチレンフタレート	1.6112230131018737
ポリエン	1.5912230131018736
ポリエーテル	1.5912230131018736
ポリエーテルサルフォン	1.6012230131018736
ポリエーテルジオール	1.6012230131018736
ポリオ	1.5812230131018736
ポリオキシアルキル	3.097609898211153
ポリオキシアルキレン	1.5912230131018736
ポリオキシアルキレンアルキルフェニルエーテル	3.097609898211153
ポリオキシエチレン	1.5912230131018736
ポリオキシエチレンアルキルフェニルエーテル	3.097609898211153
ポリオキシプロピレン	1.5912230131018736
ポリオキシプロピレンアルキルエーテル	3.097609898211153
ポリオキシプロピレングリコール	1.6012230131018736
ポリオキシプロピレンミリスチルエーテル	1.6012230131018736
ポリオキシメチレン	1.5912230131018736
ポリオルガノシルセスキオキサンオリゴ	1.5912230131018736
ポリオルガノシルセスキオキサンオリゴマ	1.6012230131018736
ポリオルガノシルセスキオキサンオリゴマー	1.6112230131018737
ポリオルガノハイドロジェンシロキサン	1.5912230131018736
ポリオレ	1.5912230131018736
ポリオレフィ	1.6012230131018736
ポリオレフィン	1.6112230131018737
ポリオレフイ	1.6012230131018736
ポリオレフイン	1.6112230131018737
ポリオール	1.5912230131018736
ポリカプロラクトン	1.5812230131018736
ポリカプロラクトンポリオール	1.6012230131018736
ポリカルボキシレートポリマー	2.3989443002971984
ポリカルボシラスチレン	1.5812230131018736
ポリカルボジイミド	1.5812230131018736
ポリカーボ	1.5812230131018736
ポリカーボネイト	1.5912230131018736
ポリカーボネート	1.5912230131018736
ポリカーボネートジオール	1.6012230131018736
ポリカーポネート	1.5812230131018736
ポリガラクトマンナンガム	1.5812230131018736
ポリクロナール	1.5812230131018736
ポリクローナル	1.5812230131018736
ポリグリコールジエステル	1.6111235005388074
ポリグリセリル	1.5812230131018736
ポリゴン	1.5812230131018736
ポリサルフォン	1.5812230131018736
ポリシ	1.5812230131018736
ポリシクロヘキサンジメタノールテレフタレート	1.5912230131018736
ポリシクロヘキシレンジメチレンテレフタレート	1.5912230131018736
ポリシラザン	1.5912230131018736
ポリシラスチレン	1.5912230131018736
ポリシルセスキオキサン	1.5912230131018736
ポリジアリルジメチルアンモニウムクロライド	1.5812230131018736
ポリジアルキルシロキサン	3.097609898211153
ポリジメチルシロキサン	1.5812230131018736
ポリス	1.5812230131018736
ポリスチレン	1.5912230131018736
ポリスチレントリブロック	2.9691504307395724
ポリスルフィド	1.5912230131018736
ポリスルフヒドリル	1.5912230131018736
ポリダリシジル	1.5812230131018736
ポリチオール	1.5812230131018736
ポリッシング	1.5812230131018736
ポリテトラフルオルエチレン	1.5812230131018736
ポリテトラメチレンエーテルダリコ	1.5812230131018736
ポリテトラメチレンテレフタレート	1.5812230131018736
ポリテトラメチレンナフタレート	1.5812230131018736
ポリトリメチレンテ	1.5812230131018736
ポリトリメチレンテレフ	1.5912230131018736
ポリトリメチレンテレフタレート	1.6012230131018736
ポリトリメチレンテレフタレートマルチフィラメント	2.283243430667199
ポリトリメチレンナフタレート	1.5812230131018736
ポリニスナル	1.5812230131018736
ポリヌクレオチド	1.5812230131018736
ポリノジック	1.5812230131018736
ポリパラキシリレン	1.5812230131018736
ポリパラフェニレンテレフタルアミド	1.5812230131018736
ポリパラフェニレンベンズビズオキサドール	1.5812230131018736
ポリパラフェニレンベンゾビスオキサゾール	1.5812230131018736
ポリパラフヱニレンテレフタルァミ	1.5812230131018736
ポリヒドロキシアルキル	3.097609898211153
ポリヒドロキシポリカルボン	1.6204990528015597
ポリヒドロキシモノカルボキシ	1.6204990528015597
ポリビニ	1.5812230131018736
ポリビニリデンジフルオライド	1.5912230131018736
ポリビニリデンフルオライド	1.5912230131018736
ポリビニル	1.5912230131018736
ポリビニルアルコー	1.6012230131018736
ポリビニルピロリドン	1.6012230131018736
ポリビニール	1.5912230131018736
ポリフェ	1.5812230131018736
ポリフェニル	1.5912230131018736
ポリフェニレンエーテル	1.5912230131018736
ポリフェニレンサルファイド	1.5912230131018736
ポリフェニレンサルファイドモノフィラメント	2.283243430667199
ポリフェニレンサルフィド	1.5912230131018736
ポリフェニレンスルファイド	1.5912230131018736
ポリフェニレンベンゾビスオキサゾール	1.5912230131018736
ポリフェノール	1.5912230131018736
ポリフエニレンオキサイド	1.5812230131018736
ポリフォスフェート	1.5812230131018736
ポリフルオロアルキル	3.097609898211153
ポリフルオロアルケニル	1.5812230131018736
ポリフルオロモノアルケニル	1.5812230131018736
ポリフヱニレンテレ	1.5812230131018736
ポリフヱニレンテレフタルアミ	1.5912230131018736
ポリブタジエン	1.5812230131018736
ポリブチレンエーテル	1.5812230131018736
ポリブチレンサクシネート	1.5812230131018736
ポリブチレンサクシネートアジペート	1.5912230131018736
ポリブチレンナフタレート	1.5812230131018736
ポリプロピレン	1.6392701188991223
ポリプロピレングリコールモノ	1.6492701188991223
ポリプロピレンシ	1.6492701188991223
ポリプロレン	1.5812230131018736
ポリヘキサメチレンアジパミド	1.5812230131018736
ポリベンザゾール	1.5812230131018736
ポリベンザゾールフィラメント	2.283243430667199
ポリベンズアゾールドープ	1.5812230131018736
ポリベンズアゾールポリマー	2.3989443002971984
ポリペプチ	1.5812230131018736
ポリペプチド	1.5912230131018736
ポリボロシラザン	1.5812230131018736
ポリポルス	1.5812230131018736
ポリマ	1.5812230131018736
ポリマベース	2.2767085477526168
ポリマー	2.3889443002971986
ポリマーバインダ	2.3989443002971984
ポリメタクリラート	1.5812230131018736
ポリメタフェニレンイソフタルアミド	1.5812230131018736
ポリメチルメタクリレート	1.5812230131018736
ポリメチレン	1.5812230131018736
ポリメチン	1.5812230131018736
ポリメラーゼ	1.5812230131018736
ポリラクチド	1.5812230131018736
ポリラクチドポリマー	2.3989443002971984
ポリロタキサン	1.5812230131018736
ポルトランド	0.5765283832574346
ポルフィリン	0.6655434966228759
ポルフィロモナス	0.1472107512969201
ポレ	0.07344516150509135
ポロ	0.08480716753128006
ポローゲン	0.4764394214220403
ポワズ	0.07344516150509135
ポン	0.15288829553044753
ポンチ	0.20113785847974305
ポンド	0.25442150259384017
ポンピング	1.7964014672583832
ポンピングエネルギー	1.8872866791442684
ポンプ	2.99463583460429
ポンプインペラ	3.0046358346042896
ポー	0.04240358376564003
ポーカー	0.3892691831583105
ポーズ	0.07344516150509135
ポータブル	0.5099308795699475
ポータル	0.2243786746835586
ポーター	0.1474033155341651
ポーチ	0.15580071523677383
ポーット	0.16865968242239462
ポート	1.7122333997777917
ポートフォリオ	1.7222333997777917
ポートレート	1.7222333997777917
ポーラス	0.35477383518500283
ポーラー	0.2498708930183669
ポーリング	2.4197401140516974
ポール	0.8565104072906631
マイ	0.2579309304799971
マイカ	0.2679309304799971
マイキソコッカス	0.2975950975656642
マイク	0.2679309304799971
マイクロ	1.577504503948815
マイクロインジェクション	1.587504503948815
マイクログラム	1.587504503948815
マイクロコンビエータ	1.587504503948815
マイクロコンピュータ	2.8421658020025613
マイクロスイヅチ	1.587504503948815
マイクロタイタープレート	3.0095852774196854
マイクロトポグラフ	1.587504503948815
マイクロファ	1.587504503948815
マイクロプロセッサ	1.8692412105039393
マイクロプロセツサ	1.587504503948815
マイクロホン	1.587504503948815
マイクロメーター	1.587504503948815
マイクロメートル	1.587504503948815
マイクロリソグラフィ	1.587504503948815
マイグレーションノズル	2.8018823536451953
マイケルソン	0.2679309304799971
マイコプラズマ	1.1509637484630382
マイコン	0.4022757169594861
マイズ	0.2679309304799971
マイセリオフトラ	1.1100440971080092
マイト	0.2679309304799971
マイトマイシン	0.2779309304799971
マイナス	0.43243340213452947
マイナー	0.2679309304799971
マイラ	0.2679309304799971
マイル	0.36223062078091095
マウス	0.49541469957718987
マウンティング	0.2379895236335919
マウント	0.6569134949753401
マカデミアンナッツ	0.5241161305356395
マガジ	0.05193357174559127
マガジン	0.41546857396473014
マク	0.05996772325459172
マクネットクラッチ	1.8120275893011153
マクフアーソンストラツト	0.36448834300625754
マクポウイルス	0.5081293209914588
マクロ	0.2844518873687329
マクロファージ	0.2944518873687329
マクロリズス	0.2944518873687329
マクロリツス	0.2944518873687329
マグ	0.1406367771170335
マグナス	0.15063677711703352
マグナリウム	0.15063677711703352
マグネサイト	0.8010285979830556
マグネシア	0.6289467875403476
マグネシウム	0.8374036824054237
マグネシウムアルコレート	0.8696535753114312
マグネシウムイソプロパノレート	0.8696535753114312
マグネシウムフロロジャーマネート	0.8474036824054237
マグネシュウム	0.15063677711703352
マグネタイト	0.35448834300625753
マグネット	1.011658457370907
マグネットタンブラ	1.021658457370907
マグネツトペーパーホルダー	1.1398882004594617
マグネトインピーダンスセンサ	3.403611554533991
マグネトロン	0.4406709690305481
マザー	0.07344516150509135
マシン	0.6078668725739734
マシーン	0.5571541300604856
マジック	0.18963459157915524
マス	0.4045044083461121
マスカラ	0.41450440834611213
マスキング	0.5135146593495772
マスク	1.336217597832203
マスコット	0.41450440834611213
マスタ	0.8078967765560049
マスタリング	2.4197401140516974
マスター	0.8178967765560049
マスト	0.5167325145093864
マス目	0.41450440834611213
マセランス	0.4319103313511005
マゼンタ	0.2398708930183669
マゼンダ	0.11993544650918345
マチ	0.04240358376564003
マッ	0.04240358376564003
マッサージ	0.4413926463484964
マッチ	0.21412760182266577
マッチング	0.8045514339189722
マット	0.8549344898429136
マットレス	0.8649344898429137
マッド	0.18483445477046012
マッハ	0.1161269967375045
マッハツェンダ	0.35477383518500283
マッパ	0.07344516150509135
マッピング	1.7964014672583832
マッフル	0.33014003689271687
マップ	0.8627852926969928
マツ	0.05996772325459172
マツチング	0.47159568246042294
マツト	0.2644215025938402
マテリアル	0.4725684879282077
マト	0.05996772325459172
マトリクス	0.9967097439494268
マトリッ	0.6963619642990486
マトリック	0.7063619642990486
マトリックス	1.144896761672281
マトリックスメタロプロテアーゼ	1.154896761672281
マトリツクス	0.6963619642990486
マトリツクスコード	2.167588347892903
マニ	0.04240358376564003
マニアル	0.16865968242239462
マニピュレーション	0.32432505160089714
マニピュレータ	0.7893219539280432
マニピユレ	0.09481729578957762
マニフェスト	0.35448834300625753
マニフォルド	0.20773428698236507
マニプレータ	0.7445927570170282
マニホルド	0.3144733937701738
マニホールド	1.0026292907211256
マニュアル	0.44473253847527455
マニュキュア	0.2635900433794421
マニラ	0.11386714349118253
マネジメント	1.2108527223469414
マネー	0.3158995842786369
マネージメント	0.3258995842786369
マネージャ	0.6051626596867626
マノ	0.07344516150509135
マハラノビス	0.6460537564846005
マフラ	0.2937806460203654
マフラー	0.5123644520853969
マプト	0.05193357174559127
マメ	0.3365680120253379
マリン	0.6655434966228759
マル	0.10386714349118253
マルセッセンス	0.418925352850343
マルチ	1.1198882004594617
マルチキャリア	1.4048136640051827
マルチステーションプロセッシングチャンバー	1.5023070213553307
マルチタスキング	1.1298882004594617
マルチタスク	1.1298882004594617
マルチニップカレンダ	1.1298882004594617
マルチノズルインクジェットヘッド	2.8018823536451953
マルチビットパーセル	1.5699075430497955
マルチフィラメントラップ	2.283243430667199
マルチフィルタセグメント	2.9306189786257337
マルチフイラメント	1.1298882004594617
マルチプライフェイシャルティッシュ	1.1298882004594617
マルチプライフェイシャルティッシュペーパー	1.1398882004594617
マルチプル	1.1298882004594617
マルチプレクサ	1.1298882004594617
マルチプレックス	1.1298882004594617
マルチプロセッサ	1.8692412105039393
マルチメディ	1.1298882004594617
マルチメディア	1.2108527223469414
マルテンサイト	0.8010285979830556
マルトール	0.2363731910161516
マレ	0.18963459157915524
マレイ	0.28805889375327487
マレイン	0.9999216303892241
マロニル	0.08480716753128006
マロン	0.1468903230101827
マン	0.21621670106726473
マンガ	0.22621670106726474
マンガン	0.46836289111403495
マンコンンベア	0.25725325710649016
マンション	0.22621670106726474
マンセル	1.5599075430497955
マンチェスタ	0.22621670106726474
マンデル	0.22621670106726474
マンデンサ	0.22621670106726474
マントル	0.2613932455409794
マンドリル	0.5906349836875225
マンドレル	0.6935287287311043
マンドレルショルダ	0.7035287287311043
マンナーゼ	0.22621670106726474
マンニツヒアクリルアミド	1.8229701703994254
マンニトール	0.2363731910161516
マンネン	0.22621670106726474
マンノシダーゼ	0.22621670106726474
マンノース	0.22621670106726474
マンホ	0.22621670106726474
マンホール	0.9926292907211257
マンマシン	0.6178668725739734
マー	0.16422837374383503
マーカ	0.759722658007814
マーカー	0.77263006682909
マーキング	0.6360537564846005
マーキングモジュー	0.6460537564846005
マーク	1.2847656109359946
マーケティング	0.2508629846468741
マージ	0.5141161305356395
マージナル	0.5241161305356395
マージン	0.5241161305356395
マーセライズ	0.2498708930183669
マーチング	0.47159568246042294
マールブルグ	0.3329360728346088
ミア	0.04240358376564003
ミエリン	0.6655434966228759
ミオ	0.07344516150509135
ミキ	0.27805889375327486
ミキサドラム	2.0193661995163925
ミキサー	0.28805889375327487
ミキサーコツプ	0.2980588937532749
ミキシング	0.5321607527775043
ミクソコッカス	0.2975950975656642
ミクロ	0.3780821092507383
ミクロコッカス	0.3880821092507383
ミクロコーカス	0.3880821092507383
ミクロゾーマルストレス	0.3880821092507383
ミクロトーム	0.3880821092507383
ミクロバクテリウム	0.3880821092507383
ミクロン	0.7270700044382779
ミグ	0.04240358376564003
ミコバクテリア	0.4825684879282077
ミサイル	0.36223062078091095
ミシヅ	0.05193357174559127
ミシン	1.5397231158457305
ミジン	0.1221893373417793
ミス	0.2579309304799971
ミスタ	0.2679309304799971
ミスト	0.3780821092507383
ミスマッチ	0.2679309304799971
ミセリオフトラ	1.1100440971080092
ミセル	1.5599075430497955
ミチル	0.14409190565316204
ミッ	0.09481729578957762
ミック	0.10481729578957762
ミックス	0.41111799780591846
ミックスド	0.42111799780591846
ミッション	0.35477383518500283
ミッド	0.18483445477046012
ミップマップ	0.8727852926969928
ミツクス	0.31160143047354766
ミツシヨン	0.32160143047354767
ミツシヨンケース	2.4952262577163373
ミツト	0.2644215025938402
ミディアム	0.14409190565316204
ミトコンドリア	0.4725684879282077
ミドル	0.25725325710649016
ミドルウェア	0.26725325710649017
ミニ	0.21621670106726473
ミニウム	0.22621670106726474
ミニディスク	2.336407614256506
ミネ	0.04240358376564003
ミネラル	0.31731936484478923
ミノ	0.05996772325459172
ミュニケーションバス	0.8516871051470626
ミュー	0.05193357174559127
ミュータンス	0.32845674748767006
ミューティング	0.20889043756735093
ミュート	0.17422837374383504
ミラ	0.04240358376564003
ミラー	1.0477203924814922
ミリ	0.2844518873687329
ミリグラム	0.4222099466024953
ミリスチン	0.2944518873687329
ミリストイル	1.1238510233227148
ミリミクロン	0.7370700044382779
ミリメートル	0.6444786766334394
ミリモル	1.1588163101508107
ミリリットル	0.38449831169343446
ミリング	2.4197401140516974
ミル	0.41762686679433847
ミルカー	0.4276268667943385
ミルク	0.4276268667943385
ミルド	0.4276268667943385
ミロ	0.07344516150509135
ミン	0.15288829553044753
ミンク	0.16288829553044754
ミンン	0.16288829553044754
ミート	0.17422837374383504
ムク	0.04240358376564003
ムシ	0.08480716753128006
ムターゼ	0.08344516150509135
ムチン	0.09480716753128006
ムト	0.05996772325459172
ムラ	0.1468903230101827
ムライト	1.141865955080758
ムース	0.12993544650918346
ムービング	0.6029528970303382
ムーブメント	0.16580071523677384
メイン	1.4165589752796492
メインシャフ	1.4265589752796493
メインシヤ	1.4265589752796493
メインランナ	1.4265589752796493
メカ	0.1406367771170335
メカニカル	0.5405417526681618
メカニズム	0.5609466867088966
メガ	0.04240358376564003
メガテリウム	0.09480716753128006
メガネ	0.1161269967375045
メガヘルツ	0.09481729578957762
メキシコ	0.16865968242239462
メキタジン	0.1321893373417793
メグリチニド	0.1899031697637752
メサ	0.2875950975656642
メシル	0.29127355423406703
メジアン	0.5241161305356395
メジュラシン	0.1948329364783868
メス	0.4487573493671172
メセナ	0.07344516150509135
メソ	0.2937806460203654
メソゲン	0.3037806460203654
メソッド	0.3037806460203654
メタ	0.9462747118318686
メタアクリレート	0.9562747118318686
メタク	0.9562747118318686
メタクリラート	0.9662747118318686
メタクリル	0.9662747118318686
メタクリルアミドアルキルトリアルキルアンモニウム	3.1076098982111526
メタクリルオキシプロピルトリメトキシシラ	0.9762747118318686
メタクリレート	0.9662747118318686
メタクリロイル	0.9662747118318686
メタクリロイルオキシ	0.9762747118318686
メタクリロイルオキシエチルホスホリルコリン	0.9862747118318687
メタクリロイルモルホリン	1.1588163101508107
メタクリロキシエトキシ	0.9662747118318686
メタクリロニトリル	0.9662747118318686
メタノ	0.9562747118318686
メタノール	0.9662747118318686
メタピリレン	0.9562747118318686
メタフェニレンイソフタルアミド	1.0081035909661094
メタフェニレンジアミン	1.1081689671863493
メタボリック	0.9562747118318686
メタリック	0.9562747118318686
メタリツク	0.9562747118318686
メタリルオキシフェノール	1.1137156804199797
メタリルスルホン	1.1092265242733208
メタリルピロカテコール	0.9562747118318686
メタル	0.9562747118318686
メタロセン	0.9562747118318686
メタロプロテアーゼ	0.9562747118318686
メタロホスホアルミネート	0.9562747118318686
メタン	0.9562747118318686
メダル	0.37087988565973523
メチオニン	0.6804595282658102
メチオニンメチルスルホニウム	1.334051478706704
メチル	1.324051478706704
メチルアクリレート	1.334051478706704
メチルアルミノキサン	1.334051478706704
メチルウンベリフェロン	1.334051478706704
メチルエチルケトオキシム	1.334051478706704
メチルエチルケトンパーオキシド	1.334051478706704
メチルエトキシ	1.334051478706704
メチルカプロラクトン	1.334051478706704
メチルカルボニルオキシエチル	1.334051478706704
メチルグリシンジ	1.334051478706704
メチルコポリマー	2.408944300297198
メチルシクロペンタジエニル	1.334051478706704
メチルスチレン	1.334051478706704
メチルトランスフェラーゼ	1.334051478706704
メチルトリアルコキシシラン	1.708791507352297
メチルトリプロピルアンモニウム	1.334051478706704
メチルドデシルキシリレン	1.334051478706704
メチルハイドロジエンポリシロキサン	1.5912230131018736
メチルビスアミノプロピルアミン	1.6324566475787168
メチルピペラジン	1.334051478706704
メチルフェニルマレイミド	1.3535982181568749
メチルフェノール	1.334051478706704
メチルプ	1.334051478706704
メチルプロパンス	1.344051478706704
メチルベンゼンスルホネート	1.334051478706704
メチルベンゾイル	1.334051478706704
メチルホルムアミド	1.334051478706704
メチルメタク	1.334051478706704
メチルヨーダイド	1.334051478706704
メチレン	0.5296205914826817
メチレンジオキシ	0.7625889539406222
メチレンジオキシアニリン	0.7725889539406222
メチレンジオキシフェノール	1.1137156804199797
メチレンジオキシベンゼン	0.7725889539406222
メチレンビスオルソクロロアニリン	0.6755434966228759
メチレンビスシクロヘキシルジイソシアナート	0.7653869800958574
メチレンビスジフェニルジイソシアネート	1.3635982181568749
メチロール	2.2102925019839486
メチン	0.08995158488188759
メッ	0.05996772325459172
メッキ	0.4871800867588842
メッシュ	0.8265980208931468
メッセ	0.06996772325459172
メッセージ	1.8446777391596245
メッセージング	1.8546777391596245
メット	0.2490646604957294
メツキ	0.1948329364783868
メツシユ	0.19889043756735092
メツシユパス	0.7308609240158805
メツシユベルト	2.094471504584306
メツセージ	0.08344516150509135
メデ	0.08480716753128006
メデア	0.09480716753128006
メディア	1.2008527223469414
メディアン	1.2108527223469414
メディエータ	0.242253993475009
メトキシ	0.5528750905483449
メトキシエチ	0.562875090548345
メトキシエトキシ	0.562875090548345
メトキシカルボニルオキシエチル	0.9722904534636984
メトキシフェニルマレイミド	1.3535982181568749
メトキシベンゼン	0.7419993490561012
メトキシベンゾイル	0.562875090548345
メトジラジン	0.1221893373417793
メトトレキセート	0.17422837374383504
メトリ	0.6963619642990486
メトリック	0.7063619642990486
メトロ	0.19963459157915525
メニスカス	0.3144733937701738
メニュ	0.10386714349118253
メニュー	0.6232028609470953
メネジ	1.2108527223469414
メピバカイン	0.9999216303892241
メモ	0.1121893373417793
メモリ	2.3173083277027815
メモリー	2.3273083277027813
メラノーマ	0.11481729578957761
メラミン	0.37449831169343445
メリッサ	0.05996772325459172
メリット	0.2398708930183669
メリディアン	0.5241161305356395
メリヤス	0.4897417860367338
メル	0.04240358376564003
メルカプタン	0.29127355423406703
メルカプト	0.6360537564846005
メルカプトプロパンスルホネート	0.6837210705270433
メルカプトベンゾチアゾール	0.6460537564846005
メルト	0.6751364326926865
メルトスパンボンド	0.6851364326926865
メルトブローイング	1.009921630389224
メルトブローン	0.7444516150509135
メルトブローンフィラメント	2.283243430667199
メルトマスフローレート	0.9476850510736317
メルトン	0.6851364326926865
メロシアニン	0.16865968242239462
メロディ	0.14409190565316204
メロディー	0.14991930813647933
メン	0.12721075129692008
メンス	0.1372107512969201
メンタ	0.1372107512969201
メンテナンス	0.8211418687191752
メント	0.15580071523677383
メントバッグ	0.9885034672193753
メンバ	0.6339300318362563
メンバー	1.2513463562428462
メンバーシップ	1.2613463562428462
メンブラン	0.4319103313511005
メンブランフィ	0.4419103313511005
メンブランフィルタ	2.9306189786257337
メンブレン	0.343886152456969
メンブレンフィ	0.353886152456969
メンライン	1.9566431884984825
メー	0.09481729578957762
メーカ	0.28915388999957925
メーカー	0.3892691831583105
メーキャップ	1.6858806153950807
メーク	0.1161269967375045
メータ	0.5372050432983936
メーター	0.5472050432983936
メート	0.17422837374383504
メートル	0.3792691831583105
メープル	0.3698063395275504
メール	1.2090599504763717
メールボックス	1.4727699956732379
メーン	0.16422837374383503
モア	0.08480716753128006
モアレ	0.2490646604957294
モウセン	0.10481729578957762
モク	0.07344516150509135
モザイク	0.10386714349118253
モジ	0.1468903230101827
モジュ	0.15689032301018271
モジュラ	0.2613932455409794
モジュラス	0.27643754527417247
モジュラー	0.27139324554097943
モジュレーター	0.2243786746835586
モジュール	2.5574318163085215
モジユラスピッチ	1.429412067747803
モダアクリル	1.8229701703994254
モダクリル	0.32870274951317086
モチュラス	0.16288829553044754
モチーフ	0.11993544650918345
モヂュラス	0.16288829553044754
モット	0.16865968242239462
モップ	0.3128221585760398
モツアリルアミン	1.0881689671863493
モデリング	2.4197401140516974
モデル	1.6731961981417918
モニエ	0.19431763234344604
モニタ	0.8980154043233826
モニタリング	2.4197401140516974
モニター	0.9080154043233826
モノ	0.7233509518935939
モノアシルグリセリド	0.7333509518935939
モノアシルフォスフィンオキサイド	1.4384616745593937
モノアミン	1.0881689671863493
モノアルキルアミノ	3.097609898211153
モノアルキルエーテル	3.097609898211153
モノアルコキシル	1.718791507352297
モノイソプロパノールアミン	1.0881689671863493
モノエタノールアミン	1.0881689671863493
モノエチレングリコール	1.5570933562561908
モノカルボジイミド	0.7333509518935939
モノクロ	0.7333509518935939
モノクロロトリアジニル	0.7433509518935939
モノクロロトリフルオロプロペン	1.1478075494749316
モノクローナル	0.7433509518935939
モノスチリ	0.7333509518935939
モノスチリルクミル	0.7433509518935939
モノスルホフェニル	1.3535982181568749
モノトーン	0.7333509518935939
モノトーンウォブル	0.7433509518935939
モノヒドロキシアルキル	3.097609898211153
モノフイラメント	0.7333509518935939
モノフロロトリアジン	0.7333509518935939
モノベンジルクミル	0.7333509518935939
モノベンジルフェニル	1.3535982181568749
モノマ	0.7333509518935939
モノマー	1.37795337202503
モノメチルアミン	1.334051478706704
モノメチルマレイン	1.334051478706704
モノメチン	0.7333509518935939
モノラル	0.7333509518935939
モノリシック	0.7333509518935939
モノリス	0.7333509518935939
モバイル	0.659644955800509
モビール	0.45674947643487085
モヘア	0.21773428698236508
モミ	0.04240358376564003
モメンタリ	0.1472107512969201
モリ	0.04240358376564003
モリブテン	1.1181866515817052
モリブデン	1.1181866515817052
モリン	0.6655434966228759
モル	1.1488163101508106
モルタル	1.1588163101508107
モルダントオレンジ	1.1588163101508107
モルチ	1.1588163101508107
モルデナイト	1.1588163101508107
モルフ	1.1588163101508107
モルホリニウムエチルサルフェート	1.1588163101508107
モルホリニル	1.1588163101508107
モルホリノ	1.1588163101508107
モルホリン	1.1588163101508107
モルホロジー	1.1588163101508107
モレキュラーシーブ	0.42546857396473015
モンモリロナイト	0.17865968242239463
モー	0.18963459157915524
モーク	0.19963459157915525
モーション	0.5236456313346572
モータ	3.1229311041558674
モータビルトインスピンドル	3.132931104155867
モーター	3.132931104155867
モーダル	0.19963459157915525
モード	2.8024887485642176
モードアクチユエータ	2.8124887485642174
モービル	0.19963459157915525
モーフィング	1.224623992524929
モーメント	0.5959174636168217
モーラ	0.19963459157915525
モール	0.45274638203230316
モールディング	0.46274638203230317
モールド	1.0194512953280594
モーレ	0.19963459157915525
ャケット	0.19724915584671723
ャシート	4.060152726406218
ャスタ	0.16288829553044754
ャパイプ	1.7079974939846156
ャビネット	1.011658457370907
ャピラー	0.47159568246042294
ャフト	0.15689032301018271
ャンセル	1.5599075430497955
ャーシ	0.05193357174559127
ャージ	0.06996772325459172
ヤコビ	0.05193357174559127
ヤコビアン	0.5241161305356395
ヤシ	0.09481729578957762
ヤスリ	0.23033548451527405
ヤソター	0.08480716753128006
ヤップ	0.3128221585760398
ヤツク	0.06996772325459172
ヤフト	0.15689032301018271
ヤブ	0.08480716753128006
ヤマバ	0.08995158488188759
ヤング	0.34055120406914213
ヤー	0.08480716753128006
ヤード	0.2937806460203654
ヤーン	0.9202652359596691
ュニ	0.04240358376564003
ュニッ	0.05193357174559127
ュニット	0.43825520364533155
ュニツト	0.2744215025938402
ュニヅ	0.05193357174559127
ュニヅト	0.08480716753128006
ュラ	0.04240358376564003
ュレータ	0.15063677711703352
ュータ	0.08344516150509135
ュール	0.14409190565316204
ユエ	0.11993544650918345
ユニ	0.22033548451527404
ユニオン	1.1965428969745833
ユニソ	0.23033548451527405
ユニタリ	0.23033548451527405
ユニット	4.209289943676456
ユニット\4	4.219289943676456
ユニツ	0.23033548451527405
ユニツト	0.7702993524182561
ユニバーサル	1.2513463562428462
ユニフォーミティ	0.23033548451527405
ユニフォーム	0.98804396803122
ユニーク	0.23033548451527405
ユビキチン	0.17738691759250141
ユビテックス	0.3037806460203654
ユリ	0.08480716753128006
ユー	0.05996772325459172
ユーカリ	0.09480716753128006
ユーザ	3.0291121082280412
ユーザ・プリファレンス	3.039112108228041
ユーザー	3.039112108228041
ユーティリティ	0.2379895236335919
ユーマ	0.07344516150509135
ユール	0.17224417150312876
ユーロピウム	0.35980633952755037
ョイント	0.9999216303892241
ョン	0.07344516150509135
ヨウ	0.20336044372468792
ヨウワサビペルオキシダーゼ	0.7344612415618219
ヨウ素	0.32014003689271686
ヨコ	0.1468903230101827
ヨコ糸	0.17990316976377518
ヨット	0.16865968242239462
ヨリ	0.12721075129692008
ヨロイ	0.08995158488188759
ヨー	0.3028221585760398
ヨーイング	1.009921630389224
ヨーク	0.7632645077815206
ヨーグルト	0.3128221585760398
ヨーダンパ	0.9885034672193753
ヨード	0.3128221585760398
ヨードニトロテトラゾリウムバイオレット	0.6353630159890327
ヨードプロピニルブチルカルバメート	0.45975792440943797
ヨーレート	0.8696535753114312
ヨーレートセンサ	3.403611554533991
ヨーロッパ	0.3128221585760398
ライ	0.08480716753128006
ライオセル	1.5599075430497955
ライカ	0.32845674748767006
ライク	0.1161269967375045
ライクラ	0.11993544650918345
ライザ	0.2698547546456628
ライジング	0.21889043756735094
ライス	0.09480716753128006
ライズ	0.18724915584671722
ライセンス	0.418925352850343
ライタ	0.2748066310683302
ライター	0.2848066310683302
ライダ	0.1161269967375045
ライダロール	2.2102925019839486
ライダー	0.16961433506256013
ライト	1.131865955080758
ライド	0.2535900433794421
ライナ	0.527068188233943
ライナー	0.667772304913938
ライニング	0.8741722738523006
ライバ	0.22201791882820016
ライブ	0.15580071523677383
ライブラリ	0.3868912964999357
ライブラリアン	0.5241161305356395
ライブラリー	0.45274638203230316
ライン	1.9466431884984825
ラインアップ	1.9566431884984825
ラインニング	1.9566431884984825
ラウ	0.10386714349118253
ラウドネス	0.17738691759250141
ラウリ	0.11386714349118253
ラウリル	0.2243786746835586
ラウロイルオキシベンゼンスルホネート	0.7519993490561012
ラウロイルオキシベンゼンスルホン	1.1092265242733208
ラウンド	0.11993544650918345
ラギング	0.6941765838268145
ラク	0.1121893373417793
ラクション	0.16689032301018272
ラクタム	0.41003460917662976
ラクターゼ	0.42003460917662977
ラクダ	0.1221893373417793
ラクチス	0.1221893373417793
ラクチド	0.1221893373417793
ラクチム	0.1221893373417793
ラクト	0.1374033155341651
ラクトコッカス	0.2975950975656642
ラクトン	0.281273554234067
ラグ	0.36966587295677356
ラケット	0.19724915584671723
ラジ	0.04240358376564003
ラジアル	0.6203109527167043
ラジアン	0.5241161305356395
ラジェータ	0.27643754527417247
ラジエタ	0.10386714349118253
ラジエータ	0.660326055574926
ラジエータコアサポートアッパ	1.7322333997777917
ラジエーター	0.670326055574926
ラジオ	0.35186862177015793
ラジオグラフィー	0.5522024071264696
ラジオパク	0.36186862177015794
ラジカル	0.6174054990263417
ラジブロムベンゼン	0.7419993490561012
ラス	0.15288829553044753
ラスタ	0.3780821092507383
ラスター	0.3880821092507383
ラスティブダイバージェンス	1.2613463562428462
ラスト	0.35448834300625753
ラズベリー	0.14409190565316204
ラズマ	0.07344516150509135
ラセミ	0.08995158488188759
ラセン	0.10481729578957762
ラダー	0.2435900433794421
ラチ	0.05996772325459172
ラチェッティングトルク	2.0300757554475584
ラチェット	0.8818518264104088
ラチェットビットホルダ	1.5558418239229608
ラチエツトブツシユ	0.2644215025938402
ラチス	0.18724915584671722
ラッ	0.04240358376564003
ラッカ	0.07344516150509135
ラッカー	0.3892691831583105
ラッカーゼ	0.3992691831583105
ラッキング	0.5161858433956596
ラック	1.0831605168675127
ラックギ	1.0931605168675127
ラッサ	0.07344516150509135
ラッシュ	0.4022757169594861
ラッセル	1.5599075430497955
ラッチ	1.0643215055550086
ラッチング	1.0743215055550086
ラッパ	0.1468903230101827
ラッパー	0.35708829191340724
ラッピング	1.7964014672583832
ラッピングスラリ	1.8064014672583832
ラッピングパウダ	1.8064014672583832
ラッフィングクレ	1.224623992524929
ラッフィングクレーンモード	2.8124887485642174
ラップ	0.7006221871410544
ラップスプリングブシュ	2.429740114051697
ラップスプリングブシュアーム	2.439740114051697
ラップトップ	1.0906676239955504
ラツキング	0.5161858433956596
ラツク	0.32845674748767006
ラツゲージドア	1.9176900603419238
ラツゲージルーム	0.8441766812598245
ラツチ	0.21412760182266577
ラツプ	0.2490646604957294
ラティス	0.08480716753128006
ラテックス	0.7818834513517224
ラテツクス	0.3352297641329051
ラテラル	0.05996772325459172
ラディッシュ	0.15409190565316205
ラド	0.1121893373417793
ラネー	0.09480716753128006
ラネーニッケル	0.7895804023096925
ラバ	0.05996772325459172
ラバー	1.2513463562428462
ラビリンス	0.6655434966228759
ラビング	0.6029528970303382
ラフ	0.1121893373417793
ラフィン	1.224623992524929
ラフタ	0.17422837374383504
ラフト	0.15689032301018271
ラプチャーディスク	2.336407614256506
ラプラス	0.289670842873153
ラベ	0.04240358376564003
ラベラー	0.2498708930183669
ラベリング	2.4197401140516974
ラベル	0.6691172656016604
ラベンダー	0.3037806460203654
ラボ	0.09481729578957762
ラポナイト	0.17865968242239463
ラマン	0.3780821092507383
ラマー	0.17422837374383504
ラミ	0.19431763234344604
ラミック	0.20431763234344605
ラミナ	0.20431763234344605
ラミネーション	0.20431763234344605
ラミネーシヨン	0.32160143047354767
ラミネータ	0.24798952363359192
ラミネート	0.6360537564846005
ラミー	0.20431763234344605
ラム	0.3444883430062575
ラムガ	0.35448834300625753
ラムダ	0.35448834300625753
ラメ	0.05996772325459172
ラメラ	0.08995158488188759
ラメント	0.16580071523677384
ラメータ	0.5472050432983936
ラリ	0.10386714349118253
ラルリル	0.1221893373417793
ラン	0.4219103313511005
ランガム	0.4319103313511005
ランキン	0.4319103313511005
ランキング	0.5161858433956596
ランキンサイクルシステム	5.403762523844088
ランク	0.4319103313511005
ラング	0.4319103313511005
ランゲルハンス	0.6530821881525095
ランジ	0.4319103313511005
ランジプレート	3.0095852774196854
ランス	0.4319103313511005
ランスガイドパイプ	2.7868682187841656
ランゾ	0.4319103313511005
ランタニド	0.4319103313511005
ランタン	0.4319103313511005
ランダマイズ	0.4319103313511005
ランダム	0.9908293991543797
ランダムコポリマー	2.408944300297198
ランダムスタンパブルシート	4.070152726406218
ランダムターポリマー	2.408944300297198
ランチ	0.4319103313511005
ランチャー	0.4419103313511005
ランディング	0.4319103313511005
ラント	0.4319103313511005
ランド	0.5665283832574346
ランドセルカブセ	1.5599075430497955
ランドマーク	1.2947656109359946
ランドリー	0.5765283832574346
ランナ	0.4319103313511005
ランナストリッパプレート	3.0095852774196854
ランナー	0.562547108468134
ランニング	0.4319103313511005
ランニングフオーク	0.4419103313511005
ランバー	1.2513463562428462
ランプ	1.2539564963308574
ランマパネル	3.4775140096943304
ランレンスコーダ	0.4319103313511005
ランレンスコーディング	0.4506709690305481
ランレンスデコーダ	0.4319103313511005
ランレンスデコーディング	0.4606709690305481
ラー	0.2398708930183669
ラーク	0.2498708930183669
ラード	0.2498708930183669
ラーマ	0.2498708930183669
ラーメン	0.2498708930183669
ラール	0.2498708930183669
リア	0.4625684879282077
リアクション	0.49810190420902756
リアクタ	0.4725684879282077
リアクタンス	0.4825684879282077
リアクティブ	0.9120110432066599
リアクトル	0.4725684879282077
リアチェーンスプロケットカバー	2.785896776313024
リアル	0.4725684879282077
リインフォース	0.9999216303892241
リインホースメント	0.9999216303892241
リウ	0.04240358376564003
リウェットキャスト	0.803298412111973
リウマチ	0.11993544650918345
リエステル	1.6011235005388074
リオ	0.10386714349118253
リカバリ	0.34922867012512027
リカバリー	0.3592286701251203
リカバー	2.785896776313024
リカレント	0.3044518873687329
リカーポネート	0.3992691831583105
リガ	0.26481029574134085
リガメント	0.27481029574134086
リガンド	0.7749537715248977
リガーゼ	0.27481029574134086
リキッド	0.19483445477046013
リギア	0.769722658007814
リク	0.05996772325459172
リクエスト	1.0472912626693145
リクライニンク	0.15689032301018271
リクライニング	0.8841722738523006
リクリエーション	0.31870274951317085
リグ	0.3496689095409202
リグニン	0.35966890954092023
リグニンン	0.36966890954092024
リケ	0.04240358376564003
リケニフォルミス	0.2679309304799971
リコ	0.04240358376564003
リコピン	1.7864014672583832
リコピンカンタキサンチン	1.7964014672583832
リコン	0.2844518873687329
リコンビナーゼ	0.3886352646868921
リコンビナーゼポリメラーゼ	1.5912230131018736
リコンビネーシ	0.2944518873687329
リコンフィグラブル	0.3329360728346088
リコンフォトダイオード	1.4354165094005702
リコール	0.33014003689271687
リサイクル	1.713547815794384
リサーチ	0.4971800867588842
リザーバ	0.5906135790319355
リザーバー	1.2513463562428462
リザーブ	0.30577659106089505
リシン	0.1948329364783868
リジット	0.16865968242239462
リジッド	0.18483445477046012
リジューム	0.20431763234344605
リジュームアクセラレートスイッチ	2.486165978713565
リジユームスイッチ	2.486165978713565
リジユームスイツチ	0.7565921336396412
リジン	0.22637319101615158
リス	0.04240358376564003
リスク	0.16865968242239462
リスタート	0.6244863077364919
リスト	1.1138510233227148
リストリクタ	1.1238510233227148
リスナ	0.05193357174559127
リスースエレメント	1.696842063543138
リズム	0.10386714349118253
リセ	0.04240358376564003
リセス	0.07344516150509135
リセット	1.697641325404402
リセツトスイツチング	0.7665921336396412
リソ	0.05996772325459172
リソグラフィ	0.5522024071264696
リソグラフィシステム	5.403762523844088
リソグラフィプロセス	1.7757414393501032
リソグラフィー	0.5622024071264696
リソース	1.3801017219466283
リソースプコール	1.3901017219466283
リゾクトニア	0.16865968242239462
リタ	0.04240358376564003
リタデーション	0.2860278101613882
リターダ	0.1468903230101827
リターダフィルム	3.1196603900040887
リターデーション	0.2815154149637838
リターン	0.7196126790551007
リダクション	0.16689032301018272
リダンダンシー	0.37208993744129004
リチウム	0.8710814959712969
リチウムナイオベート	0.8810814959712969
リチオ	0.6804595282658102
リチカーゼ	0.3892691831583105
リチンオレイン	1.009921630389224
リッキング	0.5161858433956596
リッケチア	0.09481729578957762
リッジ	0.3444883430062575
リッジツク	0.35448834300625753
リッター	0.08344516150509135
リッチ	0.6423828054679973
リット	0.16865968242239462
リットル	0.37449831169343445
リッド	0.35980633952755037
リッパ	0.12721075129692008
リップ	0.8580834304841645
リップス	0.8680834304841645
リップル	0.8680834304841645
リツ	0.04240358376564003
リツド	0.12721075129692008
リツプ	0.20113785847974305
リツプシール	2.5114520639561304
リテ	0.05996772325459172
リテイナー	0.16288829553044754
リテラシー	0.2679309304799971
リテンション	0.825649219323338
リテーナ	0.659644955800509
リテーナリング	2.4197401140516974
リテーナー	0.669644955800509
リトラクション	0.33731936484478925
リド	0.05996772325459172
リナロール	2.2102925019839486
リニア	0.6589631520464332
リニアベ	0.6689631520464332
リヌス	0.05193357174559127
リネット	1.011658457370907
リネン	0.12721075129692008
リネーミングレジスタ	1.1092265242733208
リノ	0.04240358376564003
リノレエート	0.17422837374383504
リノレン	0.22621670106726474
リノンピグメント	0.6353630159890327
リノール	0.23033548451527405
リハブ	0.9486433395721342
リバウンド	0.09481729578957762
リバー	1.2513463562428462
リバース	1.2613463562428462
リパルピング	1.7964014672583832
リパーゼ	0.35708829191340724
リヒドロキシアミン	1.6204990528015597
リビジョン	0.17738691759250141
リビング	0.6029528970303382
リピ	0.05996772325459172
リピート	0.17422837374383504
リフ	0.15288829553044753
リファイナー	0.16422837374383503
リファレンス	0.22621670106726474
リフィル	0.289670842873153
リフィー	0.16288829553044754
リフォーム	0.98804396803122
リフタ	0.32845674748767006
リフター	0.4487573493671172
リフティング	0.21889043756735094
リフト	0.8293126358225174
リフレ	0.37449831169343445
リフレクタ	0.41003460917662976
リフレクタユニット	4.219289943676456
リフレクター	0.4219103313511005
リフレクティブシャドウマップ	0.8727852926969928
リフレッシュ	0.44674947643487084
リフロー	0.9476850510736317
リブ	1.1081866515817052
リプ	0.13409190565316204
リプレース	0.7445927570170282
リプレースメント	0.7545927570170282
リベット	0.6941765838268145
リベツタ	0.11386714349118253
リボ	0.15865968242239462
リボザイム	0.16865968242239462
リボシル	0.29127355423406703
リボゾーム	0.20431763234344605
リボン	0.6188599309570265
リポ	0.16961433506256013
リポコルチン	0.17961433506256014
リポジトリ	0.6963619642990486
リポソーム	0.396315033414545
リマ	0.1121893373417793
リミッタ	0.3444883430062575
リミット	0.5262146359520289
リミツト	0.2744215025938402
リム	0.43243340213452947
リムーバブル	0.4424334021345295
リムーバブルデータストレージデバイス	6.4138537434922185
リモコン	0.38398078223514176
リモート	0.7270700044382779
リャ	0.05996772325459172
リャエンド	0.8974412630040971
リャパネ	0.09480716753128006
リャパネル	3.4775140096943304
リャピラ	0.16865968242239462
リャピラー	0.48159568246042295
リヤ	0.4797417860367338
リュウマチ	0.11386714349118253
リュック	0.11993544650918345
リュックサック	0.12993544650918346
リユース	0.232253993475009
リヨセル	1.5599075430497955
リラクタンスモータ	3.132931104155867
リラックス	1.0931605168675127
リリ	0.08480716753128006
リリーサー	0.2844518873687329
リリース	0.7978186675705553
リリーフ	0.8352537335886769
リル	0.1121893373417793
リレ	0.05996772325459172
リレン	0.22621670106726474
リレー	0.6507257888373204
リレーショナル	0.6607257888373204
リレーシヨナルデータベース	6.423853743492218
リロード	0.6831360240506759
リワインド	1.009921630389224
リン	0.6555434966228759
リンカー	0.6655434966228759
リンガ	0.6655434966228759
リンキング	0.6655434966228759
リンク	2.0073517968049814
リンクス	2.0173517968049812
リング	2.4097401140516976
リングス	2.4197401140516974
リンゴ	0.6655434966228759
リンス	0.6655434966228759
リンター	0.6655434966228759
リンダ	0.6655434966228759
リンダー	0.6755434966228759
リント	0.6655434966228759
リンパ	0.6655434966228759
リン酸	0.8859203685479031
リー	0.13409190565316204
リーク	0.7139685709007757
リース	0.1468903230101827
リーズ	0.21412760182266577
リーダ	0.5114863632617044
リーダライ	0.5214863632617044
リーダー	0.5214863632617044
リーチ	0.14409190565316204
リード	1.302487353069528
リーバ	0.14409190565316204
リーフ	0.44674947643487084
リーブ	0.3920898683114691
リール	0.9674152512578573
リーン	0.6360537564846005
ルアルコ	0.20431763234344605
ルイ	0.05996772325459172
ルイス	0.08995158488188759
ルエーテ	0.08344516150509135
ルカ	0.07344516150509135
ルカノールアミン	1.0881689671863493
ルク	0.17990316976377518
ルコ	0.04240358376564003
ルコニウ	0.08480716753128006
ルシゲニン	0.12993544650918346
ルシフェラーゼ	0.2498708930183669
ルジオン	1.2065428969745833
ルス	0.08480716753128006
ルスト	0.35448834300625753
ルソン	0.05193357174559127
ルゾ	0.13409190565316204
ルタ	0.05996772325459172
ルター	0.10386714349118253
ルチ	0.05996772325459172
ルックアップ	1.0651429706375404
ルツボ	0.17961433506256014
ルテウス	0.08480716753128006
ルテニウム	0.32154109407625475
ルテリ	0.07344516150509135
ルト	0.09481729578957762
ルトン	0.20431763234344605
ルド	0.09481729578957762
ルドセット	1.697641325404402
ルネブルグレンズ	2.4799860055400367
ルパ	0.05996772325459172
ルビ	0.26818381130632407
ルビジウム	0.2781838113063241
ルピロリドン	0.33014003689271687
ルフ	0.04240358376564003
ルブ	0.04240358376564003
ルプ	0.12721075129692008
ルホリン	0.6655434966228759
ルボ	0.08480716753128006
ルボン	0.16288829553044754
ルポ	0.04240358376564003
ルミ	0.04240358376564003
ルミニウムジヒドロジエンホス	0.6375157349749514
ルミネセンス	0.418925352850343
ルミネッセンス	0.418925352850343
ルム	0.05996772325459172
ルムアミド	0.9981035909661093
ルユニツ	0.24033548451527406
ルロ	0.05996772325459172
ルローズノ	0.4764394214220403
ルンズ	0.08995158488188759
ルー	0.18963459157915524
ルース	0.19963459157915525
ルーズ	0.2698547546456628
ルーチン	0.4487573493671172
ルーツ	0.19963459157915525
ルーティング	0.25442150259384017
ルート	0.35603863005292047
ルーバ	0.7025443366710524
ルーバニ	0.7125443366710524
ルーバフィン	1.224623992524929
ルーバー	1.2513463562428462
ルーパ	0.32432505160089714
ルーパー	0.35708829191340724
ルーフ	0.6650742239613066
ルーフィング	1.224623992524929
ルーフデフレクタ	0.6750742239613066
ルーブ	0.19963459157915525
ループ	1.5096509575875585
ループパイルタフト	1.5196509575875585
ループパイルルーパ	1.5196509575875585
ルーム	0.8341766812598245
ルーラ	0.19963459157915525
ルール	0.8782763915970758
レア	0.1121893373417793
レイ	0.27805889375327486
レイァゥト	0.28805889375327487
レイアウト	0.936245779233586
レイジング	0.28805889375327487
レイダー	0.28805889375327487
レイト	0.28805889375327487
レイド	0.28805889375327487
レイノルズ	0.28805889375327487
レイヤ	0.49268512123150504
レイヤー	0.4981293209914588
レイヨン	0.28805889375327487
レイリー	0.28805889375327487
レイン	0.9999216303892241
レウス	0.1374033155341651
レオロジー	0.32845674748767006
レキシブル	0.3429360728346088
レギュ	0.1468903230101827
レギュラー	0.2498708930183669
レギュレータ	0.7489966233868689
レギュレータイネーブル	0.7589966233868689
レギユ	0.12721075129692008
レギユレータ	0.15063677711703352
レギユレータハンドル	1.4886634918270942
レクチン	0.11386714349118253
レグ	0.08480716753128006
レコメンド	0.1372107512969201
レコーダ	0.21621670106726473
レコーディング	0.4506709690305481
レコード	2.167588347892903
レサ	0.05996772325459172
レザー	0.05193357174559127
レシオ	0.1468903230101827
レシチン	0.10386714349118253
レシピ	0.5219259366037505
レシプロ	0.34656801202533793
レシート	4.060152726406218
レシーバ	0.36966587295677356
レシーバー	1.2513463562428462
レジ	0.19889043756735092
レジス	0.20889043756735093
レジスタ	1.0992265242733208
レジスタトランスファレベル	2.1581925055379485
レジスター	1.1092265242733208
レジスト	1.1441112406455527
レジメン	0.20889043756735093
レジュースド	0.20889043756735093
レジン	0.2983356563510264
レス	0.3444883430062575
レスキュー	0.6052616304101257
レスト	0.3483809902125135
レストラン	0.4419103313511005
レストリクションフォイル	0.6963619642990486
レスピレートリー	0.8696535753114312
レスポンス	0.6395776269762691
レセプタ	0.15865968242239462
レセプタクル	0.16865968242239462
レセプター	0.6289467875403476
レセプト	0.5751901951313284
レゾネータ	0.24798952363359192
レゾルシノール	0.33570810713583626
レゾルシン	0.33570810713583626
レゾルバ	0.3457081071358363
レゾール	0.1468903230101827
レタッチ	1.2279502168972105
レタデーション	0.2815154149637838
レター	0.08344516150509135
レダクターゼ	0.42003460917662977
レチクル	0.16689032301018272
レチクルパターン	2.9404527403843677
レチノイド	0.3610535056225042
レチノイン	0.9999216303892241
レチノブラストーマ	0.48597904726718383
レック	0.08995158488188759
レッグ	0.25442150259384017
レッジ	0.05193357174559127
レット	0.2983356563510264
レッド	0.2379895236335919
レツグ	0.05193357174559127
レティネックス	0.3384567474876701
レディング	0.21889043756735094
レトルト	0.1948329364783868
レトロ	0.19963459157915525
レトロウイルス	0.5081293209914588
レトロフォ	0.20963459157915526
レトロレフラクティブ	0.242253993475009
レドックス	0.21336044372468793
レニウム	0.22412760182266578
レノ	0.07344516150509135
レバ	0.19889043756735092
レバー	1.9383122949711908
レバース	1.9483122949711909
レビュー	0.3258995842786369
レフ	0.232253993475009
レフィンブロック	2.9691504307395724
レフイ	0.242253993475009
レフトロクロミツク	0.25725325710649016
レプリカ	0.7433509518935939
レプリケーター	0.7333509518935939
レベ	0.12721075129692008
レベラー	0.2498708930183669
レベリング	2.4197401140516974
レベル	2.1481925055379487
レベルカットループルーパ	2.1581925055379485
レベルシフタ	2.1581925055379485
レボカバスチン	0.8516871051470626
レボセテリジン	0.2363731910161516
レボピマル	0.12386714349118252
レボリュート	0.17422837374383504
レボルバ	0.08480716753128006
レポータコンジュゲイト	0.26725325710649017
レポーター	0.18963459157915524
レポーティング	0.20889043756735093
レム	0.07344516150509135
レメント	0.16580071523677384
レリース	0.15689032301018271
レリースワイヤー	1.7826016736724766
レリーズ	0.38398078223514176
レリーフ	0.45674947643487085
レル	0.05996772325459172
レン	0.21621670106726473
レンガ	0.22621670106726474
レングス	0.22621670106726474
レングリコールジブチルエーテル	1.246266285532451
レンサ	0.22621670106726474
レンサルファイド	0.2535900433794421
レンジ	0.7525889539406222
レンズ	2.469986005540037
レンタル	0.38398078223514176
レンダリコール	0.3401400368927169
レンダリング	2.4197401140516974
レンチ	0.3028221585760398
レンチキュラーレンズ	2.4799860055400367
レンチキュラーレンズシート	4.060152726406218
レンテレフタレ	0.252253993475009
レー	0.1406367771170335
レーキ	0.2490646604957294
レーキア	0.2590646604957294
レーザ	1.9721085798390905
レーザビー	1.9821085798390905
レーザプ	1.9821085798390905
レーザプロジ	1.9921085798390905
レーザリソグラフィ	1.9821085798390905
レーザー	1.9821085798390905
レーション	0.232253993475009
レージングカム	1.7609137548917864
レース	0.5593416857463059
レータ	0.15063677711703352
レーダ	0.3635350022191389
レーダー	0.37353500221913893
レーティング	0.4345074351467571
レーデ	0.15063677711703352
レート	0.8596535753114312
レード	0.15063677711703352
レーヨン	0.29983861627295866
レール	2.1222983084394555
レールファスニングアッセンブリ	2.1322983084394553
レールファスニングクリップ	2.1322983084394553
レーン	0.7755336098189092
レヽ	0.1468903230101827
ロア	0.4625684879282077
ロアカイトレール	2.142298308439455
ロアガイドレール	2.7968682187841654
ロアツース	0.4725684879282077
ロアバツクカバー	2.785896776313024
ロアバツクパネル	3.4775140096943304
ロアル	0.4725684879282077
ロアローラブラケット	2.585297799244149
ロアーボデ	0.4725684879282077
ロアーレッグシールド	2.52145206395613
ロイコ	0.1374033155341651
ロイシン	0.1948329364783868
ロイシンジッパータンパク	1.3265612842505827
ロウ	0.15865968242239462
ロエ	0.05996772325459172
ロカ	0.05996772325459172
ロガー	0.12993544650918346
ロキ	0.05996772325459172
ロキシサーバ	2.0233889586973692
ログ	0.6811024081382843
ログン	0.6911024081382843
ロケ	0.04240358376564003
ロケット	0.19724915584671723
ロケーション	0.4022757169594861
ロケータ	0.23033548451527405
ロゲン	0.1374033155341651
ロゴ	0.18483293647838678
ロゴタイプ	1.207854333841716
ロジウム	0.16961433506256013
ロジェ	0.07344516150509135
ロジスティック	0.42094172567586124
ロジック	0.43243340213452947
ロジツク	0.18963459157915524
ロジン	0.232253993475009
ロジー	0.09480716753128006
ロス	0.21201791882820015
ロスト	0.35448834300625753
ロストル	0.43243340213452947
ロセッサ	0.1948329364783868
ロダ	0.11993544650918345
ロダン	0.15689032301018271
ロッ	0.09481729578957762
ロッカ	0.49268512123150504
ロッカー	0.502685121231505
ロッキング	0.7555695159175388
ロック	2.52292414932367
ロックアツプクラッチピストン	2.53292414932367
ロッッド	0.18483445477046012
ロット	0.25442150259384017
ロッド	1.8236006177219202
ロッドコーター	1.8336006177219202
ロツカー	0.3892691831583105
ロツキング	0.5161858433956596
ロツク	0.48994033596821596
ロツド	0.5520614402317515
ロツドシ	0.5620614402317515
ロツドチエンジ	0.5620614402317515
ロテプレドノール	0.7345927570170282
ロデラ	0.07344516150509135
ロドキサミド	0.07344516150509135
ロノ	0.04240358376564003
ロパンスルホン	1.1092265242733208
ロヒドリン	0.6655434966228759
ロビング	0.6029528970303382
ロビー	0.3028221585760398
ロピル	0.17961433506256014
ロフオ	0.1468903230101827
ロフト	0.15689032301018271
ロブ	0.05996772325459172
ロボット	1.4967924503909633
ロボツト	0.2644215025938402
ロム	0.07344516150509135
ロモ	0.04240358376564003
ロラン	0.4319103313511005
ロワ	0.1121893373417793
ロワー	0.1161269967375045
ロン	0.05996772325459172
ロンギブラキアツーム	0.3868912964999357
ロング	0.3365680120253379
ロンド	0.17224417150312876
ロー	0.4664394214220403
ローカスト	0.4764394214220403
ローカル	0.6430821881525095
ローカルディミング	0.6530821881525095
ローザ	0.4764394214220403
ローション	0.4764394214220403
ロース	0.4764394214220403
ロースァシレートフィルム	3.1296603900040885
ロースアシレートフィルム	3.1296603900040885
ロースター	0.48643942142204033
ローズ	0.4764394214220403
ローズヒップ	0.48643942142204033
ローソク	0.4764394214220403
ローソン	0.4764394214220403
ロータ	1.716166860968329
ロータリ	1.726166860968329
ロータリアクチユエータ	1.736166860968329
ロータリスロツトル	1.736166860968329
ロータリダンバ	1.736166860968329
ロータリー	1.736166860968329
ローター	1.726166860968329
ローダ	0.4764394214220403
ローダシアニン	0.48643942142204033
ローダー	0.48643942142204033
ローテーション	0.4764394214220403
ローテート	0.4764394214220403
ローテートレジスタ	1.1092265242733208
ローディング	0.5496132621366604
ロート	0.4764394214220403
ロード	0.6731360240506759
ロードチエツク	0.6831360240506759
ローヌ	0.4764394214220403
ローパスフィ	0.7308609240158805
ロービング	0.6029528970303382
ローフ	0.4764394214220403
ローブ	0.4764394214220403
ロープ	1.1865428969745833
ローマ	0.4764394214220403
ローラ	2.575297799244149
ローラガイドレール	2.7968682187841654
ローラハースキルン	2.585297799244149
ローラミル	2.585297799244149
ローラミルシステム	5.403762523844088
ローラレベラ	2.585297799244149
ローラー	2.585297799244149
ローラーキヤツチ	2.5952977992441486
ローリ	0.4764394214220403
ローリング	2.4197401140516974
ローリー	0.48643942142204033
ロール	2.2002925019839488
ロールアイロナ	2.2102925019839486
ロールアイロナー	2.2202925019839483
ロールコータ	2.2102925019839486
ロールツーロールナノインプリント	2.2102925019839486
ロールナノインプリント	2.2102925019839486
ロールユニツ	2.2102925019839486
ローレツト	0.4764394214220403
ローン	0.4764394214220403
ワイ	0.19431763234344604
ワイド	0.2535900433794421
ワイパー	0.5966713127020528
ワイピングクロス	1.7964014672583832
ワイプ	0.44372063150204855
ワイヤ	1.7726016736724766
ワイヤベルトロ	2.094471504584306
ワイヤレス	1.7826016736724766
ワイヤレストランシーバ	1.7926016736724766
ワイヤー	1.7826016736724766
ワイヤーハーネスモジュ	1.7926016736724766
ワイン	0.9999216303892241
ワインダー	1.009921630389224
ワインディング	1.009921630389224
ワイーパロッド	1.8336006177219202
ワオータボンプ	0.17288829553044754
ワク	0.04240358376564003
ワクシニアウイルスベクター	0.5081293209914588
ワセリン	0.6755434966228759
ワッ	0.1406367771170335
ワックス	0.5528750905483449
ワッシャ	0.25442150259384017
ワッシャセッ	0.2644215025938402
ワッシャセット	1.697641325404402
ワッシャテンサ	0.2644215025938402
ワッシャー	0.2644215025938402
ワット	0.16865968242239462
ワツクス	0.21336044372468793
ワツシヤ	0.10386714349118253
ワツシヤー	0.19724915584671723
ワデイング	1.009921630389224
ワニス	0.19431763234344604
ワラストナイト	0.36448834300625754
ワン	0.38398078223514176
ワンウエィクラッチ	1.8120275893011153
ワンス	0.39398078223514177
ワンタツチ	0.39398078223514177
ワーキング	0.5161858433956596
ワーク	1.3158782433308083
ワークス	1.3258782433308083
ワークステーション	1.3358782433308083
ワークロールシフトピッチ	2.2102925019839486
ワーゲン	0.1468903230101827
ワード	0.7525889539406222
ワープ	0.18724915584671722
ワープロ	0.34656801202533793
ワーラ	0.06996772325459172
ワール	0.14409190565316204
ワールド	0.15409190565316205
ンィヒ	0.15063677711703352
ンカーボルト	1.8982692460992996
ンガー	0.12993544650918346
ンク	0.1468903230101827
ンクション	0.16689032301018272
ンクジェットヘッド	2.754137693505648
ンクテヤンネル	0.15689032301018271
ンクリートポール	0.8665104072906631
ング	0.19889043756735092
ングシリンダ	2.980672937325926
ングリコール	1.246266285532451
ングリコールジメチルエーテル	1.354051478706704
ングルクリック	0.4424334021345295
ングルタップ	0.537068188233943
ンケー	0.1468903230101827
ンコンピュータ	2.8421658020025613
ンゴット	0.16865968242239462
ンサ	0.10386714349118253
ンサー	0.15689032301018271
ンサート	0.18422837374383505
ンシグナルスイッチ	2.486165978713565
ンシグナルランプ	1.2639564963308574
ンシュリン	0.6655434966228759
ンジ	0.07344516150509135
ンジア	0.08344516150509135
ンジオール	0.6029528970303382
ンジオールジイソブチレート	0.8696535753114312
ンジプレート	3.0095852774196854
ンジン	0.1221893373417793
ンズ	0.07344516150509135
ンセルイベント	1.5599075430497955
ンタ	0.05996772325459172
ンターネット	1.011658457370907
ンダ	0.05996772325459172
ンダー	0.06996772325459172
ンチ	0.04240358376564003
ンテナ	0.05193357174559127
ンデンサ	0.11386714349118253
ント	0.12721075129692008
ンド	0.08480716753128006
ンドル	0.25725325710649016
ンドルパネル	3.4775140096943304
ンドルモータ	3.132931104155867
ンナー	0.07344516150509135
ンヌテ	0.05193357174559127
ンネル	0.16288829553044754
ンバ	0.04240358376564003
ンバックル	1.2674872021166521
ンパク	0.10386714349118253
ンパブルシート	4.060152726406218
ンパーキャップ	1.6858806153950807
ンパーブレード	1.2835201813811297
ンプ	0.1121893373417793
ンプリング	2.429740114051697
ンヤツター	0.16422837374383503
ンー	0.05996772325459172
ンール	0.14409190565316204
ヴィア	0.05193357174559127
ヴィニフェリン	0.6655434966228759
ヴォリュウム	0.19431763234344604
ヵ所	0.09481729578957762
ヶ所	0.16422837374383503
ヶ月	0.07344516150509135
ー\ツド	0.10481729578957762
ーカス	0.2975950975656642
ーキングモジュール	2.5674318163085212
ーク	0.05996772325459172
ーサ	0.04240358376564003
ージ	0.05996772325459172
ース	0.11993544650918345
ーズ	0.04240358376564003
ーズデータ	6.4138537434922185
ータ	0.07344516150509135
ータオーバーケーブルサービスインターフェース	2.0769300580375454
ータベース	2.2767085477526168
ーター	0.1374033155341651
ーダセンサ	3.403611554533991
ーティング	0.20889043756735093
ート	0.16422837374383503
ード	0.12721075129692008
ードバック	1.257487202116652
ードリング	2.4197401140516974
ーバ	0.04240358376564003
ーパ	0.05996772325459172
ービンローターホイール	1.736166860968329
ーブ	0.04240358376564003
ープ	0.07344516150509135
ーボ	0.04240358376564003
ーポネート	0.18422837374383505
ーム	0.19431763234344604
ーメントバッグ	0.9985034672193753
ーラ	0.05996772325459172
ール	0.13409190565316204
ールアドレス	2.344123746932463
ールド	0.14409190565316204
ーン	0.05996772325459172
ーンモード	2.8124887485642174
一人	0.1540472431510855
一体	1.3512465410046135
一元	0.4010491436316932
一円	0.08480716753128006
一切	2.9556733356459985
一別	0.04240358376564003
一半	1.6663644462764766
一口	0.2812504999844426
一員	0.04240358376564003
一団	0.05996772325459172
一塊	0.05996772325459172
一夕	0.25442150259384017
一定	2.2288103972671465
一室	0.051349081050361844
一層	0.4740864789478881
一巡	0.05996772325459172
一帯	0.04240358376564003
一式	0.18963459157915524
一意	0.2579309304799971
一括	0.2907043241164011
一挙	0.07344516150509135
一斉	0.07344516150509135
一方	1.666387676083391
一日	0.47341513558494674
一旦	0.9070056090849651
一時	0.8067832036262366
一本	0.6283108463143738
一条	1.1504944670044044
一杯	0.17030563517359884
一様	0.2875950975656642
一段	1.056094691187838
一気	0.09481729578957762
一水	0.16422837374383503
一流	0.616188972604342
一点	2.0022507729268186
一画	0.04240358376564003
一番	1.993476375593541
一目	0.051349081050361844
一短	0.05996772325459172
一種	2.3249285270023017
一端	2.182184912705208
一糸	0.07344516150509135
一続き	0.18483445477046012
一緒	0.5512465889533205
一線	0.19431763234344604
一群	0.4387267408129051
一義	0.09481729578957762
一考	0.04240358376564003
一致	1.6169519678817252
一般	1.8961998250307794
一色	0.32077493116117767
一行	0.9454368483822373
一覧	0.6928802678798819
一角	0.19887413575110632
一貫	0.2398708930183669
一足	0.09481729578957762
一連	0.6332205408116766
一過	0.22835028699110468
一部	1.6663644462764766
一長	0.08480716753128006
一面	1.9934772813117878
丁字	0.11482003581075538
丁度	0.05996772325459172
七宝	0.08893921730119896
万力	0.1358568985109568
万端	0.05996772325459172
万遍	0.05996772325459172
三原	0.07261856683681703
三方	0.32067490837910695
三日月	0.1161269967375045
三椏	0.07344516150509135
三水	0.14523713367363406
三者	0.4871401556272042
三脚	0.45472777610292275
三菱	0.1778784346023979
三角	0.26920478156081296
三輪	0.09481729578957762
三重	0.21171768494904414
上がり	0.20773428698236507
上がる	0.15580071523677383
上げ	0.3622963785085141
上げる	0.3955142989915278
上げれ	0.3722963785085141
上げ下げ	0.3722963785085141
上げ板	0.3722963785085141
上っ	0.05996772325459172
上まわら	0.08480716753128006
上まわる	0.08480716753128006
上り	0.5981761607735304
上り下り	0.6530821881525095
上り坂	0.6081761607735304
上り湯	0.6081761607735304
上り道	0.6081761607735304
上る	0.04240358376564003
上ブタ	0.14409190565316204
上下	0.4407073749811531
上下水	0.7075250268847499
上下流	0.4507073749811531
上下階	0.4507073749811531
上乗せ	0.17961433506256014
上位	0.16238005187573473
上体	0.2505979299395327
上値	0.04240358376564003
上側	1.0079216798124013
上半	0.11482003581075538
上口	0.14523713367363406
上向	0.16961433506256013
上向き	0.8779797122485545
上回っ	0.34055120406914213
上回ら	0.1161269967375045
上回る	0.44372063150204855
上回れ	0.08995158488188759
上塗	0.15288829553044753
上塗り	0.16288829553044754
上室	0.05996772325459172
上層	0.464507986950018
上巻	0.08480716753128006
上布	0.08480716753128006
上平	0.1468903230101827
上底	0.1540472431510855
上式	0.15865968242239462
上弦	0.07261856683681703
上意	0.08480716753128006
上手	0.051349081050361844
上方	1.698405301581455
上昇	1.2157337451479469
上書	0.08480716753128006
上書き	0.30724315386824597
上板	0.051349081050361844
上枠	0.36722580752545675
上框	0.10269816210072369
上死	0.36722580752545675
上段	0.281170814217657
上水	0.10269816210072369
上流	0.07261856683681703
上溝	0.05996772325459172
上澄	0.05996772325459172
上澄み	0.06996772325459172
上用	0.12396764788717886
上皮	0.19213066841614024
上皿	0.07344516150509135
上着	0.04240358376564003
上空	0.4234353698980883
上端	1.0499353707489762
上糸	0.4345074351467571
上縁	0.5363676226126481
上腕	0.1121893373417793
上蓋	0.2243786746835586
上表	0.12721075129692008
上記	5.705921777424211
上質	0.05996772325459172
上辺	0.31731936484478923
上述	3.198516081544772
上部	1.364379000149863
上長	0.04240358376564003
上限	0.40757069553287034
上階	0.18963459157915524
上面	1.1359749800903474
上顎	0.05996772325459172
下がっ	0.20113785847974305
下がり	0.17990316976377518
下がる	0.16422837374383503
下げ	0.36966587295677356
下げる	0.408925352850343
下げれ	0.37966587295677356
下げ振り	0.41003460917662976
下さ	0.04240358376564003
下し	0.15288829553044753
下っ	0.07344516150509135
下まわる	0.08480716753128006
下り	0.6430821881525095
下り坂	0.6530821881525095
下る	0.07344516150509135
下ろし	0.12721075129692008
下位	0.4132990104465734
下側	0.2298529741298963
下半	0.10269816210072369
下受け	1.4880553636945153
下口	0.051349081050361844
下台	0.16238005187573473
下向	0.19889043756735092
下向き	0.8779797122485545
下回っ	0.46159568246042293
下回ら	0.12721075129692008
下回り	0.8409371479294603
下回る	0.408925352850343
下地	0.22676583276997334
下垂	0.2858995835362751
下域	0.15288829553044753
下塗	0.07344516150509135
下塗り	0.35223062078091094
下壁	0.08893921730119896
下層	0.4487573493671172
下布	0.05996772325459172
下底	0.2717137970219136
下廻ら	0.05193357174559127
下廻る	0.10386714349118253
下式	0.3165369942664396
下弦	0.1358568985109568
下張り	0.34656801202533793
下意	0.08480716753128006
下手	0.2516590231687246
下押し	0.5563319596034649
下方	1.6164769010394737
下板	0.17030563517359884
下枠	0.40672088744937585
下段	0.22964007162151076
下水	0.27652326415110595
下流	0.11482003581075538
下熱	0.04240358376564003
下着	0.1121893373417793
下積み	0.3244733937701738
下穴	0.12721075129692008
下端	1.294974550838655
下等	0.051349081050361844
下糸	0.3816322538907603
下線	0.10386714349118253
下縁	0.46062082248636865
下蓋	0.15865968242239462
下表	0.04240358376564003
下袴	0.08480716753128006
下記	1.4108354812662616
下車	0.04240358376564003
下辺	0.27805889375327486
下部	1.204242695055339
下降	1.3527340161884527
下限	0.22964007162151076
下階	0.20773428698236507
下面	2.0418433875825843
下顎	0.05996772325459172
不一	0.27652326415110595
不作	0.051349081050361844
不全	0.217855700510451
不具	0.16238005187573473
不凍	0.15865968242239462
不動	0.18963459157915524
不可	1.0983521708481696
不可分	1.1083521708481696
不可欠	1.1083521708481696
不可避	1.1083521708481696
不同	4.162274570994777
不在	0.5361001451166681
不変	0.05996772325459172
不妊	0.25442150259384017
不定	0.2858995835362751
不快	0.1778784346023979
不意	0.05996772325459172
不感	0.23865598911199826
不揃い	0.05193357174559127
不斉	0.05996772325459172
不断	1.7661396806424379
不正	0.12577904733420342
不死	0.07261856683681703
不活	0.19431763234344604
不満	0.3365680120253379
不溶	0.051349081050361844
不燃	0.07261856683681703
不用	1.1378196294825758
不等	0.30378526028278935
不純	0.8700487967392535
不織	0.7667899977095918
不老	0.12577904733420342
不能	2.8603788859162878
不良	0.96476164311449
不要	1.413732619180588
不足	1.1877076857221214
不適	0.04240358376564003
与え	0.9650891713079569
与える	1.1865428969745833
与えれ	0.9750891713079569
与えろ	0.9750891713079569
与さ	0.05996772325459172
与し	0.04240358376564003
与する	17.467303608502274
与る	0.05996772325459172
与圧	0.20336044372468792
且つ	2.2025386366249555
世代	0.23531105077970568
世帯	0.04240358376564003
世界	3.4812226903195516
丙午	0.051349081050361844
両ば	0.07344516150509135
両下	0.08480716753128006
両件	0.04240358376564003
両側	1.3707577438764609
両刃	0.08480716753128006
両切	0.11993544650918345
両割	0.10386714349118253
両基	0.04240358376564003
両局	0.04240358376564003
両岸	0.05996772325459172
両広	0.04240358376564003
両性	0.23609316254660823
両手	0.09481729578957762
両断	0.04240358376564003
両方	0.8679797122485545
両案	0.05996772325459172
両極	0.05996772325459172
両気	0.04240358376564003
両水	0.04240358376564003
両流	0.09481729578957762
両用	0.08480716753128006
両目	0.12721075129692008
両眼	0.04240358376564003
両立	0.13409190565316204
両端	1.5882958396929774
両箱	0.05996772325459172
両組	0.09481729578957762
両統	0.05996772325459172
両編	0.08480716753128006
両翼	0.05996772325459172
両者	0.6144863077364919
両耳	0.17990316976377518
両脇	0.18963459157915524
両脚	0.1121893373417793
両舷	0.10386714349118253
両蓋	0.04240358376564003
両角	0.05996772325459172
両足	0.07344516150509135
両輪	0.05996772325459172
両辺	0.08480716753128006
両部	0.16422837374383503
両開き	0.569341685746306
両隣	0.07344516150509135
両隣り	0.14409190565316204
両面	0.8721129723492033
並ば	0.04240358376564003
並び	0.9715881617172301
並び替え	0.9815881617172301
並び順	0.9815881617172301
並ぶ	0.5544988094351604
並べ	0.6771309316692459
並べる	0.6871309316692459
並べ合わ	0.6871309316692459
並べ変える	0.6871309316692459
並べ換え	0.6871309316692459
並べ換える	0.6971309316692459
並べ替え	0.6871309316692459
並べ替える	0.6971309316692459
並ん	0.6174054990263417
並列	1.1971035632672773
並歯	0.05996772325459172
並置	0.051349081050361844
並行	0.1358568985109568
並進	0.36476942004032376
中ぐり	0.1468903230101827
中ほど	0.8167832036262366
中り	0.04240358376564003
中仕切り	0.716372944510956
中位	0.11993544650918345
中低	0.051349081050361844
中古	0.11993544650918345
中和	0.6183248160020035
中国	5.162562143416357
中圧	0.15865968242239462
中堀	0.04240358376564003
中塗り	0.07344516150509135
中太	0.04240358376564003
中央	2.4865895223097234
中子	0.2904742673472681
中層	0.20336044372468792
中差し	0.2596678587279564
中度	0.17030563517359884
中径	0.04240358376564003
中心	3.0339442782269015
中性	0.3910629504741717
中折	0.04240358376564003
中折れ	0.30682508635948025
中押	0.26818381130632407
中押し	0.5563319596034649
中指	0.16238005187573473
中掘	0.04240358376564003
中断	0.9837068779728049
中期	0.51615280631531
中木	0.05996772325459172
中板	0.6696110338772472
中枠	0.08480716753128006
中枢	0.32879454544347575
中止	0.4203103429086824
中正	0.07261856683681703
中段	0.32067490837910695
中毒	0.6140457001188739
中水	0.21171768494904414
中流	0.08893921730119896
中温	0.16238005187573473
中火	0.05996772325459172
中点	0.2904742673472681
中皿	0.05996772325459172
中程	0.1358568985109568
中空	1.0860933394422483
中立	0.266817651903597
中継	0.8123358032453462
中綿	0.16961433506256013
中舌	0.07344516150509135
中芯	0.15288829553044753
中蓋	0.04240358376564003
中表	0.05996772325459172
中角	0.07261856683681703
中質	0.1406367771170335
中身	0.07344516150509135
中途	0.3165369942664396
中通	0.16238005187573473
中速	0.10269816210072369
中部	1.0685051604939968
中間	0.6696101281590001
中骨	0.07344516150509135
中高	0.07261856683681703
丸い	0.15288829553044753
丸く	0.10386714349118253
丸まっ	0.10386714349118253
丸み	0.19431763234344604
丸め	0.15288829553044753
丸める	0.16288829553044754
丸味	0.04240358376564003
丸型	0.11993544650918345
丸太	0.04240358376564003
丸形	0.05996772325459172
丸棒	0.1468903230101827
丸皿	0.04240358376564003
丸穴	0.2937806460203654
丸紐	0.09481729578957762
丸編	0.21621670106726473
丸鋸	0.16422837374383503
主な	0.11993544650918345
主に	0.25442150259384017
主体	2.2912279887236915
主催	0.05996772325459172
主剤	0.18483293647838678
主動	0.40757069553287034
主型	0.04240358376564003
主塔	0.10269816210072369
主室	0.051349081050361844
主導	0.11993544650918345
主弁	0.3229360728346088
主張	0.692736976563563
主情	0.24725325710649015
主材	1.0524439393009717
主柱	0.24725325710649015
主桁	0.23609316254660823
主機	0.7369979604392577
主流	0.41716190649590423
主潮	0.04240358376564003
主点	0.09481729578957762
主筋	0.11482003581075538
主管	0.8374781675808771
主脚	0.11993544650918345
主薬	0.11993544650918345
主要	2.8358456905102796
主軸	0.16238005187573473
主部	0.051349081050361844
主鎖	0.2613932455409794
主面	0.1540472431510855
主馬	0.10279909060104149
乃至	0.6515467965383436
乍ら	0.04240358376564003
乖離	0.20773428698236507
乗じ	0.2613932455409794
乗じる	0.27139324554097943
乗ずる	0.08344516150509135
乗せ	0.16961433506256013
乗せる	4.981356809539207
乗っ	0.12721075129692008
乗り	0.507073111111465
乗り上げ	0.517073111111465
乗り上げる	0.527073111111465
乗り入れ	0.676424629867402
乗り入れる	7.630385307621593
乗り場	0.517073111111465
乗り手	0.517073111111465
乗り物	0.517073111111465
乗り移り	0.517073111111465
乗り継ぎ	0.517073111111465
乗り越え	0.6614162142716725
乗り越える	0.6714162142716725
乗り込み	0.517073111111465
乗り込む	0.517073111111465
乗る	0.04240358376564003
乗入れ	0.676424629867402
乗員	0.6863619642990486
乗場	0.21621670106726473
乗客	0.36722580752545675
乗換	0.21621670106726473
乗物	0.23609316254660823
乗用	0.26481029574134085
乗算	0.5141161305356395
乗継	0.24725325710649015
乗越え	0.6614162142716725
乗車	0.36722580752545675
乗込ま	0.3037806460203654
乗込み	0.32731936484478924
乗込む	0.2644215025938402
乗降	0.2748066310683302
乱す	0.07344516150509135
乱れ	0.1121893373417793
乱数	0.3444883430062575
乱流	0.051349081050361844
乳がん	0.2644215025938402
乳児	0.04240358376564003
乳剤	0.35729894772871246
乳化	0.32067490837910695
乳幼児	0.15689032301018271
乳房	0.5031161893368137
乳液	0.5286711465740901
乳濁	0.1121893373417793
乳癌	0.08893921730119896
乳管	0.05996772325459172
乳糖	0.17030563517359884
乳製	0.05996772325459172
乳酸	0.3165369942664396
乳量	0.05996772325459172
乳首	0.21201791882820015
乾い	0.09481729578957762
乾かす	0.07344516150509135
乾き	0.23609316254660823
乾し	0.04240358376564003
乾固	0.07344516150509135
乾式	0.07261856683681703
乾性	0.05996772325459172
乾湿	0.10386714349118253
乾熱	0.1748344547704601
乾燥	0.21171768494904414
乾物	0.05996772325459172
乾球	0.10386714349118253
乾留	0.557732066047264
乾癬	0.19889043756735092
亀甲	0.07344516150509135
亀裂	0.18483293647838678
了し	0.08480716753128006
了り	0.05996772325459172
予め	1.9217760753564561
予備	0.6797811607095333
予兆	0.11993544650918345
予告	0.12721075129692008
予報	0.05996772325459172
予定	0.7818834513517224
予察	0.05996772325459172
予後	0.08480716753128006
予想	0.2613932455409794
予期	0.04240358376564003
予測	1.5626166510562933
予熱	0.5330047830505884
予知	0.10386714349118253
予約	0.5921338224194611
予防	0.4045044083461121
事前	0.12577904733420342
事務	0.11482139495571385
事実	0.21621670106726473
事後	0.20336044372468792
事態	0.408925352850343
事故	1.2075225268988972
事業	0.15288829553044753
事物	0.4649857054004603
事象	0.3028221585760398
事跡	0.04240358376564003
事項	0.32014003689271686
二十	0.23878768369793424
二又	0.12721075129692008
二条	0.07261856683681703
二者	8.128029518539432
二股	0.19431763234344604
二胡	0.24084853901106779
二色	0.07261856683681703
二進	0.09481729578957762
云っ	0.04240358376564003
云迷	0.04240358376564003
互い	2.2541802561231505
互い違い	2.2641802561231503
互換	0.051349081050361844
五入	0.04240358376564003
五十	0.22847720943492705
五角	0.20539632420144738
井戸	0.1468903230101827
井桁	0.08480716753128006
井筒	0.16238005187573473
亘っ	0.5829528970303381
亘り	0.19889043756735092
亘る	0.25442150259384017
亙っ	0.19431763234344604
亙り	0.07344516150509135
亙る	0.04240358376564003
亜鉛	0.5829528970303381
亜麻	0.09481729578957762
亜麻仁	0.10481729578957762
亢進	0.09481729578957762
交わし	0.05193357174559127
交わっ	0.10386714349118253
交わら	0.08995158488188759
交わり	0.1948329364783868
交わる	0.41220994660249527
交互	1.1296510834896025
交代	0.17030563517359884
交信	0.17990316976377518
交叉	0.8070141552692911
交差	0.051349081050361844
交換	0.4510381945775744
交替	0.6965328240275973
交流	1.6543650726051555
交点	0.25155809466840684
交番	0.2579309304799971
交直	0.051349081050361844
交絡	0.5512465889533205
交線	0.15865968242239462
交織	0.051349081050361844
交角	0.07261856683681703
交通	1.8535524666180256
交錯	0.3166370170485103
人々	0.05996772325459172
人さし	0.05193357174559127
人事	0.44172149735894733
人体	1.545711272240681
人力	0.8893921730119896
人口	1.0977179751627923
人名	0.22964007162151076
人員	0.1988764898592292
人工	1.0494075635906819
人差	0.12721075129692008
人感	0.1468903230101827
人手	0.30378526028278935
人払い	0.08344516150509135
人数	0.9729262031486611
人材	0.04240358376564003
人毛	0.08480716753128006
人為	0.12721075129692008
人物	1.42024540675484
人種	0.08480716753128006
人肌	0.05996772325459172
人造	0.359443567352533
人間	0.30577659106089505
什器	0.05996772325459172
今回	0.43657161510339054
今後	0.13409190565316204
今日	0.8879973595948054
介さ	0.21201791882820015
介し	2.820396207119584
介する	17.467303608502274
介入	0.46781239225941873
介在	0.861742651479005
介護	0.16961433506256013
仏花	0.04240358376564003
仕上	0.45274638203230316
仕上がり	0.46274638203230317
仕上げ	0.6360537564846005
仕上げる	0.6460537564846005
仕上り	0.6081761607735304
仕事	0.16422837374383503
仕事率	0.17422837374383504
仕入	0.10386714349118253
仕入れ量	0.676424629867402
仕分け	0.5530308299275676
仕分ける	0.5630308299275676
仕切	0.6472626147612178
仕切っ	0.6572626147612178
仕切ら	0.6572626147612178
仕切り	0.706372944510956
仕切り板	0.716372944510956
仕切り枠	0.716372944510956
仕切る	0.6572626147612178
仕切板	0.6572626147612178
仕口	0.3444883430062575
仕向	0.05996772325459172
仕掛	0.1406367771170335
仕掛け	0.677772304913938
仕方	0.051349081050361844
仕様	0.45670057398220937
仕組み	0.27481029574134086
仕舞	0.11993544650918345
仕訳	0.1406367771170335
仕込ま	0.3037806460203654
仕込み	0.32731936484478924
仕込む	0.2644215025938402
仕込ん	0.20431763234344605
他出	0.051349081050361844
他励	0.04240358376564003
他動	0.04240358376564003
他室	0.17990316976377518
他店	0.10386714349118253
他所	0.09481729578957762
他方	2.1563379343726985
他物	0.05996772325459172
他端	1.4985932841488026
他者	0.13409190565316204
他辺	0.16961433506256013
他部	0.07344516150509135
他面	0.4022757169594861
付い	0.22033548451527404
付き	1.398675638163681
付き合っ	1.408675638163681
付く	0.1406367771170335
付け	1.6645769717310857
付ける	1.6745769717310857
付け合わせ	1.6745769717310857
付け合わせる	4.981356809539207
付け帯	1.6745769717310857
付け替え	1.6745769717310857
付け替える	1.6845769717310857
付け根	1.6745769717310857
付さ	0.24725325710649015
付し	0.2875950975656642
付す	0.232253993475009
付せ	0.09481729578957762
付与	0.051349081050361844
付加	1.2528806003830155
付合	0.05996772325459172
付属	0.3955142989915278
付帯	0.13409190565316204
付根	0.1748344547704601
付点	0.05996772325459172
付着	1.0885421998047664
付箋	0.04240358376564003
付記	0.04240358376564003
付設	0.5814086482328022
付近	0.7258324375761307
付録	0.05996772325459172
付随	0.33922867012512026
仙腸	0.05996772325459172
代え	0.36966587295677356
代える	0.37966587295677356
代り	0.10386714349118253
代わっ	0.08995158488188759
代わり	0.38514967620912804
代わる	0.07344516150509135
代位	0.13409190565316204
代価	0.17990316976377518
代償	0.04240358376564003
代入	0.25155809466840684
代数	0.22382545514220661
代替	0.8390508979193932
代理	1.3826163207555293
代用	0.11482003581075538
代行	0.27805889375327486
代表	2.0820136976096344
代謝	0.17030563517359884
代金	0.08893921730119896
以っ	0.17990316976377518
以つ	0.1121893373417793
以て	0.05996772325459172
以上	2.357588362480324
以下	3.0885352885561748
以内	0.5083299678577193
以前	1.2514857194877127
以外	0.792175039800269
以後	0.051349081050361844
以来	1.8471400037309893
以降	0.43657161510339054
仮とじ	0.05193357174559127
仮名	0.30870274951317084
仮定	0.2875950975656642
仮性	0.04240358376564003
仮想	1.2805601475708674
仮枠	0.05996772325459172
仮止め	0.7170090301369303
仮焼	0.16422837374383503
仮称	0.05996772325459172
仮組み	0.27481029574134086
仮締	0.15288829553044753
仮締め	0.6530821881525095
仮設	0.4022757169594861
仮説	0.18483293647838678
仮足	0.04240358376564003
仰角	0.14523713367363406
仲介	0.12721075129692008
仲裁	0.4871401556272042
件数	0.0727073110379705
任意	0.5048518855928446
企業	0.10269816210072369
伏し	0.05996772325459172
伏せ	0.09481729578957762
伏せら	0.10481729578957762
伏流	0.11993544650918345
伐り	0.04240358376564003
伐採	0.11993544650918345
休ま	0.08480716753128006
休息	0.7045149644938962
休日	0.21201791882820015
休暇	0.07344516150509135
休止	0.051349081050361844
会っ	0.04240358376564003
会合	0.12577904733420342
会員	0.32014003689271686
会場	0.04240358376564003
会意	0.07261856683681703
会所	0.051349081050361844
会社	0.051349081050361844
会計	0.23609316254660823
会話	0.04240358376564003
会議	0.562547108468134
伝い下り	0.6530821881525095
伝う	0.04240358376564003
伝え	0.2579309304799971
伝える	0.4406709690305481
伝っ	0.07344516150509135
伝わら	0.08995158488188759
伝わり	0.1948329364783868
伝わる	0.20113785847974305
伝動	0.6650742239613066
伝導	0.8480716753128006
伝搬	0.38398078223514176
伝播	0.41762686679433847
伝熱	0.8731432302067811
伝票	0.16422837374383503
伝言	0.05996772325459172
伝送	1.1472500976841034
伝達	1.9898082177450092
伴い	0.5227864910819588
伴う	0.557732066047264
伴っ	0.7196126790551007
伴ない	2.8806317994137647
伴なう	0.17990316976377518
伴なっ	1.9106079047464861
伴なわ	0.06996772325459172
伴わ	0.18483293647838678
伸し	0.08480716753128006
伸す	0.04240358376564003
伸ばさ	0.1161269967375045
伸ばし	0.19431763234344604
伸ばす	0.05193357174559127
伸び	0.557732066047264
伸びる	0.5641429899963556
伸び出	0.567732066047264
伸び止め	0.7170090301369303
伸び率	0.567732066047264
伸び縮み	0.567732066047264
伸側	0.08480716753128006
伸展	0.4387267408129051
伸度	0.3622963785085141
伸延	0.12577904733420342
伸張	0.41762686679433847
伸率	0.05996772325459172
伸線	0.2715154149637838
伸縮	0.25674540525180933
伸長	0.12577904733420342
伸開	0.1468903230101827
似せ	0.07344516150509135
但し	0.6472626147612178
位相	0.9096106023512728
位置	5.046076049802312
低い	1.2521628228389212
低く	0.6876705678976076
低けれ	0.05193357174559127
低下	0.4234353698980883
低位	0.27652326415110595
低価	0.04240358376564003
低出	0.11993544650918345
低圧	0.7381147380993041
低域	0.15288829553044753
低層	0.05996772325459172
低床	0.12721075129692008
低廉	0.9524845040110047
低段	0.34708829191340723
低水	0.04240358376564003
低減	0.77263006682909
低温	0.932802380548253
低目	0.2398708930183669
低空	0.6268954364401303
低級	0.4816121314770683
低能	0.12577904733420342
低速	1.3222765415143942
低部	0.051349081050361844
低酸	0.051349081050361844
低音	0.25155809466840684
住人	0.04240358376564003
住区	0.05996772325459172
住宅	0.7007599343734258
住居	0.051349081050361844
住戸	0.15865968242239462
住所	2.081896628933093
住民	0.04240358376564003
体上	0.17990316976377518
体付	0.1748344547704601
体側	0.6246437943410743
体内	0.17712812838456524
体力	0.9085589093867784
体化	0.05996772325459172
体圧	0.3444883430062575
体型	1.1321123545081484
体壁	0.07261856683681703
体外	0.39498382889501626
体形	0.24626154159446512
体心	0.05996772325459172
体感	0.4649857054004603
体操	0.47062210155941137
体格	0.14523713367363406
体構	0.11993544650918345
体液	0.24626154159446512
体温	0.45350280454248254
体熱	0.07344516150509135
体用	0.32014003689271686
体盤	0.08480716753128006
体積	0.8659056836877469
体系	2.7225587180628397
体育	1.3653449323063598
体腔	0.10269816210072369
体色	0.07261856683681703
体表	0.32067490837910695
体質	0.10386714349118253
体軸	0.09481729578957762
体部	0.1778784346023979
体重	0.6010255843857052
体量	0.1121893373417793
体長	0.05996772325459172
体面	0.7399822482329582
体験	0.11993544650918345
何れ	2.2248752686869997
何処	0.04240358376564003
何時	0.1778784346023979
余し	0.05996772325459172
余っ	0.08480716753128006
余ら	0.04240358376564003
余り	0.18483293647838678
余分	0.08480716753128006
余剰	0.33118257636287074
余弦	0.07261856683681703
余熱	0.05996772325459172
余白	0.11993544650918345
余裕	0.051349081050361844
余角	0.08893921730119896
作っ	0.1406367771170335
作ら	0.5544988094351604
作り	0.2579309304799971
作り付け	1.6745769717310857
作り出さ	0.5258618609599942
作り出し	1.1165629340039962
作り出す	0.3722963785085141
作り変え	0.4445074351467571
作る	0.3792691831583105
作出	0.6032151201776155
作動	0.051349081050361844
作品	1.4645883211788215
作図	0.13409190565316204
作成	0.36319285696615583
作手	0.04240358376564003
作曲	0.217855700510451
作業	0.1358568985109568
作為	0.6330739885328792
作物	0.5921864913921222
作用	3.0291605890104063
作画	0.17030563517359884
作製	0.7513934187077169
併せ	0.3028221585760398
併せ持つ	0.9467257822280699
併合	0.1406367771170335
併売	0.04240358376564003
併有	0.07344516150509135
併用	0.36476942004032376
併給	0.17990316976377518
併置	0.05996772325459172
併行	0.07344516150509135
併設	0.2435900433794421
使い	0.21621670106726473
使い分け	0.5530308299275676
使い捨て	0.4759790472671838
使う	0.16961433506256013
使える	0.20889043756735093
使っ	0.13409190565316204
使わ	0.13409190565316204
使用	6.569672950268263
例え	0.04240358376564003
例えば	0.6569134949753401
例外	0.8344381939371804
供え	0.07344516150509135
供さ	0.3229360728346088
供し	0.12721075129692008
供する	17.467303608502274
供せ	0.04240358376564003
供与	0.19431763234344604
供出	0.10386714349118253
供用	2.650545516746213
供給	0.3910629504741717
供花	0.04240358376564003
供試	0.1748344547704601
供養	0.04240358376564003
依っ	0.10386714349118253
依つ	0.07344516150509135
依ら	0.05996772325459172
依り	0.12721075129692008
依る	0.07344516150509135
依存	0.2858995835362751
依拠	0.1121893373417793
依然	0.7564191979739201
依頼	0.4022757169594861
価値	0.2907043241164011
価数	0.15288829553044753
価格	0.4664394214220403
侵さ	0.04240358376564003
侵入	0.30378526028278935
侵出	0.05996772325459172
侵食	0.07344516150509135
便器	0.24626154159446512
便座	0.4586648865913426
便意	0.05996772325459172
便房	0.09481729578957762
便所	0.07344516150509135
便秘	0.27652326415110595
係り	0.09481729578957762
係る	0.6500346300774044
係わっ	0.05193357174559127
係わら	0.10386714349118253
係わり	0.1948329364783868
係わる	0.1161269967375045
係員	0.12721075129692008
係数	1.410198103559792
係留	0.29983861627295866
促し	0.12721075129692008
促す	0.35729894772871246
促進	0.6214522328050593
保た	0.22835028699110468
保ち	0.2243786746835586
保っ	0.2579309304799971
保つ	0.44674947643487084
保全	0.308094486302171
保冷	0.19887413575110632
保存	2.878291832541505
保守	0.2812504999844426
保安	0.3557568692047958
保形	0.1540472431510855
保持	2.4727661679216384
保有	0.23855506061168047
保水	0.19213066841614024
保温	0.9983402381667715
保湿	0.33671844226714864
保留	0.9426438235248265
保税	0.22964007162151076
保管	0.2812504999844426
保証	0.27805889375327486
保護	0.7336235711753485
保険	0.33922867012512026
保障	1.42024540675484
信号	6.426845732837066
信念	0.4505863575422368
信用	0.8020982872633864
信託	0.04240358376564003
信頼	0.4386260811102694
修了	0.04240358376564003
修得	0.04240358376564003
修復	0.051349081050361844
修正	0.8295697924533175
修理	0.4871401556272042
修飾	0.08893921730119896
俯仰	0.2994140214491724
俯瞰	0.10269816210072369
俯角	0.07261856683681703
倉庫	0.30870274951317084
個々	0.7245927570170282
個人	0.10269816210072369
個体	0.37449831169343445
個個	0.04240358376564003
個別	0.08893921730119896
個室	0.10386714349118253
個所	0.5363676226126481
個数	0.53804116060327
個有	0.26818381130632407
倍し	0.04240358376564003
倍する	17.467303608502274
倍加	0.12577904733420342
倍増	0.04240358376564003
倍数	0.32879454544347575
倍率	0.2618299662808526
倍速	0.08893921730119896
倍量	0.13409190565316204
倒し	0.1121893373417793
倒す	0.09481729578957762
倒れ	0.12721075129692008
倒れる	7.630385307621593
倒伏	0.10269816210072369
倒壊	0.05996772325459172
倒立	0.1851417446750359
候補	1.1314687394324208
倚部	0.04240358376564003
借り	0.08480716753128006
借り受け	1.4880553636945153
借り受ける	1.4980553636945153
借方	0.217855700510451
倣い	0.19431763234344604
倣う	0.10386714349118253
倣っ	0.12721075129692008
倣わ	0.05996772325459172
値幅	0.18963459157915524
値引	0.09481729578957762
値引き	0.4055142989915278
値段	0.07344516150509135
倦縮	0.05996772325459172
偏し	0.07344516150509135
偏っ	0.13409190565316204
偏ら	0.08480716753128006
偏り	0.13409190565316204
偏位	0.12577904733420342
偏倚	0.07261856683681703
偏光	0.1540472431510855
偏向	0.17030563517359884
偏在	0.19431763234344604
偏差	0.6246885323567747
偏平	0.31731936484478923
偏心	0.4564006155261118
偏波	0.3444883430062575
偏流	0.051349081050361844
偏移	0.8938280717168929
偏角	0.14523713367363406
停め	0.08480716753128006
停める	0.09480716753128006
停止	1.4496455826853525
停泊	0.16238005187573473
停滞	0.217855700510451
停留	0.5717991670725502
停車	0.08893921730119896
停電	0.3816322538907603
健全	0.724468857676237
健常	0.10386714349118253
健康	1.7583844394118078
側側	0.10386714349118253
側圧	0.22835028699110468
側壁	0.428686223052972
側室	0.2398708930183669
側扉	0.16961433506256013
側方	0.9114304851552743
側板	0.22974100012182852
側柱	0.05996772325459172
側根	0.04240358376564003
側湾	0.08480716753128006
側溝	0.5512465889533205
側端	0.2669063961047504
側管	0.07344516150509135
側索	0.05996772325459172
側線	0.13409190565316204
側縁	0.7944308872240223
側臥	0.08480716753128006
側転	0.15288829553044753
側辺	0.36722580752545675
側近	0.18963459157915524
側部	0.07261856683681703
側鎖	0.2297400944035815
側面	0.3557568692047958
側頭	0.04240358376564003
偵用	0.04240358376564003
偶力	0.05996772325459172
偶数	0.2994140214491724
偶然	0.3842613368322805
偽色	0.04240358376564003
偽薬	0.05996772325459172
偽装	0.05996772325459172
偽造	0.281273554234067
傍ら	0.08480716753128006
傍受	0.08480716753128006
傘立て	0.31870274951317085
傘骨	0.04240358376564003
備え	4.920825820841121
備える	4.930825820841121
備えろ	4.930825820841121
備え付け	4.930825820841121
備え持つ	4.930825820841121
備わっ	0.18724915584671722
備わり	0.1948329364783868
備わる	0.18724915584671722
備蓄	0.21621670106726473
備長	0.05996772325459172
債務	0.051349081050361844
債権	0.1468903230101827
傷害	0.08893921730119896
傾い	0.3144733937701738
傾き	0.77263006682909
傾き角	0.78263006682909
傾く	0.22033548451527404
傾け	0.2715154149637838
傾ける	0.2815154149637838
傾むけ	0.06996772325459172
傾倒	0.30870274951317084
傾動	0.44674947643487084
傾向	0.3932346586843407
傾斜	0.3406112703471977
僅か	0.2907043241164011
僅少	0.04240358376564003
働い	0.08480716753128006
働か	0.11993544650918345
働かさ	0.2781838113063241
働かす	0.12993544650918346
働き	0.1468903230101827
働く	0.27805889375327486
像側	0.2508629846468741
像内	0.05996772325459172
像面	0.21795572329252175
像高	0.051349081050361844
儀式	0.05996772325459172
優しく	0.15063677711703352
優る	0.05996772325459172
優れ	0.48902198401561
優れる	7.630385307621593
優位	0.1406367771170335
優先	0.051349081050361844
優勢	0.09162813286160648
元々	0.12721075129692008
元号	0.04240358376564003
元帳	0.04240358376564003
元来	0.17990316976377518
元素	1.7307001905812833
充し	0.08480716753128006
充たさ	0.20773428698236507
充たす	0.08995158488188759
充てん	0.1374033155341651
充分	2.0570837304314336
充塞	0.051349081050361844
充填	0.366705787192605
充実	0.04240358376564003
充当	0.45350280454248254
充満	0.15288829553044753
充足	0.5361001451166681
充電	0.6140457001188739
先ず	0.2508629846468741
先だっ	0.12993544650918346
先だって	0.34922867012512027
先だつ	0.05193357174559127
先づ	0.10386714349118253
先付け	1.6745769717310857
先先	0.05996772325459172
先入れ	0.676424629867402
先出し	1.1165629340039962
先制	0.12407962189524666
先取	0.051349081050361844
先回	0.04240358376564003
先太	0.08480716753128006
先導	0.2508629846468741
先後	0.07344516150509135
先方	0.19889043756735092
先着	0.1779671788035514
先立ち	0.28915388999957925
先立っ	0.3365680120253379
先立つ	0.14409190565316204
先端	0.07261856683681703
先細	0.2243786746835586
先細り	0.2698547546456628
先細る	0.2343786746835586
先行	0.3520315637292793
先読み	0.8311418687191752
先鋭	0.11993544650918345
先頭	0.33922867012512026
先駆	0.16961433506256013
光り	0.04240358376564003
光一	0.04240358376564003
光体	0.12721075129692008
光力	0.04240358376564003
光子	0.4010491436316932
光学	0.3368184650492193
光度	0.7703371442557456
光弾	0.04240358376564003
光彩	0.38081497719944607
光成	0.07344516150509135
光景	0.10269816210072369
光束	0.918560286486043
光栄	0.05996772325459172
光沢	0.5279203604771234
光法	0.05996772325459172
光波	0.366705787192605
光源	1.9349816374057955
光点	0.1358568985109568
光熱	0.15865968242239462
光生	0.1851417446750359
光用	0.04240358376564003
光線	0.18524267317535373
光色	0.17030563517359884
光起	0.11993544650918345
光路	0.6351530548471325
光軸	0.051349081050361844
光輝	0.07344516150509135
光量	0.11482003581075538
光電	0.23531105077970568
克服	1.227017424168539
免疫	0.871422802041804
免震	0.07261856683681703
入っ	0.29983861627295866
入つ	0.09481729578957762
入ら	0.08480716753128006
入り	0.7258324375761307
入りこま	0.7358324375761307
入りこむ	0.7358324375761307
入り口	0.7358324375761307
入り込ま	0.7358324375761307
入り込み	0.7358324375761307
入り込む	0.7358324375761307
入り込ん	0.7358324375761307
入る	0.47027849375542047
入れ	0.666424629867402
入れかえ	0.676424629867402
入れかえる	0.686424629867402
入れもの	2.4506937034929335
入れる	7.630385307621593
入れろ	0.676424629867402
入れ口	0.676424629867402
入れ子	0.676424629867402
入れ換え	0.676424629867402
入れ換える	0.686424629867402
入れ替え	0.676424629867402
入れ替える	0.686424629867402
入れ替わっ	0.676424629867402
入れ替わる	0.676424629867402
入れ綿	0.676424629867402
入れ込ま	0.676424629867402
入会	0.3521324922295971
入信	0.04240358376564003
入光	0.2949780129359624
入出	0.07261856683681703
入出力	0.6928802678798819
入出庫	0.5944068972743641
入出金	0.30983861627295867
入力	3.3835296591358803
入口	0.4314927075441994
入場	0.08480716753128006
入子	1.310256505493402
入定	0.04240358376564003
入室	0.19213066841614024
入射	0.3109207920092393
入庫	0.48347524145715526
入手	0.5286711465740901
入替	0.13409190565316204
入札	0.12721075129692008
入水	0.07261856683681703
入浴	0.15288829553044753
入湯	0.07344516150509135
入用	0.05996772325459172
入線	0.17990316976377518
入荷	0.07344516150509135
入賞	0.18483293647838678
入退室	0.2596678587279564
入退院	0.1374033155341651
入部	0.20773428698236507
入金	0.2937806460203654
入院	0.051349081050361844
入隅	0.16961433506256013
全く	0.18963459157915524
全て	1.0386714349118256
全体	0.7988042352049871
全備	0.04240358376564003
全党	0.7243679291759192
全円	0.07344516150509135
全周	0.11482003581075538
全員	0.04240358376564003
全圧	0.07344516150509135
全域	0.17030563517359884
全室	0.15865968242239462
全層	0.18963459157915524
全巻	0.04240358376564003
全幅	0.3418686217701579
全数	0.1468903230101827
全文	0.4951926045476108
全波	0.17030563517359884
全相	0.04240358376564003
全科	0.10269816210072369
全般	0.10386714349118253
全船	0.04240358376564003
全血	0.10269816210072369
全角	0.10269816210072369
全身	0.49784781180935517
全部	1.7913397577735326
全量	0.19887413575110632
全長	0.5951626596867626
全開	0.10269816210072369
全面	1.6841938481112853
全高	0.07344516150509135
八方	0.21171768494904414
八角	0.1358568985109568
公共	1.7345047680250618
公報	0.04240358376564003
公定	0.08480716753128006
公差	0.22382545514220661
公序	0.04240358376564003
公式	0.6734368845342973
公昭	0.04240358376564003
公知	0.20539632420144738
公称	0.051349081050361844
公約	0.05996772325459172
公職	0.05996772325459172
公衆	0.13409190565316204
公表	0.04240358376564003
公費	0.13409190565316204
公転	0.37208993744129004
公開	0.24626154159446512
六方	0.1468903230101827
六角	0.1851417446750359
共々	0.05996772325459172
共働	0.20336044372468792
共助	0.04240358376564003
共同	1.922678556299184
共存	0.4871401556272042
共役	0.4816121314770683
共振	0.4898390137067619
共晶	0.2904742673472681
共有	0.8327421550518946
共析	0.051349081050361844
共沸	0.10269816210072369
共用	0.8499785327714793
共締め	0.6530821881525095
共起	0.11993544650918345
共通	0.10269816210072369
共鳴	0.5844930658889236
其の	0.08480716753128006
具え	0.701904205024079
具える	0.711904205024079
具へ	0.04240358376564003
具体	2.7465758982438984
具備	0.7651850047214163
具合	0.33922867012512026
具有	15.5082351117575
具現	0.07344516150509135
典型	0.6753917126941795
兼ね	0.19889043756735092
兼ねそなえ	0.2590646604957294
兼ねる	0.3028221585760398
兼ね備え	4.930825820841121
兼備	0.04240358376564003
兼務	0.04240358376564003
兼用	0.11482003581075538
冂字	0.07344516150509135
内がわ	0.15689032301018271
内のり	0.12993544650918346
内また	5.396423614172346
内争	0.051349081050361844
内側	2.0898557970290876
内円	0.04240358376564003
内分	0.04240358376564003
内包	0.38398078223514176
内向	0.35212030793043275
内向き	0.8779797122485545
内周	0.19213066841614024
内因	0.1540472431510855
内圧	0.48347524145715526
内在	0.5083299678577193
内域	0.07261856683681703
内壁	1.122655799261087
内外	0.6965328240275973
内外装	0.7065328240275973
内孔	0.34826641201379865
内室	0.2669185804039148
内容	3.277553247118772
内層	0.4586648865913426
内底	0.2508629846468741
内張	0.05996772325459172
内張り	0.34656801202533793
内径	0.47062210155941137
内心	0.9441413916606918
内接	0.08893921730119896
内方	0.9143848866964543
内板	0.12577904733420342
内槽	0.2715154149637838
内殻	0.08480716753128006
内気	0.2715154149637838
内水	0.09481729578957762
内湯	0.04240358376564003
内燃	0.20539632420144738
内環	0.10386714349118253
内用	0.15414817165140335
内的	0.04240358376564003
内皮	0.1851417446750359
内相	0.11993544650918345
内祝	0.05996772325459172
内積	0.1748344547704601
内空	0.051349081050361844
内筒	0.5530465283022119
内箱	0.2579309304799971
内縁	0.22835028699110468
内耳	0.1090287787555433
内股	0.04240358376564003
内腔	0.4049568005590514
内膜	0.04240358376564003
内臓	0.04240358376564003
内航	0.04240358376564003
内蓋	0.20336044372468792
内蔵	0.7368957203588813
内袋	0.19887413575110632
内袖	0.07344516150509135
内装	0.217855700510451
内製	0.09481729578957762
内視	0.6402800737854337
内角	0.21191863623143267
内記	0.04240358376564003
内転	0.08480716753128006
内輪	0.6130214991984025
内通	0.04240358376564003
内部	2.7742763734076394
内金	0.04240358376564003
内間	0.04240358376564003
内障	0.18963459157915524
内面	0.23531105077970568
円すい	0.32845674748767006
円上	0.19431763234344604
円内	0.04240358376564003
円周	0.8854128231790906
円型	0.05996772325459172
円孔	0.13409190565316204
円弧	0.9917363370093882
円形	1.048149346600787
円心	0.08480716753128006
円板	0.6332205408116766
円柱	0.5544988094351604
円滑	0.18963459157915524
円状	0.30870274951317084
円環	0.42825520364533154
円盤	0.38398078223514176
円筒	1.689238714617101
円管	0.232253993475009
円輪	0.09481729578957762
円錐	0.8067832036262366
円頭	0.05996772325459172
冊子	0.051349081050361844
再び	0.5751901951313284
再入	0.11993544650918345
再帰	0.35223062078091094
再度	0.4265375019918499
再現	0.15288829553044753
再生	0.9128012310522235
再発	0.05996772325459172
再編	0.1121893373417793
再調	0.05996772325459172
再送	0.05996772325459172
再開	0.4908569697648524
冒さ	0.04240358376564003
冒頭	0.05996772325459172
冗長	0.477864120178054
写し	0.1468903230101827
写しとっ	0.2815154149637838
写しとり	0.27139324554097943
写し出さ	0.5258618609599942
写し込み	0.32731936484478924
写し込む	0.2644215025938402
写っ	0.1748344547704601
写り	0.07344516150509135
写る	0.10386714349118253
写像	0.2243786746835586
写真	0.22964007162151076
冠さ	0.04240358376564003
冠し	0.05996772325459172
冠詞	0.04240358376564003
冬季	0.4621417294532566
冬至	0.07261856683681703
冶具	0.051349081050361844
冶金	0.44172149735894733
冷し	0.05996772325459172
冷たい	0.2975950975656642
冷やさ	0.08995158488188759
冷やす	0.16865968242239462
冷凍	0.16284316749198957
冷却	1.6083004353500046
冷媒	0.4564006155261118
冷帯	0.05996772325459172
冷延	0.1121893373417793
冷感	0.05996772325459172
冷態	0.1121893373417793
冷房	0.07261856683681703
冷暖	0.23531105077970568
冷暖房	0.3365680120253379
冷気	0.5767510940530459
冷水	0.41059182070015043
冷温	0.22033548451527404
冷熱	0.051349081050361844
冷菓	0.20773428698236507
冷蔵	0.7644414776522376
冷間	0.3932346586843407
冷風	0.09162813286160648
凍り	0.10386714349118253
凍結	0.4261507427344633
凝固	0.40757069553287034
凝析	0.10386714349118253
凝結	0.22033548451527404
凝縮	1.1558380032314435
凝集	0.10269816210072369
凡そ	0.05996772325459172
処分	0.20773428698236507
処方	0.2398708930183669
処理	5.121362938238873
処置	0.5296205914826817
凸凹	0.10269816210072369
凸型	0.1468903230101827
凸状	0.16238005187573473
凸起	0.8874046621512367
凸部	0.4421846129752022
凸面	0.3702834893500718
凹ま	0.1121893373417793
凹まさ	0.1221893373417793
凹み	0.41546857396473014
凹む	0.2715154149637838
凹ん	0.2748066310683302
凹凸	0.47341513558494674
凹型	0.12577904733420342
凹字	0.08480716753128006
凹状	0.14523713367363406
凹部	0.5899560258719247
凹面	0.42961723514096134
出さ	0.5158618609599942
出し	1.1065629340039962
出し入れ	1.1165629340039962
出す	0.3622963785085141
出せ	0.08480716753128006
出せる	4.981356809539207
出だし	0.10481729578957762
出っ張り	0.34656801202533793
出で	0.04240358376564003
出る	0.3909417256758612
出会い	0.07344516150509135
出会う	0.08995158488188759
出会っ	0.07344516150509135
出光	0.30065690225024316
出入	0.3165369942664396
出入り	0.7358324375761307
出入口	0.979750864088811
出力	0.24084853901106779
出動	0.10386714349118253
出口	1.9233641254264437
出庫	0.3816322538907603
出張	0.05996772325459172
出張ら	0.17422837374383504
出来	2.014880933315198
出来る	2.0248809333151976
出来上がる	2.0248809333151976
出板	0.051349081050361844
出水	0.6835574354205658
出没	0.12577904733420342
出湯	0.32845674748767006
出版	1.34295273085324
出物	0.11993544650918345
出玉	0.05996772325459172
出現	0.11492005859282614
出生	1.051089474905095
出産	0.08480716753128006
出用	0.08480716753128006
出発	0.36966587295677356
出目	0.04240358376564003
出窓	0.11993544650918345
出端	0.10269816210072369
出納	0.08480716753128006
出芽	0.14523713367363406
出荷	0.22835028699110468
出血	0.5741001790537771
出退	0.16422837374383503
出金	0.29983861627295866
出隅	0.20336044372468792
出面	0.25674540525180933
出願	0.04240358376564003
刃先	0.41111799780591846
刃物	0.24725325710649015
刃部	0.24626154159446512
刃長	0.08480716753128006
分かち書き	0.2535900433794421
分かれ	0.17990316976377518
分け	0.5430308299275676
分ける	0.5530308299275676
分け洗い	0.5530308299275676
分け隔て	0.5530308299275676
分れ	0.09481729578957762
分位	0.051349081050361844
分光	0.14028829835156081
分別	4.3492380489681555
分割	1.0758827290883524
分力	0.11482003581075538
分化	0.37382695276020617
分厚い	0.33014003689271687
分取	0.3028221585760398
分周	0.2748066310683302
分圧	0.32570810713583626
分子	1.8190914755776768
分岐	1.399318264266121
分布	1.8190914755776768
分担	0.32476010375146946
分散	0.5827334662040577
分数	1.0685051604939968
分断	0.366705787192605
分析	2.6755778550820857
分枝	0.22964007162151076
分極	0.30577659106089505
分母	0.1358568985109568
分水	0.1406367771170335
分泌	0.3773371420026102
分注	0.051349081050361844
分流	0.7431020701027398
分球	0.04240358376564003
分画	0.12721075129692008
分留	0.12721075129692008
分相	0.1778784346023979
分納	0.08480716753128006
分線	0.10386714349118253
分繊	0.10386714349118253
分行	0.4564006155261118
分裂	0.6372253378565239
分解	0.8699085996779621
分設	0.07261856683681703
分路	0.12396764788717886
分身	0.051349081050361844
分部	0.217855700510451
分配	2.70107880690122
分野	0.07261856683681703
分量	0.8327421550518946
分針	0.04240358376564003
分銅	0.09481729578957762
分間	0.38398078223514176
分離	0.4265375019918499
分電	0.05996772325459172
分類	0.24084853901106779
切っ	0.07344516150509135
切つ	0.1406367771170335
切に	0.05996772325459172
切ら	0.13409190565316204
切り	0.45274638203230316
切りこん	0.46274638203230317
切り上がり	0.46274638203230317
切り出さ	0.5258618609599942
切り出し	1.1165629340039962
切り出す	0.46274638203230317
切り割り	0.46274638203230317
切り取っ	0.46274638203230317
切り取ら	0.46274638203230317
切り取り	0.6126681599904457
切り取る	0.46274638203230317
切り口	0.46274638203230317
切り器	0.46274638203230317
切り変え	0.46274638203230317
切り屑	0.46274638203230317
切り抜い	0.46274638203230317
切り抜か	0.46274638203230317
切り抜き	0.5099308795699475
切り抜く	0.46274638203230317
切り抜け	0.46274638203230317
切り抜ける	0.4727463820323032
切り捨て	0.46274638203230317
切り捨てる	0.4727463820323032
切り換え	0.8395481255642842
切り換える	0.8818518264104088
切り換わっ	0.46274638203230317
切り換わり	0.46274638203230317
切り換わる	0.46274638203230317
切り整える	0.46274638203230317
切り替え	1.2578935750806952
切り替える	1.3740331553416507
切り替わっ	0.46274638203230317
切り替わり	0.46274638203230317
切り替わる	0.46274638203230317
切り欠い	0.46274638203230317
切り欠か	0.46274638203230317
切り欠き	0.7095476703700057
切り欠く	0.46274638203230317
切り目	0.46274638203230317
切り籠	0.46274638203230317
切り紙	0.46274638203230317
切り落とし	0.46274638203230317
切り起こさ	0.46274638203230317
切り起こし	0.46274638203230317
切り起こす	0.46274638203230317
切り込ま	0.46274638203230317
切り込み	0.6174054990263417
切り込む	0.46274638203230317
切り込ん	0.46274638203230317
切り開き	0.569341685746306
切り離さ	0.46274638203230317
切り離し	0.46274638203230317
切り離す	0.46274638203230317
切る	0.10386714349118253
切れ	0.1406367771170335
切れる	7.630385307621593
切れ刃	0.5966713127020528
切れ目	0.2983356563510264
切れ端	0.15063677711703352
切れ込み	0.32731936484478924
切出さ	0.5258618609599942
切出し	1.1165629340039962
切出す	0.3722963785085141
切削	0.533635303807194
切創	0.22033548451527404
切取	0.051349081050361844
切取り	0.6126681599904457
切口	0.3876770603335305
切妻	0.05996772325459172
切実	0.1468903230101827
切屑	0.11482003581075538
切抜	0.04240358376564003
切抜き	0.5099308795699475
切換	3.044814409947833
切換え	3.054814409947833
切換える	3.0648144099478327
切断	0.5921864913921222
切替	1.2398970313397204
切替え	1.2498970313397204
切替える	1.2598970313397204
切替る	1.2498970313397204
切替わる	1.2498970313397204
切替ん	1.2498970313397204
切欠	1.0404011137701314
切片	0.9214263161852687
切目	0.1468903230101827
切端	0.07344516150509135
切粉	0.10386714349118253
切線	0.08480716753128006
切羽	0.22835028699110468
切落し	0.2383502869911047
切込	0.26818381130632407
切込み	0.5397095092913256
切込ん	0.2781838113063241
切返し	0.22201791882820016
切迫	0.2613932455409794
切開	0.13409190565316204
切除	0.41716190649590423
切離	0.17990316976377518
切離さ	0.1899031697637752
切離し	0.2975950975656642
切離す	0.1899031697637752
刈り取り	0.6126681599904457
刈り揃え	0.2848066310683302
刈り込み	0.32731936484478924
刈取	0.04240358376564003
刈払	0.04240358376564003
列し	0.04240358376564003
列挙	0.2875950975656642
列数	0.1358568985109568
列状	0.10269816210072369
列線	0.14523713367363406
列車	0.07261856683681703
初め	0.16961433506256013
初めて	0.17961433506256014
初動	0.04240358376564003
初回	0.13409190565316204
初層	0.04240358376564003
初期	0.533635303807194
初段	0.22033548451527404
初見	0.11993544650918345
判別	0.1358568985109568
判型	0.07344516150509135
判定	1.520661226367163
判断	3.1794992734963086
判明	0.051349081050361844
判読	0.05996772325459172
別々	0.4022757169594861
別個	0.5496132621366604
別名	0.04240358376564003
別室	0.09481729578957762
別棟	0.05996772325459172
別異	0.07344516150509135
別種	0.04240358376564003
別箇	0.04240358376564003
別紙	0.05996772325459172
別置	0.05996772325459172
別途	0.23609316254660823
利き手	0.05193357174559127
利尿	0.07261856683681703
利得	0.15288829553044753
利活用	0.07344516150509135
利点	0.04240358376564003
利用	4.152613867872472
利益	1.5768432457310975
到つ	0.05996772325459172
到る	0.1468903230101827
到来	0.6392909035259908
到着	0.48347524145715526
到達	0.787611611823067
刳り抜き	0.5099308795699475
制す	0.05996772325459172
制作	3.434340467918779
制動	0.051349081050361844
制帽	0.051349081050361844
制度	1.7473783701367764
制御	6.744169691179744
制振	0.4945065142129803
制止	0.6097365542470329
制汗	0.08480716753128006
制約	0.33922867012512026
制裁	0.692736976563563
制限	1.3582391460969094
制電	0.31160143047354766
制震	0.45274638203230316
刷毛	0.308094486302171
刷版	0.232253993475009
券面	0.2937806460203654
刺さっ	0.08344516150509135
刺さる	0.15689032301018271
刺し	0.12721075129692008
刺しゅう	0.1372107512969201
刺しゆう	0.1468903230101827
刺し通し	1.5726166510562933
刺入	0.08893921730119896
刺激	0.8744433407418816
刺繍	0.6430821881525095
刻々	0.04240358376564003
刻さ	0.11993544650918345
刻し	0.04240358376564003
刻する	17.467303608502274
刻ま	0.1406367771170335
刻み	0.16422837374383503
刻み付け	1.6745769717310857
刻み目	0.17422837374383504
刻む	0.05996772325459172
刻印	0.17040565795566956
刻字	0.08893921730119896
剃る	0.04240358376564003
則っ	0.05996772325459172
削ぎ	0.05996772325459172
削っ	0.05996772325459172
削ら	0.13409190565316204
削り	0.07344516150509135
削り出さ	0.5258618609599942
削り出す	0.3722963785085141
削り取っ	0.16865968242239462
削り取る	0.2679309304799971
削り工	0.08344516150509135
削り落す	0.08344516150509135
削る	0.04240358376564003
削れる	7.630385307621593
削塩	0.05996772325459172
削孔	0.22857813793524487
削工	0.08480716753128006
削度	0.04240358376564003
削成	0.04240358376564003
削歯	0.04240358376564003
削減	0.051349081050361844
削用	0.04240358376564003
削設	0.12721075129692008
削除	0.6637210705270433
前上がり	0.21773428698236508
前下り	0.6530821881525095
前件	0.04240358376564003
前倒し	0.1221893373417793
前側	0.07261856683681703
前傾	0.16422837374383503
前兆	0.11482003581075538
前出	0.10386714349118253
前半	0.08893921730119896
前合わせ	1.3062602862313335
前向	0.3876770603335305
前向き	0.8779797122485545
前回	0.5158618609599942
前壁	0.22964007162151076
前室	0.051349081050361844
前寄り	0.5960291869765562
前川	0.04240358376564003
前席	0.08480716753128006
前後	0.12635504267677308
前後編	0.1374033155341651
前掲	0.22033548451527404
前提	1.0410068488048172
前方	0.7387846247833952
前景	1.3527340161884527
前書	0.04240358376564003
前期	0.4203103429086824
前板	0.2812504999844426
前枠	0.16422837374383503
前歯	0.11993544650918345
前段	0.33671844226714864
前突	0.05996772325459172
前立	0.30870274951317084
前端	1.271343517878349
前線	0.04240358376564003
前縁	0.46062082248636865
前置	0.3910629504741717
前者	0.366705787192605
前脇	0.05996772325459172
前脚	0.07261856683681703
前腕	0.08480716753128006
前蓋	0.08480716753128006
前言	0.07261856683681703
前記	23.58291236719261
前説	0.04240358376564003
前転	0.05996772325459172
前輪	0.4664394214220403
前述	1.73460569652538
前進	0.701904205024079
前部	0.6184248387840743
前金	0.05996772325459172
前面	0.7476539055204123
前項	0.10386714349118253
前駆	0.740546753710894
剐度	0.07344516150509135
剛体	0.2844518873687329
剛性	0.22382545514220661
剛直	0.08893921730119896
剛軟	0.10386714349118253
剝離	0.07261856683681703
剣先	0.04240358376564003
剣山	0.05996772325459172
剣突	0.05996772325459172
剤型	0.04240358376564003
剤形	0.05996772325459172
剥い	0.05996772325459172
剥がし	0.17224417150312876
剥がす	0.10386714349118253
剥がれ	0.07344516150509135
剥ぎ	0.05996772325459172
剥ぎ取っ	0.16865968242239462
剥ぎ取ら	0.15063677711703352
剥ぎ取り	0.6126681599904457
剥ぎ取る	0.2679309304799971
剥ぐ	0.05996772325459172
剥す	0.05996772325459172
剥落	0.20539632420144738
剥離	1.1170749114637468
剪断	0.1851417446750359
剪毛	0.08893921730119896
副体	0.22964007162151076
副室	0.16422837374383503
副次	0.09481729578957762
副生	0.05996772325459172
副腎	0.11993544650918345
剰余	0.1121893373417793
割け	0.04240358376564003
割っ	0.19889043756735092
割り	0.18963459157915524
割り付け	1.6745769717310857
割り付ける	1.6845769717310857
割り出さ	0.5258618609599942
割り出し	1.1165629340039962
割り出す	0.3722963785085141
割り増し	0.19963459157915525
割り当	0.19963459157915525
割り当て	1.1918349272336435
割り当てる	1.2018349272336435
割り振っ	0.19963459157915525
割り振ら	0.2243786746835586
割り振り	0.41003460917662976
割り振る	0.19963459157915525
割り算	0.19963459157915525
割り込み	0.6863619642990486
割る	0.09481729578957762
割れ	0.232253993475009
割れる	7.630385307621593
割れ目	0.242253993475009
割付	0.2907043241164011
割付け	1.6745769717310857
割出	0.10386714349118253
割出し	1.1165629340039962
割合	1.1122355750130994
割合い	1.1222355750130995
割引	0.2844518873687329
割引く	0.2944518873687329
割当	0.47027849375542047
割当て	0.4802784937554205
割当てる	0.4902784937554205
割振る	0.08344516150509135
割竹	0.16961433506256013
割算	0.16422837374383503
割線	0.04240358376564003
割込み	0.32432505160089714
割込む	0.2644215025938402
割面	0.05996772325459172
創り出す	0.3722963785085141
創る	0.04240358376564003
創作	1.4646892496791395
創傷	0.07344516150509135
創出	0.04240358376564003
創成	0.1468903230101827
創生	0.08480716753128006
創薬	0.08480716753128006
劃定	0.07344516150509135
力学	0.67147636542662
力水	0.10386714349118253
力源	0.12721075129692008
力演	0.04240358376564003
力点	0.07344516150509135
力線	0.07344516150509135
力行	0.051349081050361844
力車	0.04240358376564003
力量	1.3030935930766872
加え	0.964157168027967
加える	0.974157168027967
加え合わせ	1.3062602862313335
加わっ	0.2596678587279564
加わり	0.1948329364783868
加わる	0.41220994660249527
加入	1.8656031476890644
加勢	0.04240358376564003
加味	0.051349081050361844
加圧	1.5057750822383567
加工	2.2441369651179417
加成	0.17030563517359884
加振	0.3028221585760398
加水	0.5057297975179169
加法	0.22382545514220661
加減	0.051349081050361844
加減速	0.3325371119806533
加温	0.2717137970219136
加湿	0.5601523425294936
加熱	0.22095519789857562
加硫	0.5313153817071694
加筆	0.08480716753128006
加算	0.7702993524182561
加藤	0.05996772325459172
加速	1.1354999132480956
加重	0.4265375019918499
加飾	0.3768912964999357
劣る	0.09481729578957762
劣化	0.25674540525180933
劣後	0.04240358376564003
助け	0.15288829553044753
助ける	0.2535900433794421
助剤	0.32014003689271686
助力	0.4265375019918499
助勢	0.04240358376564003
助成	0.07344516150509135
助手	0.40757069553287034
助燃	0.11482003581075538
助走	0.2715154149637838
助長	0.1121893373417793
努力	1.865604761096506
励振	0.232253993475009
励磁	0.1753167289375407
励起	0.6317991685572738
労力	0.04240358376564003
効か	0.04240358376564003
効き	0.04240358376564003
効果	0.9386433395721342
効率	0.5951626596867626
効用	0.10386714349118253
勉強	0.05996772325459172
動い	0.23609316254660823
動か	0.07344516150509135
動かさ	0.2844518873687329
動かし	0.37449831169343445
動かす	0.5219259366037505
動かせる	4.981356809539207
動き	0.8459488392541957
動き回ら	0.8559488392541957
動き回る	0.8559488392541957
動き量	0.8559488392541957
動く	0.36722580752545675
動ける	0.2535900433794421
動ずる	0.08344516150509135
動体	0.5890894124160971
動作	0.4898390137067619
動力	0.7599857499282072
動向	0.22835028699110468
動弁	0.6527948744683947
動態	0.6753917126941795
動揺	0.1406367771170335
動植物	1.3470496133494356
動機	0.05996772325459172
動点	0.10386714349118253
動物	0.1358568985109568
動産	0.2398708930183669
動画	0.659644955800509
動的	0.5430308299275676
動端	0.1468903230101827
動線	0.3418686217701579
動翼	0.5512465889533205
動脈	0.386315033414545
動輪	0.2243786746835586
勘合	0.05996772325459172
勘定	0.07261856683681703
勘案	0.04240358376564003
勝っ	0.04240358376564003
勝れ	0.07344516150509135
勝手	0.13409190565316204
勝手口	0.17224417150312876
勝者	0.05996772325459172
募集	0.17030563517359884
勢い	0.05996772325459172
勢力	0.5704818742315191
勣値	0.04240358376564003
勤務	0.08480716753128006
勧め	0.07344516150509135
勧める	0.08344516150509135
勾配	0.6541706291544866
勿論	0.04240358376564003
包ま	0.07344516150509135
包み	0.15288829553044753
包み込ま	0.3037806460203654
包み込み	0.32731936484478924
包み込む	0.2644215025938402
包み込ん	0.20431763234344605
包む	0.12721075129692008
包ん	0.09481729578957762
包含	3.407273680397177
包囲	0.6115531821217901
包埋	0.16238005187573473
包容	0.2904742673472681
包帯	0.09481729578957762
包括	11.810623522146654
包摂	0.04240358376564003
包絡	0.2844518873687329
包装	1.2939560885884267
化す	0.05996772325459172
化体	0.07344516150509135
化合	0.9569914173230697
化学	1.3595390452011145
化工	0.8437514999533274
化成	0.25674540525180933
化物	0.18720597956131863
化石	0.4043230685138198
化粧	0.051349081050361844
化繊	0.10386714349118253
北側	0.09481729578957762
北東	0.04240358376564003
匹敵	0.04240358376564003
区々	0.04240358376564003
区分	1.0372893394981217
区分け	1.0472893394981218
区切	0.05996772325459172
区切っ	0.08995158488188759
区切ら	0.16422837374383503
区切り	0.46274638203230317
区切る	0.2490646604957294
区別	0.36476942004032376
区劃	0.05996772325459172
区域	4.326837290806042
区画	1.1835082554406446
区間	0.9376850510736316
区隔	0.08893921730119896
医学	0.8576987506088251
医用	0.679284492554784
医療	0.6174054990263417
医科	0.3635446712194227
医薬	0.6115531821217901
十分	1.4873516385297907
十字	0.279826290485289
千鳥	0.31160143047354766
升目	0.09481729578957762
半々	0.04240358376564003
半値	0.19889043756735092
半側	0.05996772325459172
半円	0.3444883430062575
半分	0.5262146359520289
半切	0.04240358376564003
半周	0.11492096431107317
半径	0.692736976563563
半成	0.04240358376564003
半数	0.3165369942664396
半時	0.04240358376564003
半月	0.23531105077970568
半減	0.04240358376564003
半濁	0.04240358376564003
半焼	0.07344516150509135
半球	0.266817651903597
半田	0.32845674748767006
半端	0.07344516150509135
半袖	0.07344516150509135
半裁	0.20336044372468792
半身	0.10269816210072369
半転	0.05996772325459172
半透	0.12577904733420342
半開	0.10386714349118253
半開き	0.569341685746306
半面	0.051349081050361844
卒中	0.051349081050361844
卓上	0.07344516150509135
卓越	0.6076705433476496
協働	0.5413727166524492
協力	0.05996772325459172
協同	0.07261856683681703
協定	0.5057297975179169
協調	0.2817145213189444
南京	1.373047926757253
単なる	5.190010407421949
単に	0.13409190565316204
単一	0.815649219323338
単位	1.6661964729784842
単体	0.2715154149637838
単作	0.05996772325459172
単価	0.40672088744937585
単列	0.09481729578957762
単品	0.07344516150509135
単座	0.05996772325459172
単数	0.32845674748767006
単斜	0.05996772325459172
単材	0.1121893373417793
単板	0.20773428698236507
単核	0.08480716753128006
単段	0.05996772325459172
単独	0.5767510940530459
単発	0.05996772325459172
単相	0.2398708930183669
単票	0.1748344547704601
単管	0.05996772325459172
単糖	0.09481729578957762
単純	0.22835028699110468
単線	0.13409190565316204
単色	0.16422837374383503
単語	0.6458721456692176
単調	0.35477383518500283
単量	0.8200462820155027
単離	0.386315033414545
占め	0.23609316254660823
占める	0.7579455265493711
占拠	0.04240358376564003
占有	0.5160518778149923
印刷	1.4855778136428328
印加	1.4454584983973544
印可	0.19431763234344604
印字	0.1540472431510855
印影	0.08480716753128006
印捺	0.12721075129692008
印画	0.20773428698236507
印象	0.6615866297794724
印鑑	0.13409190565316204
印面	0.08480716753128006
危険	0.43034937360878545
即し	0.05996772325459172
即ち	0.2937806460203654
即席	0.11482003581075538
即座	0.08480716753128006
即応	0.04240358376564003
即時	0.07261856683681703
却材	0.04240358376564003
却水	0.04240358376564003
却用	0.04240358376564003
卵型	0.09481729578957762
卵巣	0.19431763234344604
卵形	0.051349081050361844
卵殻	0.09481729578957762
卵白	0.04240358376564003
卸し	0.04240358376564003
厚い	0.32014003689271686
厚く	0.3496689095409202
厚で	0.05996772325459172
厚み	1.1274888863008554
厚情	0.04240358376564003
厚手	0.09481729578957762
厚板	0.17030563517359884
厚紙	0.22835028699110468
原則	0.1851417446750359
原動	0.43657161510339054
原因	1.992153191675544
原図	0.08480716753128006
原型	0.30075783075056095
原始	1.4155964731464397
原子	0.620453307033356
原寸	0.1121893373417793
原形	0.11482003581075538
原料	1.7345047680250618
原木	0.051349081050361844
原板	0.11482003581075538
原毛	0.04240358376564003
原水	0.30378526028278935
原油	0.6653947811692358
原液	0.21171768494904414
原点	0.3702834893500718
原版	0.2717137970219136
原理	0.9142443959550265
原画	0.14523713367363406
原発	0.04240358376564003
原盤	0.1406367771170335
原稿	0.19213066841614024
原糸	0.22835028699110468
原紙	0.5479750669513457
原綿	0.08480716753128006
原色	0.1540472431510855
厨房	0.5717991670725502
厳密	0.04240358376564003
去ら	0.04240358376564003
去る	0.04240358376564003
参加	2.1232368588919543
参照	0.44765091028441323
参画	0.04240358376564003
参考	2.077576458318953
参観	0.04240358376564003
参酌	0.04240358376564003
及び	5.7473674150825484
及ぶ	0.11993544650918345
及ぼさ	0.18724915584671722
及ぼし	0.17224417150312876
及ぼす	0.3955142989915278
及ん	0.05996772325459172
友情	0.33671844226714864
双性	0.05996772325459172
双方	1.5659365108415046
双曲	0.08480716753128006
双極	0.17990316976377518
双腕	0.04240358376564003
反し	0.1121893373417793
反する	17.467303608502274
反っ	0.04240358376564003
反ら	0.05996772325459172
反り	0.22033548451527404
反り返る	0.23033548451527405
反対	1.5603136038930467
反射	1.309149831404263
反復	0.507073111111465
反応	1.7869979057394834
反撥	0.05996772325459172
反映	1.4285753632660305
反物	0.1406367771170335
反発	0.3144733937701738
反覆	0.22964007162151076
反跳	0.16961433506256013
反身	0.08480716753128006
反転	1.029106236801587
反響	0.2435900433794421
収まっ	0.20773428698236507
収まら	0.07344516150509135
収まり	0.10386714349118253
収まる	0.4871800867588842
収め	0.19431763234344604
収める	0.20431763234344605
収入	0.11993544650918345
収受	0.07344516150509135
収容	2.1074197192156663
収差	0.3444883430062575
収支	0.1121893373417793
収斂	0.07344516150509135
収束	0.49268512123150504
収率	0.10386714349118253
収益	0.1121893373417793
収穫	0.13409190565316204
収納	2.033162301262255
収縮	1.0524292719040578
収蔵	0.07344516150509135
収録	0.08480716753128006
収集	0.8544085380922162
取っ	0.15865968242239462
取っ手	0.232253993475009
取ら	0.1406367771170335
取り	0.6026681599904457
取りつけ	0.6126681599904457
取りつける	0.6226681599904457
取りはずさ	0.6126681599904457
取りはずし	0.6126681599904457
取りまく	0.6126681599904457
取り上げ	0.6126681599904457
取り上げる	0.6226681599904457
取り付く	0.6126681599904457
取り付け	3.1338514818221097
取り付ける	3.1438514818221095
取り入れ	0.676424629867402
取り入れる	7.640385307621592
取り出さ	0.6126681599904457
取り出し	1.2038436428509887
取り出す	0.7561642185014766
取り出せる	4.991356809539207
取り去る	0.6126681599904457
取り合い	0.6126681599904457
取り合う	0.6126681599904457
取り回し	0.6126681599904457
取り囲ま	0.6126681599904457
取り囲み	0.6126681599904457
取り囲む	0.6486501032017943
取り囲ん	0.6126681599904457
取り外さ	0.6126681599904457
取り外し	0.8067832036262366
取り外す	0.6126681599904457
取り外せる	4.981356809539207
取り巻い	0.6126681599904457
取り巻か	0.6126681599904457
取り巻く	0.6126681599904457
取り引き	0.6126681599904457
取り戻し	0.6303109527167043
取り戻す	0.6126681599904457
取り扱い	0.6126681599904457
取り扱う	0.6126681599904457
取り扱っ	0.6126681599904457
取り扱わ	0.6126681599904457
取り換え	0.6126681599904457
取り換える	0.6226681599904457
取り替え	0.6126681599904457
取り替える	0.6226681599904457
取り消す	0.6126681599904457
取り込ま	0.6126681599904457
取り込み	0.6126681599904457
取り込む	0.6126681599904457
取り込ん	0.6126681599904457
取り除い	0.6126681599904457
取り除か	0.6126681599904457
取り除き	0.6126681599904457
取り除く	0.6126681599904457
取る	0.2579309304799971
取れる	7.630385307621593
取上げ	0.3722963785085141
取付	2.185739194245911
取付い	2.1957391942459106
取付く	2.1957391942459106
取付け	2.1957391942459106
取付ける	2.2057391942459104
取入	0.333886152456969
取入れ	0.676424629867402
取入れる	7.640385307621592
取出	2.014980956097269
取出さ	2.0249809560972687
取出し	2.0249809560972687
取出す	2.0249809560972687
取出せる	4.991356809539207
取卸	0.07344516150509135
取卸し	0.08344516150509135
取囲み	0.2944518873687329
取囲む	0.6474656422540286
取囲ん	0.27139324554097943
取外さ	0.18724915584671722
取外し	0.44372063150204855
取外す	0.21336044372468793
取外せ	0.05193357174559127
取外せる	4.981356809539207
取巻い	0.22621670106726474
取巻く	0.1221893373417793
取引	0.666424629867402
取得	4.742631881179245
取手	0.1748344547704601
取扱	0.13409190565316204
取扱い	0.18724915584671722
取扱う	0.16865968242239462
取替	0.16422837374383503
取替え	0.17422837374383504
取材	0.27652326415110595
取次	0.07344516150509135
取水	0.22964007162151076
取消	1.1049005030969077
取消し	1.1149005030969077
取締り	0.14409190565316204
取込	0.4197740627821421
取込ま	0.4297740627821421
取込み	0.4297740627821421
取込む	0.4297740627821421
取込ん	0.4297740627821421
取鍋	0.10386714349118253
取除か	0.1161269967375045
取除き	0.2343786746835586
取除く	0.6171269247980841
受け	1.4780553636945153
受けいれる	7.640385307621592
受けつけ	1.4880553636945153
受けつける	1.4980553636945153
受けとっ	1.4880553636945153
受けとめる	1.4880553636945153
受けとり	1.4880553636945153
受けとる	1.4880553636945153
受ける	1.4880553636945153
受け付け	1.6745769717310857
受け付ける	1.6845769717310857
受け入れ	1.4880553636945153
受け入れる	7.640385307621592
受け取っ	1.4880553636945153
受け取ら	1.4880553636945153
受け取り	1.4880553636945153
受け取る	1.4880553636945153
受け取れ	1.4880553636945153
受け口	1.4880553636945153
受け止め	1.4880553636945153
受け止める	1.4980553636945153
受け渡さ	1.4880553636945153
受け渡し	1.4880553636945153
受け渡す	1.4880553636945153
受け皿	1.4880553636945153
受け軸	1.4880553636945153
受付	0.8690148702935142
受付け	1.6745769717310857
受付ける	1.6845769717310857
受信	0.1778784346023979
受像	0.30577659106089505
受光	0.17030563517359884
受入	0.2907043241164011
受入れ	0.676424629867402
受入れる	7.640385307621592
受動	0.35477383518500283
受取	0.07261856683681703
受取っ	0.16865968242239462
受取ら	0.15063677711703352
受取り	0.6126681599904457
受取る	0.2748066310683302
受口	0.16961433506256013
受台	0.232253993475009
受圧	0.5798602868999779
受容	0.796691008112861
受持	0.08480716753128006
受止める	0.7170090301369303
受水	0.051349081050361844
受注	0.15865968242239462
受液	0.10269816210072369
受渡	0.1121893373417793
受渡し	0.2535900433794421
受熱	0.27805889375327486
受理	0.4621417294532566
受用	0.051349081050361844
受発信	0.6723651527257415
受皿	0.19889043756735092
受箱	0.07344516150509135
受聴	0.04240358376564003
受託	0.05996772325459172
受診	0.17990316976377518
受話	0.04240358376564003
受軸	0.08480716753128006
受電	0.5141161305356395
受領	0.2875950975656642
叙述	0.38081497719944607
口上	0.051349081050361844
口付き	1.408675638163681
口側	0.4406709690305481
口元	0.09481729578957762
口内	0.12577904733420342
口出し	1.1165629340039962
口取	0.22033548451527404
口外	0.07261856683681703
口幅	0.04240358376564003
口座	0.4219103313511005
口径	0.34826641201379865
口数	0.08893921730119896
口枠	0.12721075129692008
口端	0.08893921730119896
口紅	0.04240358376564003
口締	0.07344516150509135
口縁	0.13409190565316204
口腔	0.550657547249116
口蓋	0.05996772325459172
口部	0.20539632420144738
口金	0.6360537564846005
口開	0.04240358376564003
古い	0.12721075129692008
古く	0.05996772325459172
古典	0.4592801432430215
古紙	0.49268512123150504
句読点	0.05193357174559127
叩い	0.07344516150509135
叩き	0.05996772325459172
叩き出さ	0.5258618609599942
叩擦	0.04240358376564003
叩解	0.22033548451527404
可倒	0.1406367771170335
可動	1.7935262323220993
可及	0.09481729578957762
可否	0.38081497719944607
可塑	1.5400150341564103
可変	1.364842194963124
可搬	0.35223062078091094
可撓	1.1971035632672773
可溶	0.5936501727189605
可燃	0.7794488784152148
可聴	0.1468903230101827
可能	2.0731297217704707
可視	0.26713961746526066
可読	0.3886352646868921
可逆	0.3165369942664396
台上	0.10269816210072369
台下	0.051349081050361844
台型	0.11993544650918345
台帳	0.04240358376564003
台座	0.08893921730119896
台形	0.44674947643487084
台所	0.1121893373417793
台数	0.10269816210072369
台本	0.07261856683681703
台板	0.22382545514220661
台枠	0.19889043756735092
台架	0.34826641201379865
台状	0.19431763234344604
台盤	0.04240358376564003
台紙	0.18963459157915524
台船	0.15288829553044753
台車	0.08893921730119896
台輪	0.04240358376564003
右上	0.051349081050361844
右下	0.13409190565316204
右側	0.0728195181192056
右傾	0.33922867012512026
右前	0.08893921730119896
右回り	0.8409371479294603
右壁	0.051349081050361844
右岸	0.05996772325459172
右左折	0.22033548451527404
右巻き	0.5851901951313284
右手	1.1390786444195462
右折	0.15865968242239462
右捻り	0.12993544650918346
右方	0.11482003581075538
右横	0.04240358376564003
右目	0.08480716753128006
右眼	0.3557568692047958
右端	0.5361001451166681
右縁	0.05996772325459172
右腕	0.05996772325459172
右舷	0.05996772325459172
右隅	0.07344516150509135
右面	0.14523713367363406
右首	0.07344516150509135
司る	0.05996772325459172
各々	1.926448525908273
各人	1.409892989801392
各位	1.5608769289211004
各個	0.12721075129692008
各値	0.1406367771170335
各別	0.5625009999688853
各区	0.08893921730119896
各各	0.1121893373417793
各回	0.07344516150509135
各地	1.1888171746942902
各型	0.10269816210072369
各室	0.2435900433794421
各層	0.3365680120253379
各巻	0.13409190565316204
各戸	0.04240358376564003
各文	0.04240358376564003
各日	0.04240358376564003
各機	0.04240358376564003
各次	0.04240358376564003
各段	0.1358568985109568
各点	0.217855700510451
各種	0.5717991670725502
各節	0.1121893373417793
各系	0.04240358376564003
各紙	0.04240358376564003
各線	0.10386714349118253
各編	0.07344516150509135
各群	0.10386714349118253
各腕	0.09481729578957762
各自	1.3010685823845247
各色	0.4011500721320109
各行	0.051349081050361844
各表	0.08480716753128006
各辺	0.19431763234344604
各部	0.08893921730119896
各階	0.18483293647838678
各面	0.10269816210072369
各音	0.04240358376564003
各項	0.15865968242239462
各駅	0.10386714349118253
合い	0.1468903230101827
合い口	0.22033548451527404
合う	0.32570810713583626
合さ	0.9251369758564154
合し	1.0575423187076358
合す	0.08480716753128006
合する	17.467303608502274
合せ	0.5657343697162104
合せる	4.981356809539207
合せ持つ	0.9467257822280699
合そ	0.04240358376564003
合っ	0.22033548451527404
合わ	0.09481729578957762
合わさ	0.37449831169343445
合わさる	0.38449831169343446
合わせ	1.2962602862313335
合わせる	4.981356809539207
合わせ目	1.3062602862313335
合わせ面	1.3062602862313335
合体	0.51100564972195
合作	2.4275557262170673
合併	0.1358568985109568
合判	0.04240358376564003
合剤	0.232253993475009
合力	0.533925905008983
合口	0.05996772325459172
合同	1.2031474308950794
合否	0.16422837374383503
合図	0.1121893373417793
合壁	0.2844518873687329
合子	0.1468903230101827
合帯	0.05996772325459172
合性	0.04240358376564003
合意	0.20549725270176517
合成	1.0616717172134131
合掌	0.13409190565316204
合板	0.31731936484478923
合格	0.8956600877780133
合流	0.3207758368794247
合点	0.04240358376564003
合焦	0.10269816210072369
合理	1.7606328854886484
合着	0.07261856683681703
合算	1.8151227532826844
合糸	0.2748066310683302
合縁	0.15865968242239462
合繊	0.10386714349118253
合羽	0.09481729578957762
合致	0.48902198401561
合計	0.07261856683681703
合金	0.9565273959885678
合鍵	0.05996772325459172
吊し	0.09481729578957762
吊っ	0.08480716753128006
吊ら	0.07344516150509135
吊り	0.8406182956935168
吊り上げ	0.8506182956935168
吊り上げよう	5.633073355900962
吊り上げる	0.8606182956935168
吊り下がっ	0.8506182956935168
吊り下げ	0.8506182956935168
吊り下げる	0.8606182956935168
吊り子	0.8506182956935168
吊り紐	0.8506182956935168
吊り荷	0.8506182956935168
吊り込ま	0.8506182956935168
吊る	0.09481729578957762
吊るさ	0.10481729578957762
吊るし	0.10386714349118253
吊上げ	0.3722963785085141
吊橋	0.04240358376564003
同じ	1.4454584983973544
同じく	1.4554584983973544
同一	1.63219154502654
同上	0.051349081050361844
同下	0.07344516150509135
同乗	0.2844518873687329
同伴	0.14523713367363406
同位	0.1778784346023979
同体	0.11993544650918345
同作	0.04240358376564003
同係	0.04240358376564003
同値	0.04240358376564003
同側	0.06479087409390388
同列	0.07261856683681703
同勢	0.04240358376564003
同化	0.14523713367363406
同名	0.22382545514220661
同和	0.051349081050361844
同圧	0.09481729578957762
同型	0.10269816210072369
同報	0.2715154149637838
同士	1.1098079935629455
同大	0.08480716753128006
同定	0.4427064115895453
同室	0.04240358376564003
同寸	0.10386714349118253
同居	0.2994140214491724
同巻	0.05996772325459172
同床	0.051349081050361844
同形	0.16238005187573473
同心	0.4265375019918499
同志	1.8183665935104103
同情	0.31234426617838734
同意	4.354506167911235
同数	0.2613932455409794
同族	0.051349081050361844
同時	0.6831550907918666
同期	0.826385251744976
同枠	0.09481729578957762
同極	0.17990316976377518
同様	0.6289467875403476
同気	0.04240358376564003
同法	0.05996772325459172
同流	0.11993544650918345
同相	0.24084853901106779
同種	0.21201791882820015
同等	0.41716190649590423
同系	0.07344516150509135
同素	0.05996772325459172
同義	0.20336044372468792
同色	0.051349081050361844
同行	0.43267504764532083
同調	0.21621670106726473
同質	0.10386714349118253
同軸	0.8395481255642842
同量	0.07344516150509135
同金	0.04240358376564003
同高	0.05996772325459172
名分	0.07261856683681703
名刺	0.07344516150509135
名前	0.1748344547704601
名目	2.2269949591278912
名称	2.880587337416318
名義	0.22835028699110468
名詞	0.05996772325459172
吐き出す	0.3722963785085141
吐出	0.217855700510451
吐出さ	0.8843968586182325
吐出し	1.1165629340039962
吐出す	0.3722963785085141
吐水	0.12577904733420342
吐瀉	0.1468903230101827
向い	0.5193357174559128
向い側	0.5293357174559128
向い合い	0.5293357174559128
向い合う	0.5293357174559128
向い合せ	0.5757343697162104
向い合っ	0.5293357174559128
向い合わせ	1.3062602862313335
向う	0.22033548451527404
向か	0.21621670106726473
向かい	0.2596678587279564
向かい合い	0.2696678587279564
向かい合う	0.4693216697860671
向かい合っ	0.38514967620912804
向かい合わ	0.2696678587279564
向かい合わせ	1.3062602862313335
向かう	1.2168424856840379
向かっ	1.7349233399974753
向かわ	0.2844518873687329
向き	0.8679797122485545
向きあわ	0.8779797122485545
向き合う	0.8779797122485545
向き合っ	0.8779797122485545
向き合わ	0.8779797122485545
向き合わさ	0.8879797122485545
向く	0.6115531821217901
向け	1.6801667620764171
向ける	1.6901667620764171
向けれ	1.6901667620764171
向け変え	1.6901667620764171
向こう側	0.16865968242239462
向っ	0.4132990104465734
向わ	0.09481729578957762
向上	0.22676673848822035
向付	0.04240358376564003
向側	0.16961433506256013
向性	0.16961433506256013
否定	0.3557568692047958
含ま	1.9062757341420637
含み	2.409180425247481
含む	4.279822089061674
含め	0.4219103313511005
含める	0.4319103313511005
含も	0.04240358376564003
含ん	1.6224566475787168
含有	1.758265902197325
含水	0.07261856683681703
含油	0.20539632420144738
含浸	1.005242220008364
含液	0.04240358376564003
含硫	0.28676106033038534
含量	1.4979504778642891
吸い上げ	0.3722963785085141
吸い上げる	0.4055142989915278
吸い出し	1.1165629340039962
吸い出す	0.3722963785085141
吸い口	0.07344516150509135
吸い戻し	0.6303109527167043
吸い込ま	0.31160143047354766
吸い込み	0.36966587295677356
吸い込む	0.29983861627295866
吸い込ん	0.24725325710649015
吸う	0.04240358376564003
吸える	0.20889043756735093
吸上げ	0.3722963785085141
吸光	0.12577904733420342
吸入	0.533635303807194
吸出	0.12577904733420342
吸出し	1.1165629340039962
吸収	1.7975318793715072
吸引	1.015826368855919
吸排	0.051349081050361844
吸気	1.3714134519952235
吸水	0.41079264840289476
吸油	0.22382545514220661
吸湿	0.14523713367363406
吸熱	0.12577904733420342
吸盤	0.08893921730119896
吸着	1.4203618250088066
吸管	0.40757069553287034
吸蔵	0.47027849375542047
吸込	0.8995158488188759
吸込ま	0.9095158488188759
吸込み	0.9095158488188759
吸込む	0.9095158488188759
吸込ん	0.9095158488188759
吸集	0.05996772325459172
吸音	0.4505863575422368
吹か	0.04240358376564003
吹き	0.1468903230101827
吹きかけ	0.6737210705270433
吹きかける	0.6837210705270433
吹きつけ	0.35448834300625753
吹きつける	0.36448834300625754
吹き上げ	0.3722963785085141
吹き付け	1.6745769717310857
吹き付ける	1.6845769717310857
吹き出	0.15689032301018271
吹き出さ	0.5258618609599942
吹き出し	1.1165629340039962
吹き出す	0.5158618609599942
吹き分け	0.5530308299275676
吹き当てる	0.36223062078091095
吹き抜け	0.2781838113063241
吹き抜ける	0.2881838113063241
吹き込ま	0.3037806460203654
吹き込み	0.32731936484478924
吹き込む	0.2644215025938402
吹き込ん	0.20431763234344605
吹き飛ばす	0.15689032301018271
吹く	0.04240358376564003
吹付	0.22033548451527404
吹付け	1.6745769717310857
吹付ける	1.6845769717310857
吹出	0.30378526028278935
吹出さ	0.5258618609599942
吹出し	1.1165629340039962
吹出す	0.3722963785085141
吹抜け	0.2781838113063241
吹込ま	0.3037806460203654
吹込み	0.32731936484478924
吹込む	0.2644215025938402
吹込ん	0.20431763234344605
吹鳴	0.10386714349118253
呈さ	0.11993544650918345
呈し	0.3028221585760398
呈する	17.467303608502274
呈示	0.2937806460203654
呈色	0.21621670106726473
告知	0.7494151656889805
周り	0.986282200309719
周上	0.1406367771170335
周回	0.42825520364533154
周囲	1.3422593057982464
周壁	0.25155809466840684
周期	1.7895035621425692
周波	1.9081612694538015
周溝	0.33118257636287074
周縁	1.16359018940336
周辺	0.9917363370093882
周速	0.34708829191340723
周長	0.051349081050361844
呵溶	0.04240358376564003
呵能	0.04240358376564003
呼ば	0.16422837374383503
呼び	0.408925352850343
呼び出さ	0.5258618609599942
呼び出し	1.1165629340039962
呼び出す	0.418925352850343
呼び寄せる	4.981356809539207
呼び径	0.418925352850343
呼び込み	0.418925352850343
呼ぶ	0.1468903230101827
呼出	0.2994140214491724
呼出し	1.1165629340039962
呼吸	0.7770525983227315
呼応	0.04240358376564003
呼気	0.08480716753128006
呼称	0.21621670106726473
命じ	0.05996772325459172
命令	1.7284134243010094
命名	0.6889202148645325
命綱	0.09481729578957762
和する	17.467303608502274
和室	0.05996772325459172
和式	0.05996772325459172
和文	0.04240358376564003
和服	0.07261856683681703
和物	0.18963459157915524
和紙	0.13409190565316204
和装	0.04240358376564003
和風	0.08480716753128006
咥側	0.05996772325459172
咬み	0.05996772325459172
咬合	0.359443567352533
咬持	0.04240358376564003
品位	0.33278007938892384
品切	0.04240358376564003
品名	0.08893921730119896
品数	0.16961433506256013
品物	0.16961433506256013
品番	0.1468903230101827
品目	0.051349081050361844
品種	0.21621670106726473
品薄	0.1121893373417793
品詞	0.05996772325459172
品質	0.5992911585145995
哺乳	0.23531105077970568
唐草	0.05996772325459172
唯一	1.2796125059755503
唾液	0.14523713367363406
商品	1.622175905525414
商標	0.10269816210072369
商状	0.04240358376564003
商用	0.308094486302171
商社	0.051349081050361844
問い合わせ	1.3062602862313335
問い合わせる	4.991356809539207
問う	0.05996772325459172
問わ	0.05996772325459172
問合せ	0.5757343697162104
問合わせ	1.3062602862313335
問題	0.1851417446750359
喘息	0.10269816210072369
喚起	0.15288829553044753
喧霧	0.04240358376564003
喪中	0.13409190565316204
喪失	0.07261856683681703
喫気	0.15288829553044753
喫水	0.21621670106726473
喫煙	0.2435900433794421
喫食	0.04240358376564003
喰い込み	0.32731936484478924
喰い込む	0.2644215025938402
喰い違っ	0.1221893373417793
喰違っ	0.1221893373417793
営業	0.15865968242239462
嗚作	0.05996772325459172
嗜好	0.10269816210072369
嘔吐	0.12721075129692008
噛み	0.08480716753128006
噛みあい	0.1372107512969201
噛み合い	0.41546857396473014
噛み合う	0.5330047830505884
噛み合せ	0.5757343697162104
噛み合っ	0.281273554234067
噛み合わ	0.2748066310683302
噛み合わさ	0.38449831169343446
噛み合わせ	1.3162602862313335
噛み込ま	0.3037806460203654
噛み込み	0.32731936484478924
噛み込む	0.2644215025938402
噛合	0.6130214991984025
噛合い	0.6230214991984026
噛合う	0.6230214991984026
噛合せ	0.6230214991984026
噛合っ	0.6230214991984026
噛合わ	0.6230214991984026
器体	0.10269816210072369
器具	0.7650840762210985
器内	0.05996772325459172
器壁	0.051349081050361844
器官	0.4621417294532566
器形	0.10386714349118253
器材	0.5186002976484843
器機	0.13409190565316204
器用	0.2907043241164011
器面	0.09481729578957762
噴き	0.13409190565316204
噴き出	0.14409190565316204
噴き出さ	0.5258618609599942
噴き出し	1.1165629340039962
噴き出す	0.3722963785085141
噴入	0.04240358376564003
噴出	0.08893921730119896
噴出さ	0.5258618609599942
噴則	0.05996772325459172
噴口	0.19889043756735092
噴孔	0.36966587295677356
噴射	0.11482003581075538
噴気	0.07344516150509135
噴水	0.04240358376564003
噴流	0.464507986950018
噴漏	0.04240358376564003
噴砂	0.04240358376564003
噴霜	0.05996772325459172
噴霧	0.15870502627206604
嚇光	0.04240358376564003
嚢胞	0.09481729578957762
嚢腫	0.04240358376564003
四則	0.08480716753128006
四周	0.67147636542662
四捨	0.04240358376564003
四方	0.531159024534724
四肢	0.24626154159446512
四角	0.27652326415110595
四角い	0.28652326415110596
四角く	0.28652326415110596
四辺	0.2748066310683302
四隅	0.27805889375327486
四面	0.23531105077970568
四駆	0.16961433506256013
回さ	0.5262146359520289
回し	0.40003460917662975
回す	0.1406367771170335
回り	0.8309371479294603
回り止め	0.8409371479294603
回り込ま	0.8409371479294603
回り込む	0.8409371479294603
回り込ん	0.8409371479294603
回る	0.10386714349118253
回わす	0.05193357174559127
回付	0.04240358376564003
回収	1.489567344081277
回帰	0.37208993744129004
回復	0.1778784346023979
回折	0.08893921730119896
回数	0.9817139395297048
回旋	0.1778784346023979
回析	0.05996772325459172
回流	0.5186002976484843
回生	0.5767510940530459
回礼	0.08893921730119896
回答	1.4349288787384662
回線	0.3768912964999357
回胴	0.1468903230101827
回読	0.04240358376564003
回路	0.8864225748284819
回転	5.321269637204984
回避	0.366705787192605
回部	0.26818381130632407
回頭	0.04240358376564003
因り	0.04240358376564003
因る	0.08480716753128006
因子	0.9729262031486611
因果	0.1628440732102366
団体	0.21201791882820015
団子	0.11993544650918345
困難	0.16422837374383503
囲い	0.18483293647838678
囲い込ま	0.3037806460203654
囲い込ん	0.1948329364783868
囲う	0.22835028699110468
囲っ	0.08480716753128006
囲ま	0.6071269247980841
囲み	0.2844518873687329
囲む	0.6374656422540286
囲り	0.04240358376564003
囲わ	0.1121893373417793
囲ん	0.2613932455409794
囲繞	0.4261507427344633
図ら	0.04240358376564003
図り	0.16422837374383503
図る	0.19431763234344604
図れる	7.630385307621593
図上	0.08480716753128006
図中	0.11993544650918345
図形	0.6500346300774044
図柄	0.30577659106089505
図法	0.07344516150509135
図示	0.13409190565316204
図面	0.15288829553044753
固く	0.10386714349118253
固まっ	0.1161269967375045
固まら	0.1161269967375045
固まり	0.05193357174559127
固まる	0.05193357174559127
固め	0.11993544650918345
固める	0.12993544650918346
固体	0.8484260592695394
固化	0.9579046859690097
固型	0.09481729578957762
固定	3.7604219088893855
固形	0.7978186675705553
固持	0.41716190649590423
固有	1.5612820682512998
固溶	0.24626154159446512
固着	0.08893921730119896
固結	0.34708829191340723
国民	0.8759756891817972
国籍	0.19887413575110632
国際	0.13409190565316204
圃場	0.3816322538907603
圏内	0.05996772325459172
圏外	0.04240358376564003
園芸	0.11993544650918345
土中	0.07344516150509135
土台	0.10279909060104149
土圧	0.19889043756735092
土塊	0.15865968242239462
土壁	0.05996772325459172
土壌	0.4507562784112613
土層	0.18483293647838678
土工	0.1358568985109568
土性	0.04240358376564003
土成	0.08480716753128006
土曜	0.07344516150509135
土木	0.308094486302171
土止め	0.7170090301369303
土用	0.05996772325459172
土留	0.20336044372468792
土留め	0.32432505160089714
土砂	0.6115531821217901
土管	0.05996772325459172
土粒	0.05996772325459172
土質	0.3144733937701738
土量	0.36966587295677356
土間	0.2937806460203654
土類	0.43034937360878545
圧さ	0.15865968242239462
圧し	0.17990316976377518
圧する	17.467303608502274
圧せ	0.05996772325459172
圧入	0.7513934187077169
圧制	0.2715154149637838
圧力	2.643685768420943
圧密	0.22033548451527404
圧巻	0.04240358376564003
圧延	0.9015125568225226
圧成	0.05996772325459172
圧接	0.8287704241687239
圧搾	0.40672088744937585
圧潰	0.22033548451527404
圧着	0.6317991685572738
圧砕	0.11993544650918345
圧締	0.33922867012512026
圧縮	2.514357319326848
圧迫	0.18963459157915524
圧送	0.40003460917662975
圧電	0.8298544932052704
在さ	0.22835028699110468
在し	0.6402800737854337
在す	0.8427545591018847
在っ	0.04240358376564003
在り	0.04240358376564003
在る	0.2715154149637838
在宅	0.1121893373417793
在室	0.16961433506256013
在席	0.2715154149637838
在庫	0.43034937360878545
地すべり	0.5546838956385551
地上	0.34404755146351507
地下	0.7668053024150319
地中	0.051349081050361844
地体	0.13409190565316204
地割り	0.19963459157915525
地厚	0.04240358376564003
地取り	0.6126681599904457
地合	0.281273554234067
地名	0.39774827150221265
地図	0.6260814114194606
地均し	0.20431763234344605
地域	1.1889059188954436
地層	0.31731936484478923
地山	0.42825520364533154
地帯	0.08480716753128006
地底	0.04240358376564003
地形	0.32879454544347575
地板	0.679284492554784
地溝	0.11993544650918345
地点	0.9313879712728584
地物	0.26818381130632407
地球	0.8004529557107906
地理	1.2619761437241372
地盤	0.957607747068977
地糸	0.13409190565316204
地紋	0.4022757169594861
地絡	0.07344516150509135
地縁	0.07344516150509135
地織り	0.418925352850343
地肌	0.1748344547704601
地色	0.04240358376564003
地表	0.32879454544347575
地被	0.05996772325459172
地質	0.3028221585760398
地金	0.05996772325459172
地震	0.8295697924533175
地面	1.1072843257236298
坂路	0.15865968242239462
坂道	0.09481729578957762
均し	0.19431763234344604
均し板	0.20431763234344605
均す	0.10386714349118253
均一	0.36309283418408506
均圧	0.1748344547704601
均斉	0.04240358376564003
均熱	0.20773428698236507
均等	0.1540472431510855
均衡	0.9113557808483678
均質	0.12577904733420342
坐骨	0.08893921730119896
坑井	0.18483293647838678
坑内	0.21201791882820015
坑口	0.08893921730119896
坑道	0.12577904733420342
坩堝	0.20773428698236507
坪量	0.4427064115895453
垂し	0.04240358376564003
垂らし	0.24609316254660824
垂れ	0.18963459157915524
垂れる	7.630385307621593
垂れ下がっ	0.21113785847974306
垂れ下がり	0.19963459157915525
垂れ下がる	0.20113785847974305
垂れ落ちる	0.30070432411640113
垂下	0.07261856683681703
垂木	0.31731936484478923
垂直	1.7184755777567795
垂線	0.2715154149637838
型付け	1.6745769717310857
型体	0.2243786746835586
型式	0.24626154159446512
型抜き	0.5099308795699475
型材	0.6635763684970082
型板	0.12721075129692008
型枠	1.042990253685354
型番	0.04240358376564003
型紙	0.08480716753128006
垢擦り	0.10386714349118253
垣根	0.08480716753128006
埋まっ	0.07344516150509135
埋め	0.21201791882820015
埋めこん	0.22201791882820016
埋める	0.232253993475009
埋め戻さ	0.34118257636287075
埋め戻し	0.6303109527167043
埋め戻す	0.5327864910819589
埋め立て	0.31870274951317085
埋め込ま	0.6704595282658102
埋め込み	0.36476942004032376
埋め込む	0.2748066310683302
埋め込め	0.22201791882820016
埋め込ん	0.25442150259384017
埋入	0.2949780129359624
埋戻	0.21621670106726473
埋戻し	0.6303109527167043
埋没	0.6033160486779332
埋着	0.04240358376564003
埋立	0.1468903230101827
埋立て	0.31870274951317085
埋設	0.07261856683681703
埋込	0.26818381130632407
埋込ま	0.3037806460203654
埋込み	0.32731936484478924
埋込む	0.2781838113063241
埋込ん	0.2781838113063241
域内	0.19431763234344604
域外	0.1358568985109568
域間	0.05996772325459172
埵体	0.04240358376564003
執る	0.05996772325459172
執行	1.1790502743468125
培地	0.35980633952755037
培養	0.10269816210072369
基い	0.4664394214220403
基か	0.15865968242239462
基き	0.1406367771170335
基く	0.05996772325459172
基ずき	0.08344516150509135
基づい	4.067098351011776
基づき	1.8982413144813752
基づく	1.3651715090456007
基体	1.0244109495886986
基剤	0.26481029574134085
基台	0.2618299662808526
基地	1.1584880730852458
基層	0.12577904733420342
基布	0.217855700510451
基底	1.0892785025522556
基数	0.23531105077970568
基本	2.087536392248361
基材	0.9729262031486611
基板	3.924427216355253
基準	0.22964007162151076
基点	0.2619299890629234
基物	0.051349081050361844
基発	0.05996772325459172
基盤	0.333886152456969
基礎	0.41079264840289476
基線	0.19887413575110632
基質	0.24626154159446512
基軸	0.18483293647838678
基部	0.6267954136580596
基面	0.12577904733420342
堅い	0.16422837374383503
堅く	0.11993544650918345
堅固	0.07261856683681703
堅牢	0.09481729578957762
堆積	0.6993378190818405
堆肥	0.1851417446750359
堤体	0.11993544650918345
堤内	0.05996772325459172
堤防	0.1540472431510855
堰き止め	0.7170090301369303
堰体	0.051349081050361844
堰止	0.1748344547704601
堰止め	0.7170090301369303
報せる	4.981356809539207
報告	0.24626154159446512
報知	1.217211841432621
報酬	0.20336044372468792
場合	0.051349081050361844
場所	1.0176860103753607
場面	0.20773428698236507
塊り	0.04240358376564003
塊状	0.21621670106726473
塑性	0.24626154159446512
塔中	0.08480716753128006
塗り	0.04240358376564003
塗りつぶし	0.13409190565316204
塗り付ける	1.6845769717310857
塗り潰さ	0.14409190565316204
塗り込ん	0.20431763234344605
塗付け	1.6745769717310857
塗工	0.8627852926969928
塗布	0.08893921730119896
塗料	0.19213066841614024
塗油	0.09481729578957762
塗物	0.10386714349118253
塗膜	0.11482003581075538
塗装	0.7120772601058409
塗面	0.12721075129692008
塞い	0.16422837374383503
塞が	0.16961433506256013
塞がり	0.17961433506256014
塞がる	0.17961433506256014
塞き止め	0.7170090301369303
塞き止める	0.7270090301369303
塞ぎ	0.3028221585760398
塞ぐ	0.4816121314770683
塞栓	0.1468903230101827
塩ビ	0.21201791882820015
塩分	0.10386714349118253
塩化	0.7644414776522376
塩基	0.6744702890349742
塩害	0.04240358376564003
塩水	0.17990316976377518
塩法	0.05996772325459172
塩素	0.6303745913926837
塩酸	0.20336044372468792
塩鉱	0.08480716753128006
塩類	0.2243786746835586
填め込ま	0.3037806460203654
填隙	0.051349081050361844
塵埃	0.2613932455409794
塵紙	0.07344516150509135
塵芥	0.16422837374383503
塵袋	0.05996772325459172
境界	0.43267504764532083
境目	0.1121893373417793
墓石	0.07344516150509135
墓誌	0.04240358376564003
増え	0.04240358376564003
増える	0.20889043756735093
増し	0.15865968242239462
増す	0.12721075129692008
増やし	0.1468903230101827
増やす	0.17224417150312876
増倍	0.1121893373417793
増分	0.15865968242239462
増加	0.051349081050361844
増圧	0.19431763234344604
増大	0.8995158488188759
増幅	1.048149346600787
増強	0.4759790472671838
増感	0.2579309304799971
増殖	0.36476942004032376
増毛	0.10386714349118253
増水	0.08480716753128006
増減	0.4981293209914588
増白	0.20773428698236507
増築	0.11993544650918345
増粘	0.32845674748767006
増補	0.07344516150509135
増設	0.1468903230101827
増速	0.3886352646868921
増進	0.11993544650918345
増量	0.33922867012512026
墨出し	1.1165629340039962
墨壺	0.1121893373417793
墳形	0.04240358376564003
壁側	0.17990316976377518
壁内	0.18963459157915524
壁厚	0.25674540525180933
壁掛	0.05996772325459172
壁掛け	0.677772304913938
壁材	0.16238005187573473
壁板	0.22922751565275973
壁穴	0.07344516150509135
壁紙	0.051349081050361844
壁芯	0.05996772325459172
壁間	0.18963459157915524
壁際	0.07344516150509135
壁面	0.44145868507087266
壁頂	0.04240358376564003
壇上	0.04240358376564003
壊れ	0.04240358376564003
壊死	0.05996772325459172
声母	0.1704065636739166
売り	0.10386714349118253
売り上げ	0.3722963785085141
売り切れ	0.18963459157915524
売り場	0.25442150259384017
売上	0.38398078223514176
売却	0.04240358376564003
売場	0.15865968242239462
売買	0.09481729578957762
売電	0.04240358376564003
変え	0.4345074351467571
変える	0.5921338224194611
変えろ	0.4445074351467571
変り	0.12721075129692008
変る	0.05996772325459172
変わっ	0.05193357174559127
変わり	0.1948329364783868
変わる	0.31160143047354766
変位	1.4609250044041875
変則	0.04240358376564003
変動	0.8427545591018847
変化	2.387061907521802
変圧	0.35980633952755037
変容	0.04240358376564003
変形	1.2699855640140862
変性	0.7307701301383263
変態	0.13409190565316204
変成	0.12721075129692008
変換	2.586618609704042
変数	0.717109670848553
変曲	0.16961433506256013
変更	2.0336044372468796
変状	0.17990316976377518
変異	0.35980633952755037
変移	0.07344516150509135
変色	0.23609316254660823
変調	1.1933426254041055
変質	0.2579309304799971
変退色	0.08995158488188759
変速	1.8164380766134884
変量	0.17990316976377518
変針	0.04240358376564003
夏期	0.04240358376564003
夏至	0.16238005187573473
外さ	0.16961433506256013
外し	0.30577659106089505
外す	0.20336044372468792
外せる	4.981356809539207
外まわり	0.7750292835658131
外れ	0.4871800867588842
外れる	7.630385307621593
外れ値	0.4971800867588842
外れ止め	0.7170090301369303
外乱	0.22835028699110468
外付け	1.6745769717310857
外側	0.22964007162151076
外傷	0.07344516150509135
外光	0.051349081050361844
外円	0.04240358376564003
外出	0.6836694094286335
外刃	0.19431763234344604
外力	1.1156763359510122
外勤	0.051349081050361844
外包	0.217855700510451
外向	0.22932753843483053
外向き	0.8779797122485545
外周	0.6575890908869515
外周り	0.996282200309719
外回り	0.8409371479294603
外因	0.11482003581075538
外囲	0.3622963785085141
外国	0.8606580091791972
外圧	0.17990316976377518
外在	0.1778784346023979
外型	0.22964007162151076
外域	0.22932753843483053
外壁	0.7854898988425577
外字	0.2435900433794421
外容	0.3021269438723918
外寸	0.13409190565316204
外局	0.05996772325459172
外層	0.11482003581075538
外帯	0.10386714349118253
外底	0.08893921730119896
外形	0.747881905077959
外径	0.48169707802213557
外挿	0.15288829553044753
外接	0.2805765967031217
外方	0.17030563517359884
外来	0.6032151201776155
外板	0.07261856683681703
外枠	0.43243340213452947
外構	0.12721075129692008
外殻	0.49268512123150504
外気	0.7830324357354879
外溝	0.07344516150509135
外熱	0.31731936484478923
外環	0.051349081050361844
外生	0.08480716753128006
外用	0.37382695276020617
外界	1.1244620118652062
外的	0.07344516150509135
外皮	0.22382545514220661
外相	0.11993544650918345
外科	0.3876770603335305
外積	0.08480716753128006
外端	0.29023769324861387
外筒	0.45886758727427046
外管	0.6010255843857052
外箱	0.08893921730119896
外線	0.281273554234067
外縁	0.5641429899963556
外耳	0.05996772325459172
外脚	0.09481729578957762
外蓋	0.1851417446750359
外衣	0.31826766145427654
外表	0.4010491436316932
外袋	0.16238005187573473
外袖	0.04240358376564003
外装	0.07261856683681703
外観	0.6569134949753401
外転	0.10386714349118253
外輪	0.7679615644702835
外連	0.04240358376564003
外部	2.232356637214231
外郭	0.31160143047354766
外釜	0.04240358376564003
外間	0.05996772325459172
外面	0.6734368845342973
多い	0.5296205914826817
多く	0.5158618609599942
多けれ	0.05193357174559127
多価	0.41762686679433847
多値	0.35477383518500283
多元	0.4387267408129051
多分	0.16238005187573473
多型	0.051349081050361844
多孔	0.7616299543988921
多少	4.925230831889303
多層	0.32476010375146946
多心	0.2243786746835586
多数	0.5899560258719247
多核	0.4592801432430215
多極	0.13409190565316204
多様	0.1748344547704601
多段	0.217855700510451
多点	0.4014131122802928
多発	0.232253993475009
多種	0.36309283418408506
多端	0.14523713367363406
多管	0.18483293647838678
多糖	0.4564006155261118
多翼	0.05996772325459172
多色	0.25155809466840684
多角	0.6500346300774044
多軸	0.21181861344936193
多辺	0.10386714349118253
多連	0.1468903230101827
多重	0.3996154930641605
多量	0.08893921730119896
多面	0.19213066841614024
多項	0.2508629846468741
多頭	0.08480716753128006
夜光	0.10269816210072369
夜間	0.10279909060104149
大々	0.04240358376564003
大き	1.2521628228389212
大きい	1.8169329514562387
大きく	1.58376108143137
大きけれ	1.2621628228389212
大きな	1.2621628228389212
大きめ	1.2621628228389212
大して	0.15689032301018271
大な	0.07344516150509135
大に	0.07344516150509135
大まか	0.1468903230101827
大人	0.50712487058369
大体	0.38081497719944607
大便	0.5445986928382859
大別	0.05996772325459172
大力	1.000977865585608
大半	0.12577904733420342
大又	0.07344516150509135
大地	0.5919972870166962
大型	1.3419706811929453
大域	0.09481729578957762
大変	0.04240358376564003
大小	1.8599428216018412
大局	0.6555811805785846
大差	0.07261856683681703
大巾	0.04240358376564003
大師	0.05996772325459172
大幅	0.5833134726342198
大引	0.15288829553044753
大形	0.15288829553044753
大径	0.12577904733420342
大扉	0.12721075129692008
大技	0.09481729578957762
大枠	0.04240358376564003
大梁	0.1540472431510855
大気	0.7477953449499144
大理	0.19887413575110632
大略	0.17990316976377518
大空	0.05996772325459172
大筒	0.05996772325459172
大系	0.04240358376564003
大脳	0.04240358376564003
大腸	0.19431763234344604
大腿	0.4592801432430215
大豆	0.49784781180935517
大部	0.07273054084488483
大量	1.615897661860178
大釜	0.10386714349118253
大関	0.05996772325459172
大雑把	0.05193357174559127
大麦	0.19887413575110632
大麻	0.1851417446750359
天上	0.32879454544347575
天井	0.10269816210072369
天体	0.2904742673472681
天候	0.1121893373417793
天地	0.5970855228695737
天幕	0.051349081050361844
天板	0.6980510878739288
天気	0.08480716753128006
天然	0.8070141552692911
天球	0.051349081050361844
天秤	0.051349081050361844
天窓	0.04240358376564003
天端	0.20773428698236507
天竺	0.051349081050361844
天蓋	0.11993544650918345
天部	0.11993544650918345
天面	0.2715154149637838
太い	0.19431763234344604
太き	0.04240358376564003
太く	0.04240358376564003
太もも	0.1161269967375045
太り	0.04240358376564003
太径	0.25442150259384017
太物	0.11993544650918345
太目	0.08480716753128006
太細	0.2875950975656642
太陽	1.0860616598551351
太鼓	0.15865968242239462
夫夫	0.12721075129692008
失い	0.04240358376564003
失う	0.13409190565316204
失わ	0.08480716753128006
失効	0.15865968242239462
失敗	0.2858995835362751
失活	0.21171768494904414
失火	0.1540472431510855
失禁	0.07307040387215459
失調	0.07261856683681703
失透	0.051349081050361844
夾角	0.051349081050361844
夾雑	0.08480716753128006
奇数	0.2904742673472681
奇麗	0.07344516150509135
奉行	0.30378526028278935
奏する	17.467303608502274
奏法	0.2715154149637838
契機	0.19889043756735092
契約	0.34708829191340723
奥まっ	0.07344516150509135
奥側	0.26481029574134085
奥方	0.10386714349118253
奥行	0.2435900433794421
奥行き	0.3028221585760398
奨励	0.04240358376564003
奪う	0.05996772325459172
奪つ	0.04240358376564003
奮軒	0.04240358376564003
女性	0.8004529557107906
好き	0.04240358376564003
好ましい	0.232253993475009
好ましく	1.6801667620764171
好む	0.04240358376564003
好中	0.04240358376564003
好気	0.08480716753128006
好適	0.4197740627821421
如き	0.22033548451527404
如く	0.44473253847527455
如何	3.9578784454479514
如何なる	5.190010407421949
如何に	3.967878445447951
妊娠	0.19213066841614024
妥当	0.15414817165140335
妨げ	0.19889043756735092
妨げる	0.2596678587279564
妨害	0.25442150259384017
妻側	0.08480716753128006
妻壁	0.05996772325459172
妻板	0.05996772325459172
始っ	0.04240358376564003
始まっ	0.10386714349118253
始まり	0.20113785847974305
始まる	0.2379895236335919
始め	0.33118257636287074
始める	0.34118257636287075
始動	0.9538450301709619
始期	0.05996772325459172
始点	0.3955142989915278
始端	0.1453371564557048
委任	0.14523713367363406
委託	0.16961433506256013
委譲	0.44473253847527455
姿勢	0.19213066841614024
威さ	0.1121893373417793
威し	0.1468903230101827
威力	0.308094486302171
威嚇	0.1121893373417793
婦人	0.04240358376564003
媒介	0.550657547249116
媒体	2.212781988266983
媒染	0.1406367771170335
媒液	0.19889043756735092
媒質	0.08893921730119896
嫌気	0.07344516150509135
子供	0.08480716753128006
子午	0.21201791882820015
子宮	0.10317322894297556
子方	0.05996772325459172
子機	0.15865968242239462
子癇	0.08480716753128006
子種	0.08480716753128006
孔一	0.05996772325459172
孔壁	0.22847720943492705
孔径	0.5211362555472542
孔版	0.10115120543611368
孔隙	0.41079264840289476
字体	0.6010255843857052
字形	0.43267504764532083
字数	0.2905742901293389
存し	0.31160143047354766
存する	17.467303608502274
存せ	0.04240358376564003
存否	0.232253993475009
存在	2.877839995506167
存置	0.04240358376564003
季節	0.08480716753128006
孤立	0.359443567352533
学会	0.9538668721887992
学窓	0.08480716753128006
学系	0.17030563517359884
学習	0.9367257822280699
宅内	0.05996772325459172
宅地	0.08480716753128006
宅配	0.1468903230101827
宇宙	0.48169707802213557
守ら	0.12721075129692008
安価	0.04240358376564003
安全	3.252468790989872
安否	0.19431763234344604
安定	0.3842613368322805
安息	0.10269816210072369
安水	0.04240358376564003
安着	0.10386714349118253
安置	1.3625338255899442
完了	0.19887413575110632
完全	1.7503936931218427
完成	3.353148350559458
完結	0.11993544650918345
宗教	0.5031161893368137
官有	0.04240358376564003
官能	0.1778784346023979
宙づり	0.09480716753128006
宙吊り	0.8506182956935168
定まっ	0.07344516150509135
定まら	0.05193357174559127
定まり	0.08995158488188759
定まる	0.36722580752545675
定め	1.4460803347343134
定める	1.4560803347343134
定位	2.3692106696267743
定員	0.04240358376564003
定圧	0.2243786746835586
定在	0.1121893373417793
定型	0.41079264840289476
定容	0.16238005187573473
定常	0.051349081050361844
定式	0.11482003581075538
定形	0.1778784346023979
定性	0.2858995835362751
定数	0.08893921730119896
定時	0.11482003581075538
定期	0.7225456170332035
定格	0.17030563517359884
定植	0.07261856683681703
定温	0.05996772325459172
定点	0.435711401020902
定番	0.08480716753128006
定着	0.051349081050361844
定積	0.11993544650918345
定線	0.04240358376564003
定置	0.07261856683681703
定義	0.39774827150221265
定規	0.2875950975656642
定速	0.14523713367363406
定量	0.7298075644940654
定長	0.04240358376564003
定額	0.04240358376564003
宛て	0.08480716753128006
宛先	0.6797811607095333
宝石	0.4203103429086824
宝飾	0.11993544650918345
実体	0.15288829553044753
実像	0.08480716753128006
実入り	0.7358324375761307
実力	0.17990316976377518
実効	0.232253993475009
実寸	0.09481729578957762
実技	0.04240358376564003
実数	0.13409190565316204
実施	1.0490067286227607
実景	0.05996772325459172
実機	0.17990316976377518
実測	0.4740864789478881
実演	0.17990316976377518
実物	0.07344516150509135
実状	0.05996772325459172
実現	0.5052970176995808
実用	1.0238511918862558
実績	0.3622963785085141
実行	2.5396171497492563
実装	0.969735751716274
実質	1.4823070213553307
実部	0.19431763234344604
実長	0.08480716753128006
実際	0.7095476703700057
実験	0.31731936484478923
客側	0.04240358376564003
客分	0.04240358376564003
客土	0.07344516150509135
宣伝	0.05996772325459172
宣言	0.44172149735894733
室内	0.1661691168611172
室名	0.05996772325459172
室外	0.238888612198252
室温	0.5671691381020558
害さ	0.05996772325459172
害虫	0.359443567352533
家具	0.8468707397961766
家屋	0.41111799780591846
家庭	1.7089296894950965
家族	0.5458482189152764
家畜	0.21171768494904414
家電	0.21201791882820015
容れる	7.630385307621593
容器	2.8660163877128073
容易	1.8183665935104103
容疑	0.04240358376564003
容積	0.14523713367363406
容認	0.05996772325459172
容量	1.167556611252105
宿主	0.6246885323567747
宿泊	0.281273554234067
寄せ	0.16422837374383503
寄せる	4.981356809539207
寄せ合せ	0.5757343697162104
寄せ合わ	0.17422837374383504
寄せ集め	0.30070432411640113
寄せ集める	0.31070432411640114
寄っ	0.10386714349118253
寄つ	0.04240358376564003
寄り	0.5860291869765561
寄り集まっ	0.5960291869765562
寄る	0.04240358376564003
寄与	0.2579309304799971
寄棟	0.08480716753128006
寄生	0.6267954136580596
寄託	0.1468903230101827
寄面	0.05996772325459172
密室	0.11482003581075538
密封	1.7092380648072478
密度	1.149347984938866
密接	0.19213066841614024
密着	0.051349081050361844
密閉	0.051349081050361844
密集	0.5211362555472542
富み	0.05996772325459172
富む	0.16961433506256013
富ん	0.09481729578957762
富化	0.26818381130632407
富士	0.22382545514220661
寒冷	0.2858995835362751
寒剤	0.3932346586843407
寒天	0.07261856683681703
寓爾	0.05996772325459172
寓袷	0.04240358376564003
寛容	0.09481729578957762
寝かさ	0.2781838113063241
寝具	0.18483293647838678
寝台	0.08480716753128006
寝室	0.20539632420144738
寝衣	0.04240358376564003
寝袋	0.04240358376564003
寝装	0.05996772325459172
審判	0.17990316976377518
審査	0.1468903230101827
寸法	1.4404741439053244
対し	3.9931479823057474
対じ	0.04240358376564003
対す	0.08480716753128006
対する	17.467303608502274
対人	0.08480716753128006
対価	0.16961433506256013
対偶	0.18483293647838678
対内	0.05996772325459172
対処	0.1406367771170335
対合	0.08480716753128006
対向	2.452819166490602
対地	0.1406367771170335
対峙	0.4045044083461121
対応	3.251832389744852
対戦	0.05996772325459172
対抗	0.4197740627821421
対数	0.5720556203227763
対極	0.2875950975656642
対比	0.22835028699110468
対流	0.31160143047354766
対照	0.3229360728346088
対物	0.5479750669513457
対称	0.9124163485967074
対空	0.07344516150509135
対立	0.1121893373417793
対策	0.2715154149637838
対置	0.10386714349118253
対角	0.30870274951317084
対訳	0.10386714349118253
対話	0.4386260811102694
対象	2.462695594108259
対辺	0.1406367771170335
対震	0.05996772325459172
対面	0.5641429899963556
寿命	1.527181053628873
封じ	0.10386714349118253
封じる	0.11386714349118253
封じ込め	0.16961433506256013
封じ込める	0.17961433506256014
封ずる	0.08344516150509135
封入	0.1358568985109568
封印	0.1540472431510855
封口	0.1983976141710204
封書	0.04240358376564003
封止	0.8544085380922162
封水	0.16961433506256013
封筒	0.13409190565316204
封緘	0.04240358376564003
封鎖	0.11679935137479078
専ら	0.1121893373417793
専有	0.05996772325459172
専用	0.45670057398220937
専門	0.05996772325459172
射さ	0.45472777610292275
射し	0.2715154149637838
射する	17.467303608502274
射光	0.1358568985109568
射出	0.3880675233175105
射出さ	0.5258618609599942
射出し	1.1165629340039962
射影	0.07261856683681703
射水	0.05996772325459172
射角	0.051349081050361844
将来	1.0092537670193718
導い	0.23609316254660823
導か	0.4507562784112613
導き	0.3418686217701579
導き入れる	7.640385307621592
導き出さ	0.5258618609599942
導き出し	1.1165629340039962
導き出す	0.3722963785085141
導く	0.8491311031778485
導体	2.135810889410016
導光	0.16238005187573473
導入	0.1540472431510855
導出	0.20539632420144738
導水	0.37449831169343445
導波	0.8544085380922162
導流	0.051349081050361844
導火	0.13409190565316204
導管	0.1262421629504583
導線	0.07261856683681703
導通	0.08893921730119896
導電	0.9011663543212637
小さ	0.05996772325459172
小さい	1.5905583705261177
小さく	1.3260869164628384
小さけれ	0.11993544650918345
小さな	0.6731360240506759
小便	0.2994140214491724
小分け	0.5530308299275676
小切手	0.2379895236335919
小半	0.08480716753128006
小又	0.08480716753128006
小口	0.07261856683681703
小型	0.8953018205688265
小壁	0.16422837374383503
小売	0.17990316976377518
小孔	0.42961723514096134
小室	0.23609316254660823
小屋	0.21171768494904414
小島	0.04240358376564003
小幅	0.11482003581075538
小形	0.9524477288027748
小径	0.1778784346023979
小指	0.04240358376564003
小数	0.24626154159446512
小板	0.07271949533713482
小梁	0.051349081050361844
小滴	0.07261856683681703
小点	0.08893921730119896
小片	0.051349081050361844
小物	0.09481729578957762
小球	0.2858995835362751
小穴	0.13409190565316204
小窓	0.11993544650918345
小箱	0.05996772325459172
小節	0.10386714349118253
小粒	0.10269816210072369
小脳	0.11993544650918345
小葉	0.10386714349118253
小角	0.05996772325459172
小豆	0.10269816210072369
小輪	0.04240358376564003
小部	0.16961433506256013
小量	0.10269816210072369
小間	0.05996772325459172
小麦	0.6812225406943954
小２	0.05996772325459172
少々	0.08480716753128006
少い	0.04240358376564003
少く	0.6650742239613066
少し	0.19431763234344604
少しく	0.20431763234344605
少な	0.26818381130632407
少ない	2.8806317994137647
少なく	6.354173843828127
少数	1.1777939623447233
少水	0.08480716753128006
少量	0.500488932792804
尖っ	0.16961433506256013
尖ら	0.04240358376564003
尖らす	0.05193357174559127
尖り	0.05996772325459172
尖形	0.05996772325459172
尖状	0.08893921730119896
尖突	0.04240358376564003
尖端	0.47895234298450484
尖鋭	0.16422837374383503
尖頭	0.1121893373417793
尚且つ	2.2125386366249553
尤度	0.41546857396473014
就い	0.04240358376564003
就き	0.08480716753128006
就寝	0.09481729578957762
就業	0.08480716753128006
尺取り	0.6126681599904457
尺度	0.5109169055207966
尺柱	0.04240358376564003
尺紙	0.1121893373417793
尻側	0.2907043241164011
尻尾	0.04240358376564003
尽さ	0.04240358376564003
尾方	0.04240358376564003
尾灯	0.20539632420144738
尾端	0.4265375019918499
尾筒	0.05996772325459172
尾羽	0.051349081050361844
尾部	0.5988280428983448
尾骨	0.05996772325459172
尿素	0.4621417294532566
局側	0.12721075129692008
局在	0.21201791882820015
局所	0.4240358376564003
局番	0.05996772325459172
局舎	0.04240358376564003
局部	1.2837270262590463
局間	0.1468903230101827
局面	0.783809704621584
居る	0.07344516150509135
居住	0.5786747547966925
居室	1.3557481891839418
居間	0.05996772325459172
屈伸	0.051349081050361844
屈折	0.9953558247227356
屈曲	0.1358568985109568
届き	0.04240358376564003
届く	0.1121893373417793
届ける	0.2535900433794421
屋上	0.051349081050361844
屋内	0.17030563517359884
屋内外	0.7065328240275973
屋外	0.051349081050361844
屋根	1.0325947425241921
屋根がわら	1.0425947425241922
屋根板	1.0425947425241922
屋根瓦	1.0425947425241922
屋根組み	1.0425947425241922
屋根葺き	1.0425947425241922
屋根裏	1.0425947425241922
屋根面	1.0425947425241922
屋部	0.08480716753128006
屏風	0.04240358376564003
屑入れ	0.676424629867402
屑物	0.10386714349118253
屑箱	0.05996772325459172
展伸	0.04240358376564003
展延	0.1121893373417793
展張	0.18963459157915524
展着	0.04240358376564003
展示	1.9458524062973221
展開	0.12577904733420342
属さ	0.05996772325459172
属し	0.2508629846468741
属する	17.467303608502274
属性	1.8096453605328457
層内	0.3816322538907603
層厚	0.31160143047354766
層数	0.09481729578957762
層板	0.1406367771170335
層流	0.10386714349118253
層状	0.3909417256758612
層積	0.04240358376564003
層間	0.43657161510339054
履き	0.04240358376564003
履工	0.08480716753128006
履帯	0.1748344547704601
履性	0.04240358376564003
履歴	0.9798806719364319
履物	0.15865968242239462
山内	0.04240358376564003
山型	0.09481729578957762
山形	0.30577659106089505
山折り	0.4032346586843407
山留め	0.20113785847974305
山砂	0.12577904733420342
山積み	0.3244733937701738
山谷	0.19887413575110632
山車	0.08480716753128006
山部	0.38398078223514176
山頂	0.1468903230101827
岐路	0.04240358376564003
岩場	0.05996772325459172
岩塩	0.04240358376564003
岩盤	0.2508629846468741
岩石	0.4203103429086824
岩質	0.04240358376564003
岸壁	0.08480716753128006
島列	0.08480716753128006
島部	0.07344516150509135
崩し	0.20336044372468792
崩す	0.05996772325459172
崩れ	0.04240358376564003
崩壊	0.30577659106089505
崩落	0.05996772325459172
嵌っ	0.05996772325459172
嵌まり	0.1161269967375045
嵌まり込み	0.32731936484478924
嵌まり込む	0.2596678587279564
嵌まり込ん	0.20431763234344605
嵌まる	0.18724915584671722
嵌め	0.46836289111403495
嵌める	0.47836289111403496
嵌め合い	0.47836289111403496
嵌め合わさ	0.47836289111403496
嵌め合わせ	1.3062602862313335
嵌め合わせる	4.991356809539207
嵌め外し	0.47836289111403496
嵌め殺し	0.47836289111403496
嵌め込ま	0.47836289111403496
嵌め込み	0.47836289111403496
嵌め込む	0.47836289111403496
嵌め込ん	0.47836289111403496
嵌り	0.2508629846468741
嵌る	0.15288829553044753
嵌入	0.8938280717168929
嵌合	0.46781239225941873
嵌込ま	0.3037806460203654
嵌込み	0.32731936484478924
嵌込む	0.2644215025938402
嵩上げ	0.3722963785085141
嵩高	0.30577659106089505
嶽合	0.04240358376564003
川又	0.10386714349118253
巡っ	0.05996772325459172
巡り	0.07344516150509135
巡る	0.05996772325459172
巡回	0.421129485010336
工事	0.5798602868999779
工作	5.0975440821127185
工具	1.8521293934972078
工場	0.25442150259384017
工大	0.16238005187573473
工夫	1.4533788081147476
工字	0.14523713367363406
工学	0.07261856683681703
工業	0.07261856683681703
工機	0.1468903230101827
工法	0.1778784346023979
工程	2.2845904597675326
工部	0.04240358376564003
工順	0.21621670106726473
左下	0.22382545514220661
左側	0.1778784346023979
左傾	0.3365680120253379
左前	0.07261856683681703
左右	1.8563953401699314
左回り	0.8409371479294603
左官	0.04240358376564003
左岸	0.1358568985109568
左巻き	0.5851901951313284
左手	1.1390786444195462
左折	0.15865968242239462
左撚	0.08480716753128006
左方	0.0727073110379705
左用	0.2243786746835586
左目	0.08480716753128006
左眼	0.359443567352533
左端	1.1744129863566604
左縁	0.05996772325459172
左腕	0.05996772325459172
左舷	0.05996772325459172
左衿	0.05996772325459172
左隅	0.05996772325459172
巨大	1.1504944670044044
巨視	0.09481729578957762
差し	0.20336044372468792
差しこみ	0.21336044372468793
差しはさみ	0.21336044372468793
差し入れ	0.676424629867402
差し入れる	7.640385307621592
差し出さ	0.5258618609599942
差し出し	1.1165629340039962
差し向け	1.6901667620764171
差し向ける	1.7001667620764171
差し引い	0.33922867012512026
差し引か	0.21336044372468793
差し引き	0.4055142989915278
差し引く	0.21773428698236508
差し掛け	0.677772304913938
差し替え	0.21336044372468793
差し替える	0.22336044372468794
差し止める	0.7170090301369303
差し渡さ	0.21336044372468793
差し渡し	0.2535900433794421
差し込ま	0.3886352646868921
差し込み	0.6056443171520796
差し込む	0.3886352646868921
差し込ん	0.32845674748767006
差し迫る	0.21336044372468793
差入れ	0.676424629867402
差分	0.5236599325617052
差別	0.05996772325459172
差動	0.051349081050361844
差圧	0.5875612920407308
差引い	0.2975950975656642
差引く	0.21773428698236508
差替	0.04240358376564003
差渡し	0.2844518873687329
差異	0.22382545514220661
差込	0.5088430051876803
差込ま	0.5188430051876803
差込み	0.5188430051876803
差込む	0.5188430051876803
差込ん	0.5188430051876803
巻い	0.21621670106726473
巻か	0.3792691831583105
巻き	0.5751901951313284
巻きつく	0.5851901951313284
巻きつけ	0.5851901951313284
巻きつける	0.5951901951313284
巻きとる	0.5851901951313284
巻きもどす	0.5851901951313284
巻き上げ	0.5851901951313284
巻き上げる	0.5951901951313284
巻き付い	0.5851901951313284
巻き付き	1.408675638163681
巻き付く	0.5851901951313284
巻き付け	1.6745769717310857
巻き付ける	1.6845769717310857
巻き出さ	0.5851901951313284
巻き出し	1.1165629340039962
巻き出す	0.5851901951313284
巻き取っ	0.5851901951313284
巻き取ら	0.5851901951313284
巻き取り	0.7344516150509135
巻き取る	0.5851901951313284
巻き尺	0.5851901951313284
巻き戻さ	0.5851901951313284
巻き戻し	0.6303109527167043
巻き戻す	0.5851901951313284
巻き掛け	0.677772304913938
巻き掛ける	0.687772304913938
巻き数	0.5851901951313284
巻き癖	0.5851901951313284
巻き線	0.5851901951313284
巻き締め	0.6530821881525095
巻き芯	0.5851901951313284
巻き込ま	0.5851901951313284
巻き込み	0.5851901951313284
巻き込む	0.5851901951313284
巻き込ん	0.5851901951313284
巻く	0.1121893373417793
巻上	0.2243786746835586
巻上げ	0.41220994660249527
巻上げる	0.4222099466024953
巻付い	0.23033548451527405
巻付き	1.408675638163681
巻付け	1.6745769717310857
巻付ける	1.6845769717310857
巻厚	0.04240358376564003
巻取	0.8934989528697417
巻取っ	0.9034989528697417
巻取ら	0.9034989528697417
巻取り	0.9187986768828366
巻取る	0.9034989528697417
巻尺	0.05996772325459172
巻層	0.09481729578957762
巻数	0.08480716753128006
巻糸	0.1406367771170335
巻線	0.5966713127020528
巻締	0.08480716753128006
巻込	0.11993544650918345
巻込み	0.32731936484478924
巻込む	0.2644215025938402
巻返し	0.22201791882820016
巾木	0.10386714349118253
巾着	0.05996772325459172
市場	0.2435900433794421
市松	0.08480716753128006
市況	0.1406367771170335
市販	0.1121893373417793
布切れ	0.31160143047354766
布原	0.05996772325459172
布団	0.2579309304799971
布地	0.8265980208931468
布巾	0.08480716753128006
布帛	0.051349081050361844
布施	0.051349081050361844
布板	0.10269816210072369
布片	0.16238005187573473
布目	0.04240358376564003
布端	0.1624800746578055
布線	0.051349081050361844
布袋	0.19213066841614024
布製	0.16961433506256013
布設	0.19431763234344604
布量	0.15865968242239462
布面	0.22382545514220661
帆布	0.08893921730119896
希土	0.3622963785085141
希少	0.1748344547704601
希望	2.0520367480073203
希薄	0.15865968242239462
希釈	0.45472777610292275
帯び	0.20336044372468792
帯出	0.05996772325459172
帯域	0.8985158308901258
帯幅	0.07344516150509135
帯板	0.333886152456969
帯状	0.8000692183532595
帯磁	0.1406367771170335
帯金	0.13409190565316204
帯鋸	0.05996772325459172
帯鋼	0.04240358376564003
帯電	1.0819147884313454
帰っ	0.04240358376564003
帰り	0.07344516150509135
帰因	0.04240358376564003
帰宅	0.05996772325459172
帰属	0.17990316976377518
帰環	0.04240358376564003
帰着	0.05996772325459172
帰磁	0.04240358376564003
帰納	0.05996772325459172
帰路	0.04240358376564003
帰還	0.41111799780591846
帰零	0.05996772325459172
帳票	0.7393317459135471
常光	0.07344516150509135
常圧	0.20336044372468792
常態	0.12721075129692008
常数	0.31234426617838734
常時	0.5751901951313284
常法	0.1121893373417793
常温	0.48442626177755893
常用	0.7476539055204123
常直	0.04240358376564003
常設	0.04240358376564003
常駐	0.12721075129692008
帽子	0.47895234298450484
幅員	0.12721075129692008
幅寄せ	0.17422837374383504
幅広	0.32845674748767006
幅広い	0.41450440834611213
幅広く	0.34922867012512027
幅木	0.2508629846468741
幅狭	0.232253993475009
幕板	0.13409190565316204
干し	0.08480716753128006
干し固め	0.12993544650918346
干し物	0.10386714349118253
干し竿	0.08995158488188759
干せる	4.981356809539207
干拓	0.20336044372468792
干支	0.07261856683681703
干渉	0.8721129723492033
干満	0.05996772325459172
干潟	0.12721075129692008
干物	0.04240358376564003
干竿	0.08480716753128006
平たい	0.2975950975656642
平たく	0.08344516150509135
平たん	0.08995158488188759
平ら	0.43657161510339054
平凸	0.05839967568739539
平刃	0.09481729578957762
平台	2.380958938776718
平向	0.04240358376564003
平地	0.1851417446750359
平均	1.587775079973906
平坦	0.616188972604342
平型	0.07344516150509135
平常	0.3707475106845737
平形	0.19431763234344604
平打	0.08480716753128006
平文	0.09481729578957762
平方	0.7893035724683968
平日	0.23531105077970568
平時	0.04240358376564003
平板	1.0746566515059053
平滑	0.5854696031504643
平版	0.1651792267906097
平生	0.3124442889604581
平箱	0.04240358376564003
平米	0.2618299662808526
平素	0.10269816210072369
平編み	0.4587573493671172
平織	0.20336044372468792
平織り	0.418925352850343
平置き	0.4009417256758612
平行	1.3261589871452033
平衡	1.132011426007831
平面	1.6702270372467913
平頂	0.051349081050361844
年数	0.08480716753128006
年輪	0.05996772325459172
年金	0.10386714349118253
年間	0.04240358376564003
年齢	0.19431763234344604
幹線	0.15865968242239462
幹部	0.21621670106726473
幼児	0.1468903230101827
幾ら	0.05996772325459172
幾何	0.08893921730119896
幾分	0.09481729578957762
広い	0.4045044083461121
広がっ	0.2698547546456628
広がら	0.12993544650918346
広がり	0.28915388999957925
広がる	0.4313926463484964
広く	0.33922867012512026
広げ	0.20336044372468792
広げる	0.27967084287315297
広め	0.04240358376564003
広める	0.17990316976377518
広口	0.08480716753128006
広告	0.4406709690305481
広域	0.1748344547704601
広巾	0.09481729578957762
広幅	0.15865968242239462
広範	0.09481729578957762
広縁	0.04240358376564003
広義	0.07344516150509135
広葉	0.13409190565316204
広角	0.32014003689271686
床の間	0.08995158488188759
床上	0.25776031151185297
床下	0.39778087513470184
床仕上げ	0.6460537564846005
床厚	0.04240358376564003
床地	0.04240358376564003
床張り	0.34656801202533793
床振り	0.41003460917662976
床敷	0.08480716753128006
床材	0.6610064535458221
床束	0.07344516150509135
床板	0.45350280454248254
床版	0.9453241593952395
床用	0.07261856683681703
床置	0.04240358376564003
床置き	0.4009417256758612
床間	0.1121893373417793
床面	0.17030563517359884
底側	0.27805889375327486
底層	0.11222108579743963
底床	0.08480716753128006
底方	0.04240358376564003
底板	1.454185667658273
底枠	0.04240358376564003
底版	0.10269816210072369
底盤	0.05996772325459172
底蓋	0.20773428698236507
底角	0.19213066841614024
底辺	0.18483293647838678
底部	1.6610776696248053
底面	0.4232520247118984
店員	0.09481729578957762
店舗	0.48902198401561
店頭	0.05996772325459172
度合	0.41111799780591846
度合い	0.5569255116613574
度数	0.23531105077970568
座し	0.1121893373417793
座する	17.467303608502274
座っ	0.07344516150509135
座り	0.05996772325459172
座る	0.05996772325459172
座付き	1.408675638163681
座卓	0.05996772325459172
座屈	0.2748066310683302
座席	0.19213066841614024
座標	0.1778784346023979
座繰り	0.12721075129692008
座金	0.31160143047354766
座間	0.04240358376564003
座面	0.1778784346023979
庫内	0.5088430051876803
廃材	0.36476942004032376
廃棄	0.6374656422540286
廃水	0.1748344547704601
廃油	0.17990316976377518
廃液	0.281273554234067
廃熱	0.22835028699110468
廃物	0.10386714349118253
廊下	0.1468903230101827
延ばさ	0.1468903230101827
延ばし	0.22033548451527404
延ばす	0.12721075129692008
延び	1.2297039292035608
延びる	1.9123969267620855
延べ	0.08480716753128006
延伸	1.9627174504270843
延性	0.08893921730119896
延線	0.12721075129692008
延長	0.1778784346023979
建ち	0.04240358376564003
建て	0.21201791882820015
建てる	0.22201791882820016
建て付け	1.6745769717310857
建て増し	0.22201791882820016
建て替え	0.22201791882820016
建て替える	0.23201791882820016
建て込ま	0.3037806460203654
建て込み	0.32731936484478924
建て込む	0.2644215025938402
建て込ん	0.22201791882820016
建具	0.37208993744129004
建屋	0.31731936484478923
建替	0.05996772325459172
建材	0.3876770603335305
建機	0.08480716753128006
建物	0.051349081050361844
建築	0.861742651479005
建設	0.9715881617172301
建込み	0.32731936484478924
建造	2.190726688141614
廻り	0.2579309304799971
廻り止め	0.7170090301369303
开城	0.04240358376564003
弁別	0.16961433506256013
弁力	0.05996772325459172
弁口	0.1748344547704601
弁座	0.7417597713194705
弁棒	0.36966587295677356
弁済	0.19889043756735092
弁箱	0.3886352646868921
弁軸	0.2875950975656642
弁部	0.43243340213452947
弁開	0.47027849375542047
式中	1.2008527223469414
式内	0.05996772325459172
式微	0.27181381980398434
式量	0.04240358376564003
弓なり	1.95502608713121
弓形	0.1358568985109568
弓状	0.10269816210072369
弔事	0.04240358376564003
引い	0.2875950975656642
引か	0.13409190565316204
引き	0.3955142989915278
引きちぎっ	0.4055142989915278
引きちぎら	0.4055142989915278
引きちぎり	0.4055142989915278
引きちぎる	0.4055142989915278
引きつける	0.4055142989915278
引きつづき	0.4055142989915278
引きはがす	0.4055142989915278
引き上げ	0.45274638203230316
引き上げる	0.46274638203230317
引き下げ	0.4055142989915278
引き下げる	0.4155142989915278
引き下ろし	0.4055142989915278
引き付け	1.6745769717310857
引き付ける	1.6845769717310857
引き伸ばさ	0.4055142989915278
引き伸ばし	0.4055142989915278
引き伸ばす	0.4055142989915278
引き倒し	0.4055142989915278
引き側	0.4055142989915278
引き入れる	7.640385307621592
引き具	0.4055142989915278
引き出さ	0.6811024081382843
引き出し	1.1165629340039962
引き出す	0.41111799780591846
引き剥がし	0.4055142989915278
引き取っ	0.4055142989915278
引き取ら	0.4055142989915278
引き取り	0.6126681599904457
引き取る	0.4055142989915278
引き受ける	1.4980553636945153
引き合う	0.4055142989915278
引き回さ	0.5362146359520289
引き回し	0.4055142989915278
引き寄せ	0.4055142989915278
引き寄せる	4.991356809539207
引き延ばす	0.4055142989915278
引き廻し	0.4055142989915278
引き戸	0.4055142989915278
引き戻さ	0.4055142989915278
引き戻し	0.6303109527167043
引き戻す	0.5327864910819589
引き手	0.4055142989915278
引き抜い	0.4055142989915278
引き抜か	0.4055142989915278
引き抜き	0.5099308795699475
引き抜く	0.4055142989915278
引き抜け	0.4055142989915278
引き揃え	0.4055142989915278
引き揚げ	0.4055142989915278
引き換える	0.4055142989915278
引き残し	0.4055142989915278
引き渡し	0.4055142989915278
引き渡す	0.4055142989915278
引き窓	0.4055142989915278
引き算	0.4055142989915278
引き紐	0.4055142989915278
引き絞っ	0.4055142989915278
引き継い	0.4055142989915278
引き継ぐ	0.4055142989915278
引き続い	0.48218632509321646
引き続き	0.4055142989915278
引き続く	0.5345033643113803
引き締め	0.6530821881525095
引き締める	0.6630821881525095
引き落とし	0.4055142989915278
引き裂か	0.4055142989915278
引き裂き	0.4055142989915278
引き起こさ	0.4055142989915278
引き起こし	0.4055142989915278
引き起こす	0.4055142989915278
引き起し	0.4055142989915278
引き込ま	0.4055142989915278
引き込み	0.4055142989915278
引き込む	0.4055142989915278
引き込ん	0.4055142989915278
引き返し	0.4055142989915278
引き違い	0.4055142989915278
引き金	0.4055142989915278
引き降ろし	0.4055142989915278
引き離さ	0.4055142989915278
引き離し	0.4055142989915278
引き離す	0.4055142989915278
引く	0.20773428698236507
引け	0.04240358376564003
引っかかり	0.13409190565316204
引っかかる	0.5998519880265112
引っかけ	0.6737210705270433
引っかける	0.6837210705270433
引っ張っ	0.16961433506256013
引っ張ら	0.19889043756735092
引っ張り	0.41111799780591846
引っ張る	0.2875950975656642
引っ張れ	0.08480716753128006
引っ掛かり	0.27643754527417247
引っ掛かる	0.18224417150312877
引っ掛け	0.677772304913938
引っ掛ける	0.687772304913938
引っ込め	0.05996772325459172
引上げ	0.3722963785085141
引上げる	0.4055142989915278
引下げ	0.37966587295677356
引伸ばさ	0.1261269967375045
引出	0.41398952656628996
引出さ	0.5258618609599942
引出し	1.1165629340039962
引出す	0.42398952656628996
引力	0.25155809466840684
引取	0.17990316976377518
引取っ	0.1899031697637752
引取ら	0.1899031697637752
引取り	0.6126681599904457
引取る	0.2679309304799971
引寄せ	0.17422837374383504
引寄せる	4.991356809539207
引張	0.8034332242973927
引張っ	0.8134332242973927
引張り	0.8134332242973927
引張る	0.8134332242973927
引戸	0.4219103313511005
引戻さ	0.34118257636287075
引戻し	0.6303109527167043
引手	0.22835028699110468
引抜い	0.08995158488188759
引抜か	0.08344516150509135
引抜き	0.5099308795699475
引抜く	0.1374033155341651
引掛	0.23609316254660823
引掛り	0.24609316254660824
引換	0.11993544650918345
引数	0.11993544650918345
引渡	0.22964007162151076
引火	0.11482003581075538
引用	0.685082189375523
引留め	0.20431763234344605
引継	0.45274638203230316
引継ぎ	0.46274638203230317
引続い	0.48218632509321646
引続き	0.18724915584671722
引続く	0.5345033643113803
引裂	0.19889043756735092
引裂き	0.20889043756735093
引起こさ	0.22412760182266578
引起こす	0.19724915584671723
引起さ	0.10481729578957762
引起し	0.1372107512969201
引起す	0.07344516150509135
引込	0.25442150259384017
引込ま	0.3037806460203654
引込み	0.32731936484478924
引込む	0.2644215025938402
引込め	0.2644215025938402
引込ん	0.2644215025938402
引退	0.07344516150509135
引違い	0.22201791882820016
引金	0.08480716753128006
弗化	0.08480716753128006
弗点	0.04240358376564003
弗硝	0.04240358376564003
弗素	0.17990316976377518
弛ま	0.09481729578957762
弛み	0.2435900433794421
弛め	0.05996772325459172
弛める	0.06996772325459172
弛緩	0.22835028699110468
弧形	0.792175039800269
弧状	0.37208993744129004
弧線	0.04240358376564003
弯曲	1.0660346250253168
弱い	0.19889043756735092
弱く	0.12721075129692008
弱まり	0.05193357174559127
弱め	0.12721075129692008
弱める	0.1372107512969201
弱冠	0.05145000955067964
弱化	0.25155809466840684
弱起	0.07344516150509135
弱酸	0.1358568985109568
張っ	0.15288829553044753
張ら	0.16422837374383503
張り	0.3365680120253379
張りつけ	0.34656801202533793
張りつける	0.35656801202533794
張りつめ	0.34656801202533793
張り上げ	0.3722963785085141
張り付い	0.34656801202533793
張り付か	0.34656801202533793
張り付き	1.408675638163681
張り付く	0.34656801202533793
張り付け	1.6745769717310857
張り付ける	1.6845769717310857
張り出さ	0.5258618609599942
張り出し	1.1165629340039962
張り出す	0.41546857396473014
張り合わさ	0.38449831169343446
張り合わせ	1.3062602862313335
張り巡らさ	0.34656801202533793
張り巡らし	0.34656801202533793
張り曲げ	0.9194555522058455
張り渡さ	0.34656801202533793
張り渡し	0.34656801202533793
張り込み	0.34656801202533793
張る	0.15288829553044753
張付け	1.6745769717310857
張出	0.4797417860367338
張出さ	0.5258618609599942
張出し	1.1165629340039962
張力	0.22964007162151076
張板	0.09481729578957762
張込ま	0.3037806460203654
強い	0.19889043756735092
強いる	6.549781977253623
強く	0.20336044372468792
強め	0.08480716753128006
強める	0.08995158488188759
強め合い	0.16961433506256013
強め合う	0.33570810713583626
強伸	0.07344516150509135
強制	0.07261856683681703
強力	0.3144733937701738
強化	0.2812504999844426
強固	0.12721075129692008
強圧	0.05996772325459172
強度	0.4826526485344783
強弱	0.16961433506256013
強打	0.1121893373417793
強撚	0.08480716753128006
強腰	0.07344516150509135
強調	0.10269937775693107
強酸	0.10386714349118253
強靭	0.04240358376564003
強風	0.1406367771170335
弾か	0.05996772325459172
弾み	0.07344516150509135
弾丸	0.13409190565316204
弾力	0.5751901951313284
弾圧	0.09481729578957762
弾塑性	0.2562615415944651
弾性	2.3715699293461006
弾撥	0.15865968242239462
弾機	0.07344516150509135
弾着	0.04240358376564003
弾薬	0.29682508635948024
弾道	0.07344516150509135
彎曲	0.41079264840289476
当たっ	0.20113785847974305
当たら	0.41672088744937585
当たり	0.9348042914206429
当たり外れ	0.9448042914206429
当たる	0.45674947643487085
当っ	0.08480716753128006
当て	0.35223062078091094
当てがい	0.36223062078091095
当てがっ	0.36223062078091095
当てがわ	0.36223062078091095
当てはまる	0.36223062078091095
当てはめ	0.36223062078091095
当てる	0.36223062078091095
当て付け	1.6745769717310857
当て付ける	1.6845769717310857
当て布	0.36223062078091095
当て物	0.36223062078091095
当て金	0.36223062078091095
当に	0.04240358376564003
当ら	0.10386714349118253
当り	0.5798602868999779
当る	0.07344516150509135
当初	1.0905881631335377
当否	0.1748344547704601
当局	0.5031161893368137
当帰	0.05996772325459172
当座	0.05996772325459172
当日	0.37382695276020617
当節	0.05996772325459172
当該	2.992683806625924
当選	0.07344516150509135
当量	0.12577904733420342
当金	0.09481729578957762
当面	0.22673012062579842
形どっ	0.05193357174559127
形り	0.04240358376564003
形付け	1.6745769717310857
形体	0.7922759683005869
形作ら	0.5644988094351604
形削り	0.08344516150509135
形容	0.620453307033356
形式	1.8074584771230304
形態	0.19213066841614024
形成	2.590230241599259
形板	0.14523713367363406
形枠	0.04240358376564003
形状	2.120909753093369
形相	0.08893921730119896
形象	1.0523430108006537
形質	0.19431763234344604
形造ら	0.15689032301018271
形鋼	0.4386260811102694
彩度	0.11482003581075538
彩色	0.9611284089229527
彫り	0.05996772325459172
彫り込ま	0.3037806460203654
彫り込み	0.32731936484478924
彫刻	0.232253993475009
彫塑	0.04240358376564003
彫金	0.04240358376564003
影像	1.837120572972086
影響	0.359443567352533
役割	0.15288829553044753
役物	0.1406367771170335
役目	0.09481729578957762
役立ち	0.09480716753128006
役立つ	0.19431763234344604
往き	0.2579309304799971
往入	0.05996772325459172
往出	0.05996772325459172
往動	0.16961433506256013
往復	0.08893921730119896
往来	0.4234353698980883
往水	0.05996772325459172
往管	0.16961433506256013
往路	0.15865968242239462
往進	0.07344516150509135
往部	0.08480716753128006
征する	17.467303608502274
径路	0.1540472431510855
待た	0.04240358376564003
待ち	0.49993087956994753
待ち受け	1.4880553636945153
待っ	0.20773428698236507
待つ	0.20773428698236507
待合	0.04240358376564003
待期	0.07344516150509135
待機	0.07261856683681703
待避	0.09481729578957762
後ろ	0.17990316976377518
後ろ下	0.1899031697637752
後ろ側	0.1899031697637752
後ろ向き	0.8779797122485545
後下	0.07344516150509135
後付	0.04240358376564003
後付け	1.6745769717310857
後件	0.04240358376564003
後側	0.217855700510451
後傾	0.13409190565316204
後光	0.04240358376564003
後刻	0.07344516150509135
後動	0.05996772325459172
後半	0.24725325710649015
後口	0.07344516150509135
後向き	0.8779797122485545
後壁	0.10269816210072369
後尾	0.05996772325459172
後席	0.10386714349118253
後援	0.11482003581075538
後方	0.25155809466840684
後期	0.15865968242239462
後根	0.04240358376564003
後段	0.051349081050361844
後流	0.19431763234344604
後端	0.22382545514220661
後続	0.3886352646868921
後編	0.05996772325459172
後縁	0.3909417256758612
後置	0.051349081050361844
後者	0.08893921730119896
後背	0.04240358376564003
後脚	0.23609316254660823
後行	0.2748066310683302
後記	0.1748344547704601
後身	0.05996772325459172
後転	0.05996772325459172
後輪	0.4759790472671838
後述	0.05996772325459172
後退	0.705736285576272
後進	0.30870274951317084
後部	0.17030563517359884
後面	0.22673012062579842
徐々	0.5829528970303381
徐冷	0.21201791882820015
徐徐	0.14523713367363406
徐放	0.08480716753128006
徐行	0.05996772325459172
従い	0.507073111111465
従う	0.30870274951317084
従っ	1.232624845264509
従わ	0.08480716753128006
従前	0.04240358376564003
従属	0.2844518873687329
従来	0.15288829553044753
従業	0.25442150259384017
従軍	0.08480716753128006
得よう	5.633073355900962
得る	1.5911235005388074
得点	0.2613932455409794
御さ	0.04240358376564003
御し	0.04240358376564003
御す	0.04240358376564003
御する	17.467303608502274
御室	0.05996772325459172
復し	0.05996772325459172
復する	17.467303608502274
復元	0.6876705678976076
復原	0.11482003581075538
復号	0.9231913649208459
復帰	0.6569134949753401
復旧	0.1468903230101827
復水	0.3229360728346088
復活	0.04240358376564003
復調	0.3955142989915278
復路	0.11993544650918345
循環	0.3842613368322805
微分	0.23531105077970568
微動	0.15865968242239462
微小	0.41716190649590423
微少	0.2613932455409794
微弱	0.308094486302171
微粉	0.22382545514220661
微粒	0.5361001451166681
微細	0.10269816210072369
微量	0.43267504764532083
徴候	0.07344516150509135
徴収	0.07344516150509135
心下	0.05996772325459172
心体	0.05996772325459172
心拍	0.04240358376564003
心服	0.05996772325459172
心材	0.16422837374383503
心棒	0.21201791882820015
心理	1.078330702057599
心筋	0.16961433506256013
心線	0.40003460917662975
心肺	0.11482003581075538
心膜	0.05996772325459172
心臓	0.08480716753128006
心血	0.4043230685138198
心間	0.10386714349118253
必ず	0.17990316976377518
必要	1.1482003581075542
必須	0.3418686217701579
忌避	0.15288829553044753
忘れ	0.22033548451527404
忙し	0.05996772325459172
忙外	0.04240358376564003
応え	0.10386714349118253
応じ	2.5043256456778424
応ずる	0.08344516150509135
応分	0.10386714349118253
応力	0.7978186675705553
応募	0.04240358376564003
応対	0.09481729578957762
応援	0.04240358376564003
応札	0.07344516150509135
応物	0.04240358376564003
応用	0.22835028699110468
応答	1.2979930236526553
忠実	0.07344516150509135
快適	0.18963459157915524
思わ	0.07344516150509135
思想	2.0111541321627517
思索	0.32476010375146946
思考	0.685082189375523
急冷	0.11482003581075538
急変	0.11993544650918345
急峻	0.1121893373417793
急性	0.33671844226714864
急減	0.05996772325459172
急激	0.22033548451527404
急速	0.1540472431510855
性分	0.04240358376564003
性別	0.1406367771170335
性感	0.22382545514220661
性比	0.051349081050361844
性状	0.19887413575110632
性的	0.04240358376564003
性能	3.118373506165502
性腺	0.08893921730119896
性質	0.4586648865913426
恋愛	0.15288829553044753
恐れ	0.10386714349118253
恒久	0.1540472431510855
恒常	0.051349081050361844
恒数	0.08480716753128006
恒温	0.5261715054003269
恒湿	0.07344516150509135
悉く	0.04240358376564003
患っ	0.04240358376564003
患者	1.5093485680104408
悪い	0.13409190565316204
悪化	0.07344516150509135
悪性	0.15865968242239462
悪戯	0.05996772325459172
悪用	0.08480716753128006
悪臭	0.17990316976377518
悪路	0.05996772325459172
悬変	0.05996772325459172
情報	5.752527124072189
情況	0.3842613368322805
惰性	0.5083299678577193
想像	0.09481729578957762
想到	0.768522673664561
想定	0.07261856683681703
惹き起こさ	0.22412760182266578
惹起	0.07344516150509135
意匠	0.2715154149637838
意向	0.2904742673472681
意味	0.7408493016171801
意図	0.4022757169594861
意志	0.47895234298450484
意思	2.4161365996405544
意義	0.1121893373417793
意見	0.09481729578957762
意識	0.09481729578957762
愛玩	0.08480716753128006
愛称	0.18483293647838678
感じ	0.32845674748767006
感じる	0.3384567474876701
感作	0.16422837374383503
感光	0.552896573407658
感受	1.8145064574976155
感度	0.051349081050361844
感応	0.20336044372468792
感性	0.19934920259335814
感情	0.5795823243470024
感想	0.22964007162151076
感染	0.9299714108009206
感温	0.22382545514220661
感熱	0.6863619642990486
感知	0.42163257040043367
感色	0.04240358376564003
感覚	0.1406367771170335
感触	0.266817651903597
態勢	0.18963459157915524
態様	0.5363676226126481
慢性	0.3944197755669474
慣らし	0.24609316254660824
慣性	0.08893921730119896
慣用	0.05996772325459172
慶事	0.04240358376564003
憶する	17.467303608502274
憶部	0.05996772325459172
應匕	0.04240358376564003
應防	0.04240358376564003
懐中	0.09481729578957762
懸け	0.04240358376564003
懸吊	0.11222140028536706
懸垂	0.23609316254660823
懸架	0.07261856683681703
懸濁	0.6811024081382843
成さ	0.408925352850343
成し	0.5279203604771234
成す	0.5052970176995808
成せ	0.04240358376564003
成っ	0.23609316254660823
成り	0.8884537462347022
成り立っ	0.8984537462347022
成り立つ	0.8984537462347022
成る	1.8000308822177775
成人	0.6825700363700151
成体	0.051349081050361844
成分	1.5793494882330292
成功	2.119553556258303
成否	0.11993544650918345
成型	1.1632930263310328
成層	0.22033548451527404
成年	0.1753167289375407
成形	0.7581600960141764
成立	1.4851541278089477
成績	0.11993544650918345
成育	0.08480716753128006
成膜	0.45350280454248254
成長	0.5512465889533205
或いは	1.0490067286227607
或は	0.3768912964999357
或る	0.31160143047354766
截紙	0.04240358376564003
截頭	0.15865968242239462
戸境	0.10386714349118253
戸外	0.09481729578957762
戸建て	0.22201791882820016
戸板	0.18483293647838678
戸枠	0.12721075129692008
戸棚	0.10386714349118253
戸締り	0.14409190565316204
戸袋	0.23609316254660823
戸車	0.32014003689271686
戻さ	0.33118257636287074
戻し	0.6203109527167043
戻し入れ	0.676424629867402
戻す	0.5227864910819588
戻っ	0.2715154149637838
戻ら	0.09481729578957762
戻り	0.6174054990263417
戻り止め	0.7170090301369303
戻り量	0.6274054990263417
戻る	0.3444883430062575
戻ろう	0.3329360728346088
房水	0.07261856683681703
房糸	0.2937806460203654
所々	0.09481729578957762
所与	0.3365680120253379
所在	1.5032218741364005
所定	0.08893921730119896
所属	1.0397396458411208
所持	0.29983861627295866
所有	2.502444663964021
所望	0.9762038084180551
所期	0.11993544650918345
所用	0.6474872754193275
所要	0.6876705678976076
所謂	0.08904014580151677
所載	0.04240358376564003
扁平	0.3842613368322805
扇動	0.04240358376564003
扇型	0.05996772325459172
扇形	0.32067490837910695
扇状	0.2579309304799971
扇風	0.232253993475009
扉側	0.19889043756735092
扉板	0.1406367771170335
手がかり	0.05996772325459172
手さげ	0.05193357174559127
手すり	0.38514967620912804
手つき	0.4506709690305481
手のひら	0.36966587295677356
手ま	0.04240358376564003
手わ	0.05996772325459172
手元	0.10386714349118253
手先	0.04240358376564003
手入れ	0.676424629867402
手前	0.5141161305356395
手動	0.14523713367363406
手回し	0.41003460917662976
手型	0.05996772325459172
手巻	0.2398708930183669
手形	0.07261856683681703
手持	0.551847531867641
手持ち	0.561847531867641
手指	1.3816624632285701
手振れ	0.1899031697637752
手掌	0.8968839640093171
手掛かり	0.29983861627295866
手掛け	0.677772304913938
手掛り	0.20889043756735093
手摺	0.5951626596867626
手摺り	0.6051626596867626
手数	0.07261856683681703
手曲げ	0.9194555522058455
手書き	0.32845674748767006
手段	1.1108504680502156
手法	0.48442626177755893
手洗	0.17990316976377518
手洗い	0.4276268667943385
手漉き	0.05193357174559127
手続	0.18483293647838678
手続き	0.232253993475009
手編	0.10386714349118253
手織	0.08480716753128006
手腕	0.4649857054004603
手芸	0.05996772325459172
手術	0.051349081050361844
手袋	0.10269816210072369
手軽	0.04240358376564003
手順	1.0685366567262577
手首	0.11993544650918345
打た	0.05996772325459172
打ち	0.3229360728346088
打ちこむ	0.3329360728346088
打ちつけ	0.35448834300625753
打ち上げ	0.3722963785085141
打ち上げる	0.4055142989915278
打ち付け	1.6745769717310857
打ち出し	1.1165629340039962
打ち切り	0.46274638203230317
打ち勝っ	0.3329360728346088
打ち勝つ	0.3329360728346088
打ち寄せる	4.991356809539207
打ち抜い	0.3329360728346088
打ち抜か	0.3329360728346088
打ち抜き	0.5099308795699475
打ち抜く	0.3329360728346088
打ち杭	0.3329360728346088
打ち消さ	0.3329360728346088
打ち消し	0.3329360728346088
打ち消す	0.3329360728346088
打ち継ぎ	0.41450440834611213
打ち継ぐ	0.3329360728346088
打ち込ま	0.3329360728346088
打ち込み	0.3329360728346088
打ち込む	0.3329360728346088
打ち込ん	0.3329360728346088
打っ	0.05996772325459172
打刻	0.05996772325459172
打力	0.04240358376564003
打抜い	0.08995158488188759
打抜か	0.08344516150509135
打抜き	0.5099308795699475
打抜く	0.14409190565316204
打撃	0.3816322538907603
打撲	0.05996772325459172
打数	0.07344516150509135
打消	0.11482003581075538
打点	0.1851417446750359
打球	0.19887413575110632
打継	0.08480716753128006
打継ぎ	0.41450440834611213
打継ぐ	0.09480716753128006
打綿	0.05996772325459172
打設	0.7145978954574249
打込ま	0.3037806460203654
打込み	0.32731936484478924
打込む	0.2644215025938402
打込ん	0.20431763234344605
打返し	0.22201791882820016
払い	0.07344516150509135
払い出さ	0.5258618609599942
払い出し	1.1165629340039962
払い出す	0.3722963785085141
払い落とす	0.1899031697637752
払出	0.16961433506256013
払出し	1.1165629340039962
払拭	0.21621670106726473
托す	0.04240358376564003
扛上	0.09481729578957762
扛動	0.04240358376564003
扛重	0.07344516150509135
扮末	0.04240358376564003
扱い	0.11993544650918345
扱う	0.15865968242239462
扱き	0.04240358376564003
扱っ	0.05996772325459172
扱わ	0.04240358376564003
承り	0.05996772325459172
承継	0.10386714349118253
承認	0.21201791882820015
承諾	0.051349081050361844
技手	0.04240358376564003
技法	0.24626154159446512
技能	1.1378196294825758
技術	0.8997085829800698
技量	0.1121893373417793
抄い	0.07344516150509135
抄き	0.2613932455409794
抄紙	0.6332205408116766
抄造	0.11482003581075538
抉り	0.04240358376564003
抉欠	0.08480716753128006
把手	0.6615866297794724
把持	0.17030563517359884
把握	0.7859530144588126
抑え	0.30577659106089505
抑える	0.31577659106089506
抑制	1.8147378399567995
抑圧	0.1406367771170335
抑止	0.07261856683681703
投下	0.09481729578957762
投与	0.8575594100197298
投光	0.07261856683681703
投入	1.5076006246701197
投写	0.32014003689271686
投出	0.07261856683681703
投出さ	0.5258618609599942
投射	0.6595908887926242
投影	1.7481326884840793
投映	0.08480716753128006
投票	0.786290111272263
投稿	0.31234426617838734
投資	0.051349081050361844
投錨	0.05996772325459172
抗し	0.5262146359520289
抗する	17.467303608502274
抗ガン	0.37966587295677356
抗体	2.594526334883027
抗力	0.10269816210072369
抗原	1.1641641877778015
抗張	0.32570810713583626
抗生	0.05996772325459172
抗菌	0.5491968928597172
抗酸	0.08480716753128006
折っ	0.04240358376564003
折ら	0.07344516150509135
折り	0.3932346586843407
折りたたま	0.4032346586843407
折りたたみ	0.4032346586843407
折りたたむ	0.4032346586843407
折りたたん	0.4032346586843407
折り下げ	0.4032346586843407
折り曲がる	0.4032346586843407
折り曲げ	1.0827454333048985
折り曲げる	1.0927454333048985
折り畳ま	0.4487573493671172
折り畳み	0.6863619642990486
折り畳む	0.4032346586843407
折り畳ん	0.4032346586843407
折り目	0.4032346586843407
折り線	0.4032346586843407
折り込ま	0.4032346586843407
折り込み	0.4032346586843407
折り込ん	0.4032346586843407
折り返さ	0.4032346586843407
折り返し	0.8710814959712969
折り返す	0.4032346586843407
折り重なっ	1.9106079047464861
折り重なる	5.190010407421949
折り重ね	0.7930324357354879
折る	0.05996772325459172
折れ	0.29682508635948024
折れ曲がっ	0.30682508635948025
折れ曲がら	0.30682508635948025
折れ曲がり	0.5135146593495772
折れ曲がる	0.30682508635948025
折れ目	0.30682508635948025
折れ線	0.30682508635948025
折戸	0.19889043756735092
折損	0.07344516150509135
折曲げ	0.9194555522058455
折曲げる	0.9294555522058455
折畳	0.24725325710649015
折畳ま	0.25725325710649016
折畳み	0.46740214571032146
折畳ん	0.25725325710649016
折目	0.15865968242239462
折線	0.08893921730119896
折込	0.13409190565316204
折込み	0.32731936484478924
折込む	0.2644215025938402
折返	0.1358568985109568
折返さ	0.14585689851095682
折返し	0.5496132621366604
折返す	0.23033548451527405
折重ね	0.7930324357354879
折重ねる	0.8030324357354879
抜い	0.07344516150509135
抜か	0.07344516150509135
抜き	0.49993087956994753
抜きとっ	0.5099308795699475
抜き出さ	0.5258618609599942
抜き出し	1.1165629340039962
抜き出す	0.5099308795699475
抜き取っ	0.5099308795699475
抜き取ら	0.5099308795699475
抜き取り	0.6126681599904457
抜き取る	0.5099308795699475
抜き差し	0.5099308795699475
抜き挿し	0.5099308795699475
抜き糸	0.5099308795699475
抜く	0.13409190565316204
抜け	0.26818381130632407
抜ける	0.2781838113063241
抜け出	0.2781838113063241
抜け出さ	0.5258618609599942
抜け出し	1.1165629340039962
抜け出る	0.4009417256758612
抜け止め	0.7170090301369303
抜け落ち	0.30070432411640113
抜出	0.13409190565316204
抜出さ	0.5258618609599942
抜出し	1.1165629340039962
抜去	0.11993544650918345
抜取り	0.6126681599904457
抜取る	0.2679309304799971
抜差	0.09481729578957762
抜染	0.15288829553044753
抜穴	0.05996772325459172
抜糸	0.04240358376564003
抜群	0.07344516150509135
択一	0.18483293647838678
披覆	0.11482003581075538
抱い	0.04240358376564003
抱える	0.20889043756735093
抱え込み	0.32731936484478924
抱え込む	0.2644215025938402
抱き	0.05996772325459172
抱き付か	0.11993544650918345
抱き締め	0.6530821881525095
抱き込み	0.32731936484478924
抱き込む	0.2644215025938402
抱き込ん	0.20431763234344605
抱合	0.14523713367363406
抱持	0.281273554234067
抱込む	0.2644215025938402
抵抗	0.42961723514096134
抵触	0.4953944615482464
抹消	0.07344516150509135
押え	0.9319146267281898
押えつける	0.9419146267281898
押える	0.9419146267281898
押え付け	1.6745769717310857
押え付ける	1.6845769717310857
押え込む	0.9419146267281898
押さ	0.2748066310683302
押さえ	0.7737927914399911
押さえつける	0.7837927914399911
押さえる	0.7837927914399911
押さえ付け	1.6745769717310857
押さえ付ける	1.6845769717310857
押さえ枠	0.7837927914399911
押さえ棒	0.7837927914399911
押さえ込む	0.7837927914399911
押さえ込ん	0.7837927914399911
押し	0.5463319596034649
押しこん	0.5563319596034649
押しつけ	0.5563319596034649
押しつける	0.5663319596034649
押しつぶさ	0.5563319596034649
押しつぶし	0.5563319596034649
押しのけ	0.5563319596034649
押しのける	0.5663319596034649
押しもどさ	0.5563319596034649
押しやる	0.5563319596034649
押し上げ	0.5563319596034649
押し上げる	0.5663319596034649
押し下げ	0.5563319596034649
押し下げる	0.5663319596034649
押し付け	1.6745769717310857
押し付ける	1.6845769717310857
押し入れ	0.676424629867402
押し入れる	7.640385307621592
押し出さ	0.5563319596034649
押し出し	1.1165629340039962
押し出す	0.5563319596034649
押し割る	0.5563319596034649
押し動かす	0.5563319596034649
押し圧す	0.5563319596034649
押し広げ	0.5563319596034649
押し広げる	0.5663319596034649
押し引き	0.5563319596034649
押し当て	0.5563319596034649
押し当てる	0.5663319596034649
押し戻さ	0.5563319596034649
押し戻し	0.6303109527167043
押し戻す	0.5563319596034649
押し流し	0.5563319596034649
押し流す	0.5725471084681341
押し潰さ	0.5563319596034649
押し潰し	0.5563319596034649
押し潰す	0.5563319596034649
押し込	0.5563319596034649
押し込ま	0.5663319596034649
押し込み	0.5663319596034649
押し込む	0.5663319596034649
押し込める	0.5663319596034649
押し込ん	0.5663319596034649
押し返す	0.5563319596034649
押し退け	0.5563319596034649
押し退ける	0.5663319596034649
押し進め	0.5563319596034649
押し進める	0.5663319596034649
押し開く	0.5741429899963556
押し開ける	0.5563319596034649
押す	0.24725325710649015
押上	0.19889043756735092
押上げ	0.3780821092507383
押上げる	0.4055142989915278
押下	0.33118257636287074
押下げ	0.37966587295677356
押付	0.2907043241164011
押付け	1.6745769717310857
押付ける	1.6845769717310857
押入	0.16961433506256013
押入れ	0.676424629867402
押出	0.08893921730119896
押出さ	0.5258618609599942
押出し	1.1165629340039962
押出す	0.3722963785085141
押印	0.04240358376564003
押圧	1.727132894981
押捺	0.281273554234067
押板	0.10386714349118253
押角	0.10386714349118253
押込	0.16422837374383503
押込ま	0.3037806460203654
押込み	0.32731936484478924
押込む	0.2644215025938402
押込ん	0.20431763234344605
抽出	0.44172149735894733
抽斗	0.07261856683681703
抽残	0.05996772325459172
抽気	0.3622963785085141
抽象	0.4265375019918499
抽選	0.12721075129692008
担い	0.05996772325459172
担う	0.19431763234344604
担っ	0.05996772325459172
担わ	0.07344516150509135
担体	0.5561177875065497
担保	0.5409961384737844
担当	0.2858995835362751
担持	1.1370171307970602
拒否	0.11993544650918345
拘ら	0.09481729578957762
拘わら	0.18724915584671722
拘持	0.08480716753128006
拘束	0.6954704835215051
拘止	0.18483293647838678
拝する	17.467303608502274
拠点	0.12721075129692008
拠金	0.04240358376564003
拡がっ	0.15580071523677383
拡がり	0.19431763234344604
拡がる	0.20113785847974305
拡げ	0.20336044372468792
拡げる	0.21336044372468793
拡り	0.04240358376564003
拡声	0.05996772325459172
拡大	0.8945045794715053
拡布	0.11993544650918345
拡幅	0.3365680120253379
拡張	0.682421097481562
拡散	0.9835437900262867
拡縮	0.19889043756735092
括っ	0.04240358376564003
括れ	0.11993544650918345
括弧	0.07344516150509135
拭い	0.08480716753128006
拭う	0.04240358376564003
拭き	0.281273554234067
拭き取っ	0.29127355423406703
拭き取ら	0.29127355423406703
拭き取り	0.6126681599904457
拭く	0.05996772325459172
拭っ	0.04240358376564003
拮抗	0.44765091028441323
拾い	0.04240358376564003
拾い上げ	0.3722963785085141
拾い上げる	0.4055142989915278
拾っ	0.05996772325459172
持さ	0.477864120178054
持し	0.4406709690305481
持する	17.467303608502274
持せ	0.04240358376564003
持た	0.37449831169343445
持たさ	0.38449831169343446
持ち	0.4586648865913426
持ち上がり	0.4686648865913426
持ち上がる	0.4686648865913426
持ち上げ	0.4686648865913426
持ち上げる	0.4786648865913426
持ち出し	1.1165629340039962
持ち堪え	0.4686648865913426
持ち帰っ	0.4686648865913426
持ち手	0.4686648865913426
持ち込ま	0.4686648865913426
持ち運び	0.4686648865913426
持ち運ぶ	0.4686648865913426
持っ	0.40003460917662975
持つ	0.9367257822280699
持上げ	0.3722963785085141
持出し	1.1165629340039962
持参	0.04240358376564003
持口	0.05996772325459172
持家	0.051349081050361844
持手	0.1121893373417793
持物	0.051349081050361844
持続	0.41762686679433847
指し	0.1121893373417793
指し示す	2.1424407715088
指す	0.05996772325459172
指令	3.3380852378350787
指値	0.17990316976377518
指先	0.1468903230101827
指向	0.6555811805785846
指図	0.04240358376564003
指定	2.0378534776643527
指導	0.12721075129692008
指差し	0.2748066310683302
指抜き	0.5099308795699475
指掛け	0.677772304913938
指揮	0.07344516150509135
指数	0.8199790679052364
指板	0.07261856683681703
指標	0.11482003581075538
指示	3.304344286609911
指穴	0.09481729578957762
指紋	0.5261715054003269
指針	0.45472777610292275
按分	0.05996772325459172
挙げ	0.08480716753128006
挙動	0.7368957203588813
挟ま	0.5397095092913256
挟まり	0.5497095092913256
挟み	0.3229360728346088
挟みこむ	0.3329360728346088
挟みこん	0.3329360728346088
挟み上げ	0.3722963785085141
挟み上げる	0.4055142989915278
挟み付け	1.6745769717310857
挟み込ま	0.3329360728346088
挟み込み	0.41111799780591846
挟み込む	0.39778087513470184
挟み込ん	0.33922867012512026
挟む	0.45274638203230316
挟ん	0.8244198932049905
振とう	0.12993544650918346
振ら	0.1406367771170335
振り	0.40003460917662975
振りわけ	0.41003460917662976
振り上	0.41003460917662976
振り上げ	0.42003460917662977
振り下し	0.41003460917662976
振り下ろす	0.41003460917662976
振り仮名	0.41003460917662976
振り出さ	0.5258618609599942
振り分け	0.5530308299275676
振り分ける	0.5630308299275676
振り切り	0.46274638203230317
振り動かす	0.5319259366037505
振り回し	0.41003460917662976
振り子	0.41003460917662976
振り幅	0.41003460917662976
振り落とし	0.41003460917662976
振り落とす	0.41003460917662976
振り込ま	0.41003460917662976
振り込み	0.41003460917662976
振り込む	0.41003460917662976
振り込ん	0.41003460917662976
振る	0.07344516150509135
振る舞う	0.08480716753128006
振れ	0.17990316976377518
振れる	7.630385307621593
振れ幅	0.1899031697637752
振れ止め	0.7170090301369303
振れ角	0.1899031697637752
振分	0.20773428698236507
振分け	0.5530308299275676
振分ける	0.5630308299275676
振動	0.2717137970219136
振子	0.500488932792804
振幅	0.4592801432430215
振振	0.05996772325459172
振盪	0.1358568985109568
振込	0.20773428698236507
挽き	0.24725325710649015
挾ま	0.10386714349118253
挾み	0.2435900433794421
挾む	0.18483293647838678
挾ん	0.22835028699110468
挾入	0.05996772325459172
挾圧	0.1468903230101827
挾持	0.41762686679433847
挾着	0.21201791882820015
挿さ	0.4406709690305481
挿し	0.3909417256758612
挿し口	0.4009417256758612
挿す	0.16961433506256013
挿せ	0.04240358376564003
挿ん	0.04240358376564003
挿入	2.2842901489793994
挿画	0.07344516150509135
捉え	0.11993544650918345
捉える	0.20889043756735093
捌い	0.07344516150509135
捌き	0.07344516150509135
捏和	0.04240358376564003
捕え	0.1121893373417793
捕える	0.232253993475009
捕らえ	0.07344516150509135
捕らえる	0.20889043756735093
捕手	0.05996772325459172
捕捉	0.7650840762210985
捕獲	0.1851417446750359
捕縛	0.11993544650918345
捕集	0.32476010375146946
捜し出さ	0.5258618609599942
捜し出し	1.1165629340039962
捜し出す	0.3722963785085141
捜索	0.07344516150509135
捨て	0.16961433506256013
捨型	0.07344516150509135
捨耳	0.07344516150509135
捩じり	0.17961433506256014
捩じる	0.06996772325459172
捩じれ	0.12721075129692008
捩じ込ま	0.3037806460203654
捩じ込み	0.32731936484478924
捩ら	0.09481729578957762
捩り	0.3955142989915278
捩り力	0.4055142989915278
捩れ	0.15865968242239462
捩込み	0.32731936484478924
据え	0.04240358376564003
据えつけ	0.35448834300625753
据え付け	1.6745769717310857
据え付ける	1.6845769717310857
据え置き	0.4009417256758612
据付	0.2937806460203654
据付け	1.6745769717310857
据付ける	1.6845769717310857
捲か	0.10386714349118253
捲き	0.1121893373417793
捲り	0.09481729578957762
捲付	0.12721075129692008
捲取	0.05996772325459172
捲回	0.20773428698236507
捲縮	0.6902803327525401
捲装	0.09481729578957762
捲鈎	0.1121893373417793
捷た	0.05996772325459172
捺印	0.11993544650918345
捺染	0.5689037747374658
捻ら	0.07344516150509135
捻り	0.11993544650918345
捻れ	0.09481729578957762
捻回	0.04240358376564003
捻転	0.04240358376564003
掃き出し	1.1165629340039962
掃出	0.07344516150509135
掃出し	1.1165629340039962
掃引	0.2907043241164011
掃気	0.3365680120253379
掃流	0.07344516150509135
掃部	0.09481729578957762
掃除	0.35980633952755037
掃集	0.12721075129692008
授受	0.07261856683681703
掌握	1.3204202624077235
掌紋	0.16961433506256013
排さ	0.04240358376564003
排し	0.05996772325459172
排す	0.04240358376564003
排する	17.467303608502274
排他	0.051349081050361844
排便	0.22964007162151076
排出	0.9537668494067284
排卵	0.051349081050361844
排土	0.2508629846468741
排尿	0.14523713367363406
排気	2.293324432956713
排水	0.6870038823211095
排泄	0.217855700510451
排泥	0.1358568985109568
排液	0.2618299662808526
排煙	0.10386714349118253
排熱	0.567321285511453
排紙	0.5193357174559128
排除	1.2802179379936958
排風	0.1468903230101827
掘ら	0.04240358376564003
掘り	0.2748066310683302
掘り下げ	0.37966587295677356
掘り残し	0.36223062078091095
掘り起こさ	0.2848066310683302
掘り起こし	0.2848066310683302
掘り起こす	0.2848066310683302
掘り起し	0.2848066310683302
掘り込ま	0.3037806460203654
掘り込み	0.32731936484478924
掘り込む	0.2848066310683302
掘り込ん	0.2848066310683302
掘れる	7.630385307621593
掘下げ	0.37966587295677356
掘削	1.1758873889682047
掘設	0.04240358376564003
掘進	0.5641429899963556
掛かっ	0.08995158488188759
掛かり	0.08995158488188759
掛かる	0.17224417150312876
掛かれ	0.09480716753128006
掛け	0.667772304913938
掛ける	0.677772304913938
掛け合い	0.677772304913938
掛け合せ	0.677772304913938
掛け合わ	0.677772304913938
掛け合わせ	1.3062602862313335
掛け合わせる	4.991356809539207
掛け回さ	0.677772304913938
掛け回し	0.677772304913938
掛け声	0.677772304913938
掛け替え	0.677772304913938
掛け渡さ	0.677772304913938
掛け渡し	0.677772304913938
掛け渡す	0.677772304913938
掛け目	0.677772304913938
掛け算	0.677772304913938
掛け軸	0.677772304913938
掛け金	0.677772304913938
掛っ	0.04240358376564003
掛り	0.19889043756735092
掛合	0.2844518873687329
掛布	0.04240358376564003
掛渡さ	0.1948329364783868
掛渡し	0.2535900433794421
掛渡す	0.29127355423406703
掛算	0.05996772325459172
掛金	0.2398708930183669
採っ	0.05996772325459172
採り	0.05996772325459172
採る	0.12721075129692008
採光	0.32845674748767006
採取	0.22382545514220661
採寸	0.05996772325459172
採尿	0.1121893373417793
採択	0.11993544650918345
採掘	0.22033548451527404
採水	0.09481729578957762
採点	0.15288829553044753
採用	1.9533918941439319
採石	0.11993544650918345
採血	0.2613932455409794
採集	0.08480716753128006
探さ	0.05996772325459172
探し	0.10386714349118253
探す	0.20773428698236507
探り	0.16961433506256013
探傷	0.45670057398220937
探査	0.37449831169343445
探知	0.07261856683681703
探索	0.9565273959885678
探針	0.2904742673472681
接ぎ	0.12721075129692008
接ぎ合わせ	1.3062602862313335
接ぎ合わせる	4.991356809539207
接さ	0.7356746827008965
接し	1.1362261622625178
接す	0.10386714349118253
接する	17.467303608502274
接せ	0.10386714349118253
接せる	4.981356809539207
接合	0.9970188077554853
接地	0.1403892268518786
接客	0.07261856683681703
接手	0.19213066841614024
接点	0.4043230685138198
接目	0.08893921730119896
接眼	0.2243786746835586
接着	0.7494151656889805
接種	0.08480716753128006
接続	4.383185250964499
接線	0.5296205914826817
接触	2.0183520388394083
接近	1.1765552538985282
控え	0.1121893373417793
控除	0.08480716753128006
推さ	0.04240358376564003
推し	0.04240358376564003
推力	0.44172149735894733
推奨	0.26481029574134085
推定	0.17030563517359884
推測	0.10269816210072369
推理	0.30378526028278935
推移	0.23531105077970568
推薦	0.17030563517359884
推論	0.3028221585760398
推進	0.08893921730119896
掩う	0.05996772325459172
掩体	0.051349081050361844
掩蓋	0.09481729578957762
掩蔽	0.308094486302171
措置	0.10386714349118253
掬い	0.05996772325459172
掬い上げ	0.3722963785085141
掬っ	0.05996772325459172
掲げ	0.07344516150509135
掲示	0.26818381130632407
掲載	0.11993544650918345
掲返	0.04240358376564003
掴み	0.18963459157915524
掴み取ら	0.19963459157915525
掴み取る	0.2679309304799971
掴む	0.09481729578957762
掴める	0.07344516150509135
掴ん	0.1468903230101827
掴取	0.07344516150509135
掴持	0.12721075129692008
掻き	0.19431763234344604
掻き上げ	0.3722963785085141
掻き出し	1.1165629340039962
掻き出す	0.3722963785085141
掻き取っ	0.20431763234344605
掻き取り	0.6126681599904457
掻き取る	0.2679309304799971
掻き落とし	0.242253993475009
掻き落とす	0.20431763234344605
掻き込み	0.32731936484478924
掻出	0.15288829553044753
掻取	0.22835028699110468
掻寄	0.05996772325459172
掻揚	0.05996772325459172
掻潜ら	0.05193357174559127
掻落	0.10386714349118253
揃う	0.1468903230101827
揃え	0.2748066310683302
揃える	0.2848066310683302
揃っ	0.1406367771170335
揃わ	0.05996772325459172
揃毛	0.04240358376564003
揉み	0.04240358376564003
揉みしだく	0.06704595282658102
描い	0.13409190565316204
描か	0.17990316976377518
描き	0.1406367771170335
描く	0.23609316254660823
描写	0.6140457001188739
描出	0.051349081050361844
描型	0.07344516150509135
描画	0.08893921730119896
提供	7.5420246508820075
提出	2.2998427377065513
提案	0.308094486302171
提示	2.105312323064836
揚げ	0.10386714349118253
揚り	0.08480716753128006
揚力	0.1748344547704601
揚水	0.3229360728346088
揚重	0.09481729578957762
換え	0.16422837374383503
換える	0.20889043756735093
換わり	0.1948329364783868
換わる	0.1161269967375045
換気	0.7283054683785142
換算	0.5446838956385551
換言	0.05996772325459172
換金	0.04240358376564003
握っ	0.15865968242239462
握ら	0.04240358376564003
握り	0.2579309304799971
握る	0.1406367771170335
握力	0.11993544650918345
握持	0.4234353698980883
握玉	0.05996772325459172
握索	0.07344516150509135
握部	0.07261856683681703
揮発	0.7513934187077169
援助	0.7387846247833952
援用	0.09481729578957762
揷入	0.04240358376564003
揷溝	0.07344516150509135
揺り戻し	0.6303109527167043
揺れ	0.20336044372468792
揺動	1.356914680500481
揺振	0.05996772325459172
揺水	0.08480716753128006
損う	0.04240358376564003
損ね	0.05996772325459172
損傷	0.10269816210072369
損壊	0.04240358376564003
損失	0.1778784346023979
損益	0.04240358376564003
損耗	0.1358568985109568
搖動	0.1406367771170335
搦め	0.04240358376564003
搬入	0.07261856683681703
搬出	0.10269816210072369
搬器	0.2435900433794421
搬込	0.05996772325459172
搬送	0.2858995835362751
搭乗	0.3028221585760398
搭載	0.051349081050361844
携帯	1.4171934922096912
携持	0.04240358376564003
携行	0.08893921730119896
搾り	0.04240358376564003
搾乳	0.11993544650918345
搾液	0.09481729578957762
摂動	0.08480716753128006
摂取	0.1468903230101827
摂氏	0.17990316976377518
摘み	0.2398708930183669
摘ん	0.04240358376564003
摘出	0.04240358376564003
摘持	0.04240358376564003
摘部	0.11993544650918345
摩剤	0.04240358376564003
摩加	0.05996772325459172
摩擦	0.9983402381667715
摩耗	0.07261856683681703
摺り	0.05996772325459172
摺動	1.6515637925400761
摺曲	0.05996772325459172
撃退	0.1748344547704601
撐脂	0.04240358376564003
撒去	0.05996772325459172
撒水	0.08480716753128006
撓ま	0.1748344547704601
撓み	0.5512465889533205
撓む	0.21621670106726473
撓め	0.1406367771170335
撓ん	0.07344516150509135
撚っ	0.05996772325459172
撚ら	0.10386714349118253
撚り	0.7095476703700057
撚りあわせ	0.7195476703700057
撚り合せ	0.7195476703700057
撚り合わせ	1.3062602862313335
撚り合わせる	4.991356809539207
撚り糸	0.7195476703700057
撚る	0.07344516150509135
撚体	0.05996772325459172
撚係	0.1748344547704601
撚側	0.07344516150509135
撚力	0.04240358376564003
撚加	0.2748066310683302
撚又	0.04240358376564003
撚合	0.2398708930183669
撚回	0.13409190565316204
撚域	0.05996772325459172
撚山	0.04240358376564003
撚張	0.05996772325459172
撚戻	0.04240358376564003
撚抱	0.05996772325459172
撚捲	0.10386714349118253
撚撚	0.04240358376564003
撚数	0.18483293647838678
撚構	0.05996772325459172
撚機	0.05996772325459172
撚無	0.11993544650918345
撚糸	0.4427064115895453
撚素	0.04240358376564003
撚線	0.20773428698236507
撚装	0.05996772325459172
撚複	0.10386714349118253
撚部	0.16961433506256013
撚開	0.05996772325459172
撚電	0.11993544650918345
撤去	0.3768912964999357
撥条	0.10386714349118253
撥水	0.5593416857463059
播種	0.11993544650918345
撮す	0.04240358376564003
撮り	0.08480716753128006
撮像	1.8502739517128308
撮影	1.315194847676649
撹乱	0.04240358376564003
撹拌	0.6303745913926837
擁土	0.07344516150509135
擁壁	0.21201791882820015
操作	5.553777597539817
操向	0.2243786746835586
操業	0.23609316254660823
操縦	0.666424629867402
操舵	0.6758019197272905
操船	0.16422837374383503
擦り付ける	1.6845769717310857
擦り潰さ	0.14409190565316204
擦り潰し	0.12993544650918346
擦り潰す	0.12993544650918346
擦係	0.04240358376564003
擦傷	0.11993544650918345
擦過	0.1121893373417793
擬し	0.04240358376564003
擬人	0.08480716753128006
擬似	0.11482003581075538
擬装	0.11993544650918345
擬音	0.10386714349118253
擾乱	0.08480716753128006
攪乱	0.10386714349118253
攪拌	0.24626154159446512
攬拌	0.05996772325459172
支え	0.4022757169594861
支える	0.44372063150204855
支え持っ	0.4122757169594861
支保	0.3365680120253379
支出	0.6753917126941795
支分	0.05996772325459172
支台	0.10386714349118253
支払	0.26481029574134085
支払い	0.527068188233943
支払う	0.27481029574134086
支払っ	0.27481029574134086
支払わ	0.27481029574134086
支持	2.6518208666158527
支援	0.7298075644940654
支柱	0.7243679291759192
支流	0.22382545514220661
支点	0.3520315637292793
支線	0.07261856683681703
支軸	0.5296205914826817
支部	0.435711401020902
支配	0.940842182562669
支障	0.1121893373417793
改ざん	0.05193357174559127
改めて	0.17990316976377518
改作	0.05996772325459172
改修	0.2243786746835586
改善	2.092750681556292
改変	0.23609316254660823
改札	0.24725325710649015
改竄	0.25442150259384017
改築	0.18483293647838678
改良	0.8923518889229866
改行	0.1540472431510855
改装	0.366705787192605
改訂	0.1121893373417793
改質	0.1358568985109568
改造	2.190715409560696
攻撃	0.17990316976377518
放し	0.27805889375327486
放す	0.05996772325459172
放せ	0.05996772325459172
放せる	4.981356809539207
放ち	0.09481729578957762
放つ	0.16422837374383503
放光	0.1121893373417793
放冷	0.08893921730119896
放出	0.2812504999844426
放射	0.4043230685138198
放尿	0.13409190565316204
放散	0.1406367771170335
放映	0.3773371420026102
放棄	0.07261856683681703
放水	0.24626154159446512
放流	0.12577904733420342
放熱	0.8975146987342344
放物	0.1468903230101827
放置	1.7177015956090589
放送	0.6100813311740638
放電	0.4140904550666077
政治	1.922678556299184
故意	0.4387267408129051
故紙	0.1121893373417793
故障	2.0008757794205723
敏感	1.0734291734908121
救出	0.07261856683681703
救命	0.44765091028441323
救急	0.10269816210072369
救済	0.10386714349118253
敗け	0.07344516150509135
敗り	0.04240358376564003
敗血	0.04240358376564003
教室	0.44172149735894733
教導	0.05996772325459172
教師	0.051349081050361844
教材	0.673810070193069
教示	0.18483293647838678
教習	0.05996772325459172
散乱	0.1358568985109568
散光	0.3165369942664396
散剤	0.08480716753128006
散在	0.16422837374383503
散布	0.27652326415110595
散弾	0.33922867012512026
散水	0.5052970176995808
散点	0.04240358376564003
散逸	0.08893921730119896
数え	0.16961433506256013
数え上げる	0.4055142989915278
数値	0.6527948744683947
数列	0.25155809466840684
数十	0.17712812838456526
数取	0.05996772325459172
数多く	0.5258618609599942
数字	2.1128134596185384
数学	1.5336106048300637
数層	0.05996772325459172
数式	0.48902198401561
数段	0.21201791882820015
数珠	0.12721075129692008
数百	0.1540472431510855
数量	0.8488984884009297
整え	0.08480716753128006
整える	0.20889043756735093
整っ	0.1121893373417793
整備	0.10386714349118253
整列	0.051349081050361844
整合	0.7905090546969347
整地	0.10269816210072369
整形	0.4446960865059948
整数	0.8622977044907922
整正	0.04240358376564003
整流	0.9084579808864607
整然	0.08480716753128006
整理	0.745888486514713
整粒	0.11482003581075538
整経	0.07344516150509135
敷か	0.04240358376564003
敷き	0.232253993475009
敷き並べ	0.6871309316692459
敷き並べる	0.6971309316692459
敷き均し	0.242253993475009
敷き詰め	0.242253993475009
敷き詰める	0.252253993475009
敷き込ま	0.3037806460203654
敷く	0.07344516150509135
敷地	0.1121893373417793
敷居	0.16422837374383503
敷布	0.05996772325459172
敷板	0.1468903230101827
敷物	0.2937806460203654
敷設	0.6582806421252914
斃最	0.04240358376564003
文中	0.14028829835156081
文具	0.3165369942664396
文字	1.2888517054228845
文書	0.9998617591398951
文末	0.04240358376564003
文様	0.16961433506256013
文法	0.19213066841614024
文献	0.4621417294532566
文章	0.7777776809078844
文節	0.15865968242239462
文言	0.10269816210072369
文頭	0.07344516150509135
斑岩	0.13409190565316204
料理	0.17030563517359884
料紙	0.05996772325459172
料金	0.5512465889533205
斜め	0.7393317459135471
斜め上	0.7493317459135471
斜め下	0.7493317459135471
斜め右	0.7493317459135471
斜交	0.10386714349118253
斜文	0.04240358376564003
斜方	0.07344516150509135
斜歯	0.04240358376564003
斜線	0.051349081050361844
斜縁	0.05996772325459172
斜行	0.07261856683681703
斜軸	0.12721075129692008
斜辺	0.18963459157915524
斜面	0.5877170954956804
斤量	0.08480716753128006
断た	0.04240358376564003
断つ	0.1468903230101827
断定	0.14523713367363406
断層	0.19431763234344604
断崖	0.11482003581075538
断機	0.07344516150509135
断水	0.1358568985109568
断熱	1.354925554563502
断片	0.333886152456969
断絶	0.05996772325459172
断続	0.4261507427344633
断線	0.31160143047354766
断裁	0.15288829553044753
断裂	0.620453307033356
断長	0.04240358376564003
断面	0.308094486302171
斯かる	0.06996772325459172
斯く	0.04240358376564003
新しい	0.4981293209914588
新しく	0.15063677711703352
新た	0.8090088166922242
新品	0.1540472431510855
新型	4.341958785124971
新巻	0.08480716753128006
新案	1.0159176580222335
新生	0.5083299678577193
新築	0.04240358376564003
新聞	0.2509339763519113
新規	0.49993087956994753
新設	0.23609316254660823
新鮮	0.12721075129692008
方々	0.04240358376564003
方位	0.6655601587778477
方向	3.3246299491540574
方式	3.939515419703555
方形	0.5385537055102577
方法	14.327681883326877
方眼	0.1468903230101827
方程	0.6908312316142851
方立	0.08480716753128006
方策	0.18483293647838678
方角	0.04240358376564003
方解	0.04240358376564003
方路	0.04240358376564003
方針	0.1468903230101827
方面	2.6293041369720025
於い	0.6902803327525401
於け	0.3816322538907603
於ける	0.3916322538907603
施こ	0.08480716753128006
施さ	0.6056443171520796
施し	0.8211418687191752
施す	0.6980510878739288
施与	0.08480716753128006
施工	1.431793079683233
施栓	0.04240358376564003
施用	8.518735637863982
施療	0.05996772325459172
施肥	0.366705787192605
施行	0.308094486302171
施術	0.18963459157915524
施設	0.7537825929998714
施釉	0.051349081050361844
施錠	0.7133386911390768
旅客	0.7546742840052204
旅行	0.500488932792804
旋光	0.1358568985109568
旋削	0.11993544650918345
旋動	0.07261856683681703
旋回	1.3707577438764609
旋廻	0.04240358376564003
旋条	0.04240358376564003
旋盤	0.16961433506256013
旋風	0.04240358376564003
既に	0.36966587295677356
既存	0.08893921730119896
既定	0.36309283418408506
既知	0.333886152456969
既製	0.46836289111403495
既設	0.666424629867402
日よけ	0.12993544650918346
日中	0.1358568985109568
日付	0.2907043241164011
日傘	0.05996772325459172
日光	0.2618299662808526
日向側	0.17961433506256014
日周	0.08480716753128006
日射	0.1748344547704601
日常	0.6753917126941795
日数	0.2243786746835586
日時	0.6458721456692176
日曜	0.07344516150509135
日本	2.4046506560212797
日焼け	0.05193357174559127
日照	0.3556685748218231
日用	0.16238005187573473
日程	0.533635303807194
日間	0.1121893373417793
日除	0.09481729578957762
日除け	0.20113785847974305
旨味	0.04240358376564003
早い	0.16961433506256013
早く	0.15865968242239462
早め	0.05996772325459172
早める	0.10386714349118253
早急	0.1121893373417793
早期	0.6812225406943954
早歩き	0.07344516150509135
早送り	1.188941647071279
昆布	0.12577904733420342
昆虫	0.31234426617838734
昇っ	0.04240358376564003
昇り降り	0.1468903230101827
昇圧	0.6203109527167043
昇温	0.507073111111465
昇華	0.051349081050361844
昇降	0.051349081050361844
昇順	0.05996772325459172
明き	0.07344516150509135
明け	0.1121893373417793
明らか	0.08995158488188759
明る	0.44473253847527455
明るい	0.45473253847527456
明るく	0.45473253847527456
明度	0.16238005187573473
明文	0.32879454544347575
明暗	0.17030563517359884
明滅	0.05996772325459172
明瞭	0.07344516150509135
明確	0.10269816210072369
明礬	0.04240358376564003
明示	0.10269816210072369
明細	0.19889043756735092
明線	0.07344516150509135
明色	0.07344516150509135
明視	0.18963459157915524
明部	0.18483293647838678
易い	0.2243786746835586
易く	0.08480716753128006
易水	0.08893921730119896
易燃	0.11482003581075538
星型	0.08893921730119896
星宿	0.12577904733420342
星形	0.11482003581075538
星状	0.07261856683681703
映さ	0.08480716753128006
映し	0.04240358376564003
映し出す	0.3722963785085141
映す	0.05996772325459172
映り	0.04240358376564003
映る	0.13409190565316204
映像	0.2994140214491724
映写	0.07344516150509135
映画	0.05996772325459172
春季	0.31234426617838734
春材	0.08480716753128006
是正	0.04240358376564003
是非	0.31234426617838734
昼間	0.1468903230101827
時々	0.05996772325459172
時の間	0.07344516150509135
時下	0.04240358376564003
時分	0.1468903230101827
時制	0.04240358376564003
時刻	0.19887413575110632
時効	0.10386714349118253
時報	0.11993544650918345
時差	0.09481729578957762
時期	0.1540472431510855
時機	0.13409190565316204
時点	0.9953558247227356
時言	0.04240358376564003
時計	0.6527948744683947
時速	0.10386714349118253
時針	0.04240358376564003
時間	0.9956956236187103
時限	0.15865968242239462
晒さ	0.12721075129692008
晒す	0.09481729578957762
普通	1.38642518835977
普遍	1.002294076365333
景品	0.26818381130632407
晰許	0.04240358376564003
晴らす	0.05193357174559127
晶出	0.08480716753128006
暖かく	0.16865968242239462
暖め	0.08480716753128006
暖める	0.09480716753128006
暖房	0.07261856683681703
暖機	0.3418686217701579
暖気	0.18483293647838678
暗い	0.15288829553044753
暗く	0.09481729578957762
暗号	0.12577904733420342
暗渠	0.051349081050361844
暗線	0.04240358376564003
暗色	0.051349081050361844
暗視	0.16422837374383503
暗証	0.3932346586843407
暗部	0.2508629846468741
暗黙	0.08480716753128006
暫定	0.21621670106726473
暴走	0.08893921730119896
暴露	0.8343238129918085
曇り	0.09481729578957762
曖昧	0.08480716753128006
曜日	0.09481729578957762
曝さ	0.09481729578957762
曝し	0.05996772325459172
曝す	0.12721075129692008
曝気	0.16422837374383503
曝露	0.2618299662808526
曲がっ	0.2983356563510264
曲がら	0.12993544650918346
曲がり	0.5035146593495772
曲がりくねっ	0.5135146593495772
曲がりくねら	0.5135146593495772
曲がり角	0.5135146593495772
曲がる	0.18724915584671722
曲げ	0.9094555522058455
曲げる	0.9194555522058455
曲げ代	0.9194555522058455
曲っ	0.04240358376564003
曲り	0.2844518873687329
曲る	0.04240358376564003
曲射	0.04240358376564003
曲折	0.3842613368322805
曲率	0.41079264840289476
曲管	0.26818381130632407
曲線	0.30433802581844466
曲面	0.9313879712728584
曳航	0.08480716753128006
更なる	5.190010407421949
更に	2.042427057574784
更新	2.379851258354463
更生	0.10269816210072369
書か	0.2579309304799971
書き	0.2435900433794421
書きあらわし	0.2535900433794421
書きいれ	0.2535900433794421
書き入れる	7.640385307621592
書き出し	1.1165629340039962
書き出す	0.3722963785085141
書き加える	0.984157168027967
書き換え	0.3932346586843407
書き換える	0.4032346586843407
書き替える	0.2535900433794421
書き込ま	0.5330047830505884
書き込み	1.2706932740517463
書き込む	0.5689037747374658
書き込ん	0.25442150259384017
書く	0.05996772325459172
書体	0.04240358376564003
書式	0.09481729578957762
書換	0.12721075129692008
書換え	0.17422837374383504
書換える	0.21889043756735094
書架	0.07344516150509135
書籍	0.19431763234344604
書誌	0.08480716753128006
書込ま	0.3037806460203654
書込み	0.5921338224194611
書込む	0.2844518873687329
書込ん	0.20431763234344605
書面	0.09481729578957762
書類	0.32570810713583626
替え	0.16961433506256013
替る	0.04240358376564003
替わっ	0.05193357174559127
替わり	0.1948329364783868
替わる	0.08995158488188759
替芯	0.04240358376564003
最も	1.1542813183456238
最上	0.12577904733420342
最下	0.07261856683681703
最中	0.22835028699110468
最低	0.952383575510687
最内	0.051349081050361844
最初	0.5083299678577193
最前	0.07261856683681703
最古	0.04240358376564003
最外	0.29033862174893177
最多	0.9918164071126578
最大	2.159105213855732
最奥	0.08480716753128006
最寄	0.07344516150509135
最寄り	0.5960291869765562
最小	1.1354999132480956
最少	0.4446960865059948
最尤	0.22033548451527404
最左	0.04240358376564003
最後	0.19887413575110632
最新	1.4118663046782343
最深	0.2717137970219136
最短	0.266817651903597
最終	0.1851439362304304
最良	0.1406367771170335
最薄	0.05996772325459172
最近	2.0971558149139375
最速	0.04240358376564003
最遠	0.1406367771170335
最適	0.6758019197272905
最長	0.1406367771170335
最頻	0.07344516150509135
最高	1.392118950257744
月掛	0.08480716753128006
月見	0.04240358376564003
有さ	0.31160143047354766
有し	4.116206540258472
有す	0.29682508635948024
有する	17.467303608502274
有せ	0.09481729578957762
有っ	0.04240358376564003
有り	0.2937806460203654
有る	0.3365680120253379
有価	0.17990316976377518
有利	1.2107934742731508
有力	0.8162516682188228
有効	1.187300345437921
有合せ	0.5757343697162104
有声	0.3165369942664396
有孔	0.33118257636287074
有害	1.4927492097409734
有形	0.2949780129359624
有彩	0.051349081050361844
有意	0.366705787192605
有料	0.05996772325459172
有核	0.051349081050361844
有機	0.4387267408129051
有段	0.08893921730119896
有毛	0.1468903230101827
有無	0.8222359956118369
有理	0.16238005187573473
有産	0.04240358376564003
有用	0.47891704614217423
有益	0.6044938764108374
有線	0.16961433506256013
有色	0.4592801432430215
有蓋	0.1406367771170335
有限	1.6246122161430852
服用	0.6097365542470329
服薬	0.3886352646868921
服装	1.1584880730852458
服飾	0.18483293647838678
望ま	0.07344516150509135
望ましい	0.25442150259384017
望ましく	0.3444883430062575
望み	0.07344516150509135
望む	0.08480716753128006
望ん	0.04240358376564003
望遠	0.281273554234067
期し	0.04240358376564003
期待	0.5409961384737844
期日	0.09481729578957762
期間	0.8343238129918085
期限	0.7226465455335213
期首	0.05996772325459172
朦性	0.05996772325459172
木ネジ	1.2108527223469414
木下	0.05996772325459172
木口	0.07344516150509135
木屑	0.11482003581075538
木材	0.47895234298450484
木板	0.2129068651883778
木枠	0.07344516150509135
木棉	0.5262724339006448
木毛	0.09481729578957762
木炭	0.1540472431510855
木片	0.051349081050361844
木版	0.051349081050361844
木目	0.15288829553044753
木目込み	0.32731936484478924
木竹	0.04240358376564003
木管	0.09481729578957762
木粉	0.051349081050361844
木綿	0.18963459157915524
木製	0.2508629846468741
木質	0.10269816210072369
木造	0.30870274951317084
木香	0.1358568985109568
木馬	0.05996772325459172
未だ	0.17990316976377518
未了	0.12577904733420342
未分	0.09481729578957762
未定	0.08893921730119896
未来	1.2345156362258893
未満	1.4050886733421049
未知	0.47062210155941137
未読	0.05996772325459172
末尾	0.1540472431510855
末広がり	0.33922867012512026
末期	0.1540472431510855
末梢	0.1540472431510855
末端	1.046060309808857
本人	1.115587591749859
本件	0.05996772325459172
本体	2.7224699738616858
本分	0.4705895391328963
本巻	0.05996772325459172
本当	0.051349081050361844
本数	0.48347524145715526
本文	0.3230628780722754
本日	0.05996772325459172
本明	0.15288829553044753
本有	0.051349081050361844
本来	0.6474872754193275
本格	0.04240358376564003
本案	0.7564191979739201
本稿	0.08480716753128006
本管	0.051349081050361844
本線	0.17990316976377518
本縫い	0.5789037747374658
本質	0.37208993744129004
本項	0.05996772325459172
本題	0.05996772325459172
本願	0.09481729578957762
朱子	0.051349081050361844
朱肉	0.24725325710649015
杆上	0.17712812838456524
杆下	0.08480716753128006
杆体	0.3406112703471977
杆先	0.05996772325459172
杆又	0.04240358376564003
杆受	0.07344516150509135
杆回	0.04240358376564003
杆挿	0.04240358376564003
杆時	0.04240358376564003
杆材	0.1121893373417793
杆端	0.1540472431510855
杆装	0.09481729578957762
杆部	0.23531105077970568
杆間	0.04240358376564003
杉板	0.07344516150509135
材料	4.199337768994634
材源	0.10386714349118253
材質	0.22382545514220661
材面	0.04240358376564003
束ね	0.23609316254660823
束ねる	0.24609316254660824
束の間	0.08995158488188759
束糸	0.07344516150509135
条件	2.9294069493315336
条数	0.25155809466840684
条溝	0.21621670106726473
条約	0.04240358376564003
条線	0.05996772325459172
来る	0.20773428698236507
来店	0.09481729578957762
杭打ち	0.3329360728346088
杭抜き	0.5099308795699475
東側	0.09481729578957762
東西	0.05996772325459172
東進	0.04240358376564003
東部	0.05996772325459172
杼口	0.08480716753128006
杼換	0.11993544650918345
板の間	0.32845674748767006
板ばね	1.3794453857547389
板ハネ	0.11386714349118253
板バネ	1.0785366567262578
板上	0.14028829835156081
板付	0.05996772325459172
板厚	0.1851417446750359
板取	0.1121893373417793
板壁	0.10279909060104149
板屋根	1.0425947425241922
板幅	0.12721075129692008
板敷き	0.242253993475009
板本	0.08480716753128006
板材	0.7668053024150319
板枠	0.09481729578957762
板片	0.22964007162151076
板画	0.11993544650918345
板紙	0.3418686217701579
板組	0.15288829553044753
板組み	0.27481029574134086
板縁	0.04240358376564003
板金	0.29983861627295866
板長	0.11993544650918345
板間	0.23609316254660823
板面	0.366705787192605
析出	0.2904742673472681
析槽	0.13409190565316204
析温	0.04240358376564003
析溶	0.05996772325459172
析系	0.05996772325459172
枕木	0.10269816210072369
林業	0.05996772325459172
林立	0.26700641888682125
枚数	0.3816322538907603
果す	0.04240358376564003
果たさ	0.07344516150509135
果たし	0.07344516150509135
果たす	0.2698547546456628
果実	0.12721075129692008
果物	0.1121893373417793
枝わかれ	0.09480716753128006
枝分かれ	0.1899031697637752
枝分れ	0.1468903230101827
枝管	0.1121893373417793
枠内	0.11993544650918345
枠取り	0.6126681599904457
枠台	0.10386714349118253
枠型	0.09481729578957762
枠外	0.04240358376564003
枠工	0.05996772325459172
枠材	0.5844930658889236
枠組	0.16422837374383503
枠組み	0.2937806460203654
枠面	0.19431763234344604
枢軸	0.43034937360878545
枯渇	0.09481729578957762
架け	0.1121893373417793
架け渡さ	0.36966587295677356
架け渡し	0.2535900433794421
架け渡す	0.29127355423406703
架さ	0.15865968242239462
架し	0.19431763234344604
架する	17.467303608502274
架台	0.051349081050361844
架構	0.41716190649590423
架橋	0.9688082185038261
架空	0.3558577977051136
架線	0.1121893373417793
架装	0.05996772325459172
架設	0.3558568919868666
架電	0.04240358376564003
柄入り	0.7358324375761307
柄出し	1.1165629340039962
柄物	0.05996772325459172
柄糸	0.18483293647838678
柄部	0.23531105077970568
染み	0.09481729578957762
染み出し	1.1165629340039962
染め	0.13409190565316204
染め直し	0.16288829553044754
染土	0.05996772325459172
染料	0.5921864913921222
染毛	0.15288829553044753
染液	0.19213066841614024
染物	0.09481729578957762
染糸	0.15865968242239462
染色	0.6655601587778477
柔らか	0.10386714349118253
柔らかい	0.11386714349118253
柔らかく	0.16865968242239462
柔毛	0.10386714349118253
柔軟	0.051349081050361844
柱上	0.11482003581075538
柱下	0.04240358376564003
柱列	0.07344516150509135
柱帯	0.08480716753128006
柱材	0.20336044372468792
柱状	0.48442626177755893
柱脚	0.051349081050361844
柱間	0.18483293647838678
柱面	0.22382545514220661
柱頭	0.22835028699110468
査定	0.232253993475009
栄養	0.18483293647838678
栓抜き	0.5099308795699475
校正	1.227017424168539
株価	0.19431763234344604
株式	0.04240358376564003
核体	0.14523713367363406
核力	0.04240358376564003
核種	0.25442150259384017
核酸	0.9128012310522235
根元	0.3028221585760398
根入れ	0.676424629867402
根切	0.051349081050361844
根切り	0.46274638203230317
根固め	0.12993544650918346
根太	0.2937806460203654
根巻き	0.5851901951313284
根底	0.1358568985109568
根拠	0.13409190565316204
根本	1.1096630273387804
根部	0.3842613368322805
格別	0.04240358376564003
格子	0.19213066841614024
格納	1.9771168285543523
格縁	0.05996772325459172
栽培	0.45350280454248254
桁板	0.07344516150509135
桁橋	0.04240358376564003
桁腹	0.04240358376564003
桁行	0.15865968242239462
桂枝	0.14523713367363406
案件	1.0166599357154387
案内	2.0437471656890684
桐油	0.04240358376564003
桝本	0.08480716753128006
桟木	0.07344516150509135
桟橋	0.18483293647838678
桿体	0.11993544650918345
梁上	0.2243786746835586
梁下	0.07344516150509135
梁取	0.07344516150509135
梁間	0.13409190565316204
梃子	0.04240358376564003
梗塞	0.11482003581075538
梨地	0.04240358376564003
梯子	0.25155809466840684
械式	0.04240358376564003
械用	0.04240358376564003
械的	0.08480716753128006
梱包	0.39778087513470184
梳毛	0.07344516150509135
梳綿	0.05996772325459172
梳解	0.05996772325459172
棄却	0.07344516150509135
棒受け	1.4880553636945153
棒材	0.25674540525180933
棒状	0.14523713367363406
棒針	0.10386714349118253
棒鋼	0.16422837374383503
棚卸	0.1406367771170335
棚板	0.15865968242239462
棚部	0.30870274951317084
棲息	0.051349081050361844
椅子	0.5160518778149923
植えつける	0.36448834300625754
植え込ま	0.3037806460203654
植え込み	0.32731936484478924
植っ	0.05996772325459172
植栽	0.07261856683681703
植毛	0.22382545514220661
植物	1.3370496133494356
植生	0.051349081050361844
植菌	0.05996772325459172
植込	0.07344516150509135
植込み	0.32731936484478924
植込ん	0.20431763234344605
椎茸	0.09481729578957762
検体	0.4345074351467571
検出	0.07261856683681703
検印	0.05996772325459172
検収	0.2875950975656642
検定	0.20773428698236507
検尺	0.04240358376564003
検数	0.04240358376564003
検査	1.5099486897584027
検波	0.33922867012512026
検流	0.09481729578957762
検液	0.04240358376564003
検測	0.10386714349118253
検知	2.6552228937136713
検索	1.481093507421788
検診	0.2715154149637838
検証	0.7772705293737842
検量	0.05996772325459172
検針	0.1468903230101827
検電	0.05996772325459172
椰子	0.10269816210072369
楔形	0.3876770603335305
楔状	0.10386714349118253
楕円	0.5035146593495772
業務	0.07261856683681703
業種	0.09481729578957762
業績	0.08480716753128006
業者	0.06479087409390388
極く	0.1121893373417793
極め	0.04240358376564003
極めて	0.16422837374383503
極り	0.05996772325459172
極値	0.1121893373417793
極力	0.07261856683681703
極大	0.3418686217701579
極太	0.07344516150509135
極小	0.2508629846468741
極度	0.08480716753128006
極微	0.10386714349118253
極性	0.27217691263816846
極数	0.23609316254660823
極板	0.05996772325459172
極点	0.05996772325459172
極端	0.04240358376564003
極細	0.4981293209914588
極薄	0.1121893373417793
極限	0.15288829553044753
楽しむ	0.05193357174559127
楽器	0.3792691831583105
楽曲	0.41762686679433847
楽音	0.39778087513470184
概して	0.17990316976377518
概ね	0.3768912964999357
概垂	0.05996772325459172
概形	0.04240358376564003
概念	0.71330064040809
概略	0.232253993475009
概算	0.14523713367363406
概要	0.19887413575110632
榭月	0.04240358376564003
榭脂	0.12721075129692008
構内	0.05996772325459172
構成	0.6889202148645325
構文	0.1406367771170335
構築	0.919287789867643
構造	0.37382695276020617
槓分	0.04240358376564003
槓杆	0.15288829553044753
槓桿	0.15434950024329427
様々	0.15288829553044753
様子	0.08480716753128006
様式	0.29682508635948024
様態	0.18963459157915524
様相	0.17990316976377518
標本	0.35223062078091094
標準	0.4387267408129051
標的	0.5227864910819588
標示	0.1540472431510855
標識	0.10269816210072369
標高	0.281273554234067
模し	0.1468903230101827
模型	2.396412705614962
模式	3.4735670280999758
模擬	0.3242775900055416
模様	1.162043889465199
模範	0.16961433506256013
権利	0.1468903230101827
権限	0.688976686012515
横すべり	0.5546838956385551
横ずれ	0.9610132227436873
横たわっ	0.15865968242239462
横たわら	0.05996772325459172
横たわる	0.06996772325459172
横ばい	0.05193357174559127
横並び	0.9815881617172301
横付け	1.6745769717310857
横倒し	0.1161269967375045
横側	0.13409190565316204
横入り	0.7358324375761307
横切っ	0.45274638203230316
横切ら	0.14409190565316204
横切り	0.46274638203230317
横切る	0.46740214571032146
横列	0.051349081050361844
横向き	0.8779797122485545
横圧	0.07344516150509135
横型	0.2748066310683302
横壁	0.08480716753128006
横幅	0.2858995835362751
横引き	0.4055142989915278
横手	0.04240358376564003
横抱き	0.06996772325459172
横振り	0.41003460917662976
横振れ	0.1899031697637752
横揺れ	0.21336044372468793
横断	0.051349081050361844
横書き	0.2535900433794421
横木	0.08480716753128006
横材	0.26818381130632407
横板	0.24626154159446512
横架	0.5446838956385551
横桁	0.1468903230101827
横桟	0.31731936484478923
横棒	0.04240358376564003
横溝	0.2613932455409794
横滑り	0.5413153817071694
横目	0.08480716753128006
横穴	0.09481729578957762
横筋	0.07261856683681703
横糸	0.3909417256758612
横紙	0.04240358376564003
横編	0.32570810713583626
横縞	0.04240358376564003
横置	0.14523713367363406
横置き	0.4009417256758612
横臥	0.08480716753128006
横行	0.11482003581075538
横転	0.04240358376564003
横軸	0.21621670106726473
横長	0.2435900433794421
横開き	0.569341685746306
横面	0.04240358376564003
樹木	0.2398708930183669
樹枝	0.07344516150509135
樹状	0.07344516150509135
樹種	0.05996772325459172
樹立	0.05996772325459172
樹脂	0.5109169055207966
橋台	0.16422837374383503
橋本	0.05996772325459172
橋架	0.15865968242239462
橋桁	0.3955142989915278
橋梁	0.30577659106089505
橋脚	0.26818381130632407
橋軸	0.2613932455409794
橙色	0.22964007162151076
機上	0.16422837374383503
機中	0.08480716753128006
機会	0.07344516150509135
機体	0.40672088744937585
機具	0.04240358376564003
機内	0.1468903230101827
機制	0.4265375019918499
機動	0.1468903230101827
機器	0.34446010743226624
機外	0.20336044372468792
機密	0.14523713367363406
機尾	0.10386714349118253
機微	0.30870274951317084
機搆	0.04240358376564003
機数	0.08480716753128006
機材	0.08480716753128006
機械	0.41079264840289476
機構	0.5570832184834191
機種	0.22033548451527404
機織	0.04240358376564003
機能	2.2110937990201323
機軸	0.1121893373417793
機速	0.05996772325459172
機関	1.9533283467230997
機首	0.1468903230101827
檢出	0.05996772325459172
櫛入れ	0.676424629867402
櫛形	0.11993544650918345
櫛歯	0.32845674748767006
櫛目	0.1121893373417793
欄干	0.1468903230101827
欄間	0.10386714349118253
欠い	0.04240358376564003
欠き	0.10386714349118253
欠き取り	0.6126681599904457
欠く	0.11993544650918345
欠け	0.15288829553044753
欠乏	0.07344516150509135
欠失	0.22033548451527404
欠如	0.05996772325459172
欠損	0.5088430051876803
欠点	0.04240358376564003
欠相	0.12721075129692008
欠落	0.29682508635948024
欠陥	0.7807327760389668
次々	0.16961433506256013
次い	0.09481729578957762
次いで	1.0412648757402216
次ぎ	0.04240358376564003
次亜	0.2243786746835586
次位	0.2508629846468741
次元	1.2952195311167465
次回	0.333886152456969
次巻	0.22835028699110468
次式	0.3496689095409202
次数	1.46682314877042
次第	0.07261856683681703
次表	0.05996772325459172
欧州	0.051349081050361844
欧文	0.22964007162151076
欲張り	0.34656801202533793
歌っ	0.04240358376564003
歌手	0.5482581565446119
歌詞	0.04240358376564003
止さ	0.6704595282658102
止し	0.45472777610292275
止す	0.04240358376564003
止せ	0.10386714349118253
止っ	0.05996772325459172
止ねじ	1.3542671742442047
止ま	0.05996772325459172
止まり	0.10386714349118253
止まる	0.07344516150509135
止め	0.7070090301369303
止めねじ	1.3642671742442047
止める	0.7170090301369303
止め弁	0.7170090301369303
止め板	0.7170090301369303
止め輪	0.7170090301369303
止め金	0.7170090301369303
止り	0.11993544650918345
止水	0.12396764788717886
止腕	0.05996772325459172
止金	0.18963459157915524
正さ	0.04240358376564003
正し	0.04240358376564003
正しい	0.25442150259384017
正しく	0.3028221585760398
正に	0.07344516150509135
正中	0.1358568985109568
正値	0.05996772325459172
正則	0.05996772325459172
正味	0.15288829553044753
正圧	0.232253993475009
正孔	0.1406367771170335
正対	0.18483293647838678
正常	2.1923050427376687
正式	1.2451490422167857
正弦	0.22964007162151076
正当	0.4592801432430215
正接	0.07261856683681703
正数	0.10269816210072369
正方	0.11482003581075538
正時	0.07344516150509135
正月	0.2618299662808526
正極	0.07261856683681703
正着	0.04240358376564003
正確	0.23551290778034126
正立	0.19431763234344604
正答	0.08480716753128006
正規	0.43034937360878545
正解	0.051349081050361844
正誤	0.12721075129692008
正負	0.1748344547704601
正転	0.2579309304799971
正逆	0.3816322538907603
正面	1.0585884247452209
此の	0.04240358376564003
歩く	0.10386714349118253
歩留	0.15288829553044753
歩留まり	0.16288829553044754
歩留り	0.30724315386824597
歩行	0.4045044083461121
歩道	0.17990316976377518
歪み	0.4740864789478881
歪み取り	0.6126681599904457
歪み直し	0.4840864789478881
歪む	0.04240358376564003
歪曲	0.1540472431510855
歪率	0.04240358376564003
歯元	0.07344516150509135
歯先	0.15288829553044753
歯切	0.10386714349118253
歯切り	0.46274638203230317
歯列	0.09481729578957762
歯周	0.05996772325459172
歯型	0.05996772325459172
歯幅	0.09481729578957762
歯底	0.09481729578957762
歯当り	0.5898602868999779
歯形	0.2937806460203654
歯数	0.21201791882820015
歯止	0.09481729578957762
歯状	0.12721075129692008
歯磨き	0.09480716753128006
歯科	0.27805889375327486
歯車	1.2979930236526553
歯面	0.20336044372468792
歴青	0.08480716753128006
死角	0.308094486302171
殆ど	0.05996772325459172
殆んど	0.07344516150509135
殊に	0.18483293647838678
残さ	0.1406367771170335
残し	0.35223062078091094
残す	0.16961433506256013
残っ	0.26481029574134085
残ら	0.04240358376564003
残り	0.6569134949753401
残る	0.232253993475009
残余	0.308094486302171
残像	0.2949780129359624
残土	0.051349081050361844
残基	0.32476010375146946
残存	2.87792873970732
残差	0.27652326415110595
残数	0.16422837374383503
残材	0.07344516150509135
残業	0.05996772325459172
残油	0.051349081050361844
残液	0.16238005187573473
残渣	0.3165369942664396
残留	0.5741001790537771
残置	0.09481729578957762
残部	0.5141161305356395
残量	0.10269816210072369
残雪	0.05996772325459172
残響	0.07344516150509135
残香	0.10386714349118253
残高	0.10386714349118253
殴打	0.14523713367363406
段上	0.12721075129692008
段付き	1.408675638163681
段取	0.07344516150509135
段差	0.757352222719468
段数	0.14473131862630417
段板	0.04240358376564003
段歩	0.05996772325459172
段落	0.3557568692047958
段違い	0.22201791882820016
段階	1.5516467329102852
殺し	0.04240358376564003
殺生	0.16422837374383503
殺菌	0.11482003581075538
殺虫	0.16422837374383503
殼体	0.11993544650918345
殼部	0.04240358376564003
母体	0.2994140214491724
母型	0.04240358376564003
母屋	0.16422837374383503
母材	0.16238005187573473
母機	0.04240358376564003
母線	0.08893921730119896
母趾	0.05996772325459172
毎分	0.1468903230101827
毎回	0.08480716753128006
毎日	0.05996772325459172
毎時	0.07344516150509135
毎秒	0.09481729578957762
毒性	0.5671691381020558
毒餌	0.04240358376564003
比し	0.32845674748767006
比べ	0.5262146359520289
比べる	0.5362146359520289
比例	1.4979504778642891
比側	0.08480716753128006
比濁	0.04240358376564003
比熱	0.10386714349118253
比率	0.4592801432430215
比翼	0.051349081050361844
比色	0.12577904733420342
比較	0.3520315637292793
比重	0.8184697092184782
毛先	0.04240358376564003
毛布	0.07261856683681703
毛流れ	1.408675638163681
毛状	0.04240358376564003
毛玉	0.22835028699110468
毛皮	0.051349081050361844
毛筆	0.10386714349118253
毛管	0.21621670106726473
毛糸	0.12721075129692008
毛細	0.051349081050361844
毛羽	0.25442150259384017
毛足	0.10386714349118253
毛髪	0.5210639608931108
氏名	0.11993544650918345
民間	0.05996772325459172
気付く	0.15063677711703352
気体	1.335544609827876
気候	0.09481729578957762
気光	0.05996772325459172
気力	0.08480716753128006
気化	0.7196126790551007
気口	0.2243786746835586
気圧	0.43034937360878545
気孔	0.4386260811102694
気密	0.6011745563063193
気導	0.1121893373417793
気層	0.07344516150509135
気性	0.04240358376564003
気柱	0.11993544650918345
気比	0.08480716753128006
気水	0.04240358376564003
気泡	0.7258324375761307
気流	0.758538366316621
気液	0.5966713127020528
気温	0.20336044372468792
気相	0.5544988094351604
気筒	0.7270700044382779
気管	0.18963459157915524
気腫	0.05996772325459172
気象	0.15865968242239462
気道	0.08480716753128006
気量	0.16422837374383503
気風	0.04240358376564003
水かき	0.07344516150509135
水のみ	1.3892576348556098
水の泡	0.05193357174559127
水はけ	0.07344516150509135
水上	0.3144158470497678
水中	0.12396764788717886
水井	0.1358568985109568
水位	0.768522673664561
水冷	0.3372486645866369
水分	0.5313843851536958
水切	0.08893921730119896
水切り	0.6034135754392292
水利	0.5745836393238618
水制	0.051349081050361844
水力	0.2812504999844426
水勢	0.05996772325459172
水取	0.07344516150509135
水受け	1.4880553636945153
水口	0.2618299662808526
水周り	0.996282200309719
水和	0.3622963785085141
水圏	0.08480716753128006
水圧	0.3816322538907603
水域	0.5410848826749376
水孔	0.14523713367363406
水密	0.08893921730119896
水層	0.051349081050361844
水平	1.3241420944239708
水底	0.22382545514220661
水引	0.04240358376564003
水引き	0.4055142989915278
水張り	0.34656801202533793
水性	0.5211362555472542
水抜	0.13409190565316204
水抜き	0.5099308795699475
水捌け	0.05193357174559127
水晶	0.4505863575422368
水柱	0.1358568985109568
水栓	0.051349081050361844
水棲	0.15288829553044753
水槽	0.5741001790537771
水止	0.15865968242239462
水止め	0.7170090301369303
水没	0.08480716753128006
水泳	0.05996772325459172
水洗	0.3136941715618617
水洗い	0.4276268667943385
水流	0.3767054375220245
水浴	0.20539632420144738
水浸	0.07344516150509135
水深	0.2717137970219136
水添	0.07344516150509135
水温	0.8503420832385732
水源	0.4234353698980883
水準	0.051349081050361844
水溜	0.16422837374383503
水溜め	0.2975950975656642
水溶	0.1851417446750359
水滴	0.23531105077970568
水漏れ	0.520606764393696
水濡れ	0.22621670106726474
水物	0.13409190565316204
水理	0.07344516150509135
水生	0.1851417446750359
水産	0.08480716753128006
水用	0.051349081050361844
水田	0.1778784346023979
水界	0.04240358376564003
水相	0.32879454544347575
水着	0.04240358376564003
水筒	0.27992721898560674
水管	0.7021881224586541
水糸	0.04240358376564003
水系	0.25674540525180933
水素	2.126530213556034
水経	0.04240358376564003
水耕	0.05996772325459172
水膜	0.051349081050361844
水落	0.051349081050361844
水質	0.07261856683681703
水路	0.3842613368322805
水車	0.19889043756735092
水道	0.266817651903597
水部	0.07271949533713482
水酸	0.5921338224194611
水量	0.3876770603335305
水銀	0.29682508635948024
水門	0.051349081050361844
水防	0.12721075129692008
水難	0.04240358376564003
水面	0.4597319802783591
水頭	0.1406367771170335
氷原	0.07344516150509135
氷室	0.04240358376564003
氷床	0.08480716753128006
氷晶	0.05996772325459172
氷水	0.07344516150509135
氷点	0.11993544650918345
氷片	0.04240358376564003
氷結	0.17990316976377518
永久	0.6075705205655787
永続	0.15288829553044753
求まっ	0.07344516150509135
求まる	0.08995158488188759
求め	1.1385974194412696
求める	1.1899476181679596
求償	0.15288829553044753
汎用	0.21621670106726473
汎発	0.05996772325459172
汚さ	0.04240358376564003
汚れ	0.4132990104465734
汚損	0.08480716753128006
汚染	0.051349081050361844
汚水	0.41546857396473014
汚泥	0.21201791882820015
汚濁	0.18963459157915524
汚物	0.18963459157915524
池の上	0.05193357174559127
池底	0.14523713367363406
池水	0.7022768666598076
汲みだす	0.05996772325459172
汲み上げ	0.3722963785085141
汲み上げる	0.4055142989915278
汲み出し	1.1165629340039962
汲み出す	0.3722963785085141
汲み取り	0.6126681599904457
決する	17.467303608502274
決まる	0.3635350022191389
決め	1.410198103559792
決める	1.420198103559792
決め線	1.420198103559792
決定	0.4649857054004603
決済	0.4386260811102694
沃化	0.08480716753128006
沃素	0.08480716753128006
沈み	0.07344516150509135
沈み込み	0.32731936484478924
沈み込む	0.2644215025938402
沈み込ん	0.20431763234344605
沈む	0.1121893373417793
沈め	0.19431763234344604
沈める	0.20431763234344605
沈下	0.11993544650918345
沈殿	0.281273554234067
沈泥	0.07344516150509135
沈滞	0.05996772325459172
沈澱	0.051349081050361844
沈着	0.13409190565316204
沈砂	0.07344516150509135
沈積	0.2994140214491724
沈胴	0.04240358376564003
沈降	0.051349081050361844
沖合	0.04240358376564003
沙織	0.04240358376564003
没し	0.04240358376564003
没する	17.467303608502274
没入	0.08893921730119896
没食	0.07344516150509135
河口	0.16238005187573473
河川	0.37208993744129004
河床	0.25786124001217076
河底	0.07261856683681703
沸き	0.09481729578957762
沸とう	0.12993544650918346
沸上がり	0.21773428698236508
沸点	0.2904742673472681
沸石	0.22382545514220661
沸騰	0.1406367771170335
油井	0.22964007162151076
油入	0.05996772325459172
油冷	0.10386714349118253
油分	0.12577904733420342
油剤	0.30870274951317084
油取	0.07344516150509135
油圧	1.9343657900069062
油性	0.23531105077970568
油槽	0.1358568985109568
油水	0.366705787192605
油滴	0.07261856683681703
油漏れ	0.520606764393696
油煙	0.04240358376564003
油状	0.04240358376564003
油田	0.6140457001188739
油管	0.45350280454248254
油脂	0.4265375019918499
油膜	0.1540472431510855
油通	0.09481729578957762
油量	0.25674540525180933
油面	0.1258790701162742
治まっ	0.06996772325459172
治まる	0.07344516150509135
治具	0.435711401020902
治療	0.5409961384737844
沿い	0.3768912964999357
沿う	0.8501892108820246
沿っ	2.424802879797605
沿わ	0.32570810713583626
泊っ	0.05996772325459172
泌尿	0.16238005187573473
法人	0.5031161893368137
法制	0.3767525703535041
法則	0.051349081050361844
法域	0.04240358376564003
法線	0.46062082248636865
法規	0.04240358376564003
法面	0.35980633952755037
泡沫	0.6984230115571626
泡消し	0.1948329364783868
泡状	0.15865968242239462
泡立て	0.31870274951317085
波力	0.051349081050361844
波動	0.44473253847527455
波及	0.266817651903597
波型	0.18963459157915524
波形	0.7077982365732198
波打た	0.06996772325459172
波打っ	0.08995158488188759
波打つ	0.05193357174559127
波数	0.07261856683681703
波板	0.1468903230101827
波浪	0.2949780129359624
波状	0.07261856683681703
波線	0.13409190565316204
波路	0.12721075129692008
波部	0.1121893373417793
波長	0.25674540525180933
波面	0.17030563517359884
波頭	0.09481729578957762
波高	0.11482003581075538
泥よけ	0.12993544650918346
泥土	0.308094486302171
泥層	0.05996772325459172
泥水	0.19213066841614024
泥汚れ	0.4232990104465734
泥炭	0.07261856683681703
泥落とし	0.242253993475009
注い	0.04240358376564003
注ぎ	0.04240358376564003
注ぎ口	0.2844518873687329
注ぐ	0.08480716753128006
注入	1.0282645467054523
注型	0.09481729578957762
注射	0.8406206858173648
注意	1.4244054626520881
注排水	0.6970038823211095
注文	0.8189492296420332
注水	0.32879454544347575
注湯	0.2579309304799971
注目	2.227006910353888
注視	0.30870274951317084
泳動	0.15865968242239462
洋上	0.10386714349118253
洋室	0.05996772325459172
洋式	0.05996772325459172
洋服	0.04240358376564003
洋風	0.04240358376564003
洗い	0.41762686679433847
洗い出し	1.1165629340039962
洗い去り	0.4276268667943385
洗い場	0.4276268667943385
洗い流さ	0.4276268667943385
洗い落とさ	0.4276268667943385
洗い落とし	0.4276268667943385
洗う	0.09481729578957762
洗える	0.20889043756735093
洗たく	0.37449831169343445
洗わ	0.05996772325459172
洗剤	0.6486501032017943
洗場	0.1468903230101827
洗毛	0.04240358376564003
洗浄	2.2341498229274936
洗液	0.20539632420144738
洗滌	0.08894027009035682
洗濯	0.051349081050361844
洗物	0.08480716753128006
洗車	0.11993544650918345
洗面	0.07261856683681703
津波	0.2508629846468741
洩れ	0.05996772325459172
活動	0.5768551208646756
活字	0.10269816210072369
活性	1.7253596879506239
活栓	0.10386714349118253
活物	0.051349081050361844
活用	0.051349081050361844
活発	0.07344516150509135
派生	0.17797936310271567
流さ	0.11993544650918345
流し	0.4219103313511005
流し台	0.4319103313511005
流し込ま	0.4319103313511005
流し込み	0.4319103313511005
流し込む	0.4319103313511005
流し込ん	0.4319103313511005
流す	0.562547108468134
流せる	4.981356809539207
流れ	1.398675638163681
流れこむ	1.408675638163681
流れよう	5.643073355900961
流れる	7.630385307621593
流れ下る	1.408675638163681
流れ出	1.408675638163681
流れ出す	1.418675638163681
流れ出よう	5.633073355900962
流れ出る	1.418675638163681
流れ場	1.408675638163681
流れ来る	1.408675638163681
流れ落ちる	1.408675638163681
流れ込み	1.408675638163681
流れ込む	1.408675638163681
流れ込ん	1.408675638163681
流下	0.20539632420144738
流体	1.1354999132480956
流入	0.7805272086617037
流出	0.6351530548471325
流出入	0.6451530548471325
流動	0.2904742673472681
流域	0.620453307033356
流水	0.3876770603335305
流用	0.11993544650918345
流線	0.2906743129114096
流路	0.2717137970219136
流送	0.15865968242239462
流通	0.6561083554032547
流速	0.5482581565446119
流量	2.0255243671847247
浄化	0.9688082185038261
浄水	0.37449831169343445
浅い	0.2243786746835586
浅く	0.1748344547704601
浅場	0.12721075129692008
浅層	0.04240358376564003
浚渫	0.2435900433794421
浮い	0.21201791882820015
浮か	0.16422837374383503
浮かし	0.3028221585760398
浮かび	0.17422837374383504
浮かぶ	0.17422837374383504
浮かべ	0.17422837374383504
浮かん	0.17422837374383504
浮き	0.26818381130632407
浮き上がっ	0.2781838113063241
浮き上がら	0.2781838113063241
浮き上がり	0.2781838113063241
浮き上がる	0.2781838113063241
浮き上り	0.6081761607735304
浮き出	0.2781838113063241
浮き出る	0.4009417256758612
浮き子	0.2781838113063241
浮き離れ	0.8344198932049905
浮く	0.10386714349118253
浮ば	0.04240358376564003
浮上	0.5052970176995808
浮上り	0.6081761607735304
浮体	0.3557568692047958
浮出し	1.1165629340039962
浮出す	0.3722963785085141
浮力	0.3702834893500718
浮動	0.25155809466840684
浮子	0.2858995835362751
浮沈	0.1121893373417793
浮游	0.14523713367363406
浮玉	0.07344516150509135
浮糸	0.11993544650918345
浮輪	0.13409190565316204
浮遊	0.5736250488420517
浴そう	0.18483445477046012
浴びせる	4.981356809539207
浴びる	0.09480716753128006
浴場	0.05996772325459172
浴室	0.3702834893500718
浴槽	0.10269816210072369
浴比	0.12587997583452123
浴用	0.12577904733420342
浴衣	0.09481729578957762
海上	0.30819450908424184
海側	0.04240358376564003
海域	0.550657547249116
海島	0.29983861627295866
海底	0.48442626177755893
海水	0.5853969408263067
海波	0.04240358376564003
海洋	1.2291644379262803
海流	0.11482003581075538
海相	0.05996772325459172
海綿	0.04240358376564003
海苔	0.1540472431510855
海象	0.12721075129692008
海部	0.07344516150509135
海面	0.30378526028278935
海馬	0.04240358376564003
浸かり	0.07344516150509135
浸かる	0.06996772325459172
浸け	0.1121893373417793
浸さ	0.07344516150509135
浸し	0.11993544650918345
浸す	0.05996772325459172
浸み込ま	0.3037806460203654
浸ら	0.04240358376564003
浸る	0.05996772325459172
浸入	0.3128073817946422
浸出	0.2717137970219136
浸又	0.05996772325459172
浸染	0.12577904733420342
浸水	0.19887413575110632
浸液	0.051349081050361844
浸漬	0.1540472431510855
浸潤	0.051349081050361844
浸潰	0.04240358376564003
浸潸	0.04240358376564003
浸炭	0.10386714349118253
浸績	0.04240358376564003
浸透	0.22382545514220661
浸食	0.1406367771170335
消え	0.10386714349118253
消える	0.20889043756735093
消し	0.18483293647838678
消す	0.07344516150509135
消光	0.08893921730119896
消化	0.4871401556272042
消去	0.10269816210072369
消失	0.7207186972523858
消尽	0.08480716753128006
消散	0.1851417446750359
消極	0.10386714349118253
消毒	0.6753917126941795
消泡	0.12577904733420342
消波	0.12577904733420342
消滅	0.04240358376564003
消火	0.33118257636287074
消灯	0.3622963785085141
消磁	0.2242772921775442
消耗	1.23771525015262
消臭	0.408925352850343
消費	0.23887758457104227
消雪	0.1748344547704601
消音	0.3773371420026102
涙液	0.07344516150509135
液中	0.5330047830505884
液体	1.7994171659601397
液冷	0.25155809466840684
液剤	0.2243786746835586
液化	0.4203103429086824
液受	0.08480716753128006
液圧	0.8222359956118369
液封	0.12721075129692008
液性	0.26818381130632407
液晶	2.2912279887236915
液柱	0.051349081050361844
液浸	0.25442150259384017
液温	0.3028221585760398
液溜め	0.2975950975656642
液滴	0.2506769343217122
液状	0.11482003581075538
液相	0.1965862147239959
液膜	0.051349081050361844
液質	0.16422837374383503
液量	0.11482003581075538
液面	0.32879454544347575
淀み	0.04240358376564003
淘汰	0.5992911585145995
淡水	0.3876770603335305
淡色	0.07261856683681703
深い	0.20773428698236507
深く	0.2508629846468741
深夜	0.2858995835362751
深層	0.051349081050361844
深度	1.320180779453213
深水	0.19213066841614024
深浅	0.19887413575110632
深溝	0.22033548451527404
深耕	0.051349081050361844
深部	0.11482003581075538
混ざる	0.07344516150509135
混じ	0.04240358376564003
混じっ	0.05193357174559127
混じり	0.31160143047354766
混じり合っ	0.32160143047354767
混ぜ	0.05996772325459172
混ぜ込ん	0.20431763234344605
混り合わ	0.10481729578957762
混入	0.24084853901106779
混合	2.276218523136164
混和	0.23531105077970568
混在	0.12577904733420342
混成	0.07261856683681703
混流	0.12577904733420342
混濁	0.07344516150509135
混用	0.12577904733420342
混紡	0.26818381130632407
混線	0.04240358376564003
混練	0.5210639608931108
混繊	0.2907043241164011
混色	0.20539632420144738
混載	0.04240358376564003
混酸	0.1258790701162742
混雑	0.24725325710649015
添い	0.04240358376564003
添い合わせる	4.991356809539207
添え	0.08480716753128006
添っ	0.04240358376564003
添わ	0.13409190565316204
添付	0.232253993475009
添加	1.6952975125154657
添着	0.1748344547704601
清掃	0.051349081050361844
清水	0.27810048332160314
清浄	0.7120772601058409
清涼	0.1121893373417793
清潔	0.16238005187573473
清澄	0.051349081050361844
済ま	0.10386714349118253
済み	0.77263006682909
渉っ	0.04240358376564003
渋滞	0.07344516150509135
減じ	0.2435900433794421
減じる	0.2535900433794421
減する	17.467303608502274
減ずる	0.1468903230101827
減ぜ	0.04240358376564003
減らし	0.24609316254660824
減らす	0.16422837374383503
減る	0.04240358376564003
減光	0.3444883430062575
減圧	0.8803212753700318
減容	0.05996772325459172
減少	0.6734368845342973
減損	0.051349081050361844
減摩	0.15865968242239462
減水	0.10386714349118253
減率	0.11993544650918345
減算	0.5017259692937482
減肉	0.05996772325459172
減衰	0.8965124486184416
減退	0.07344516150509135
減速	0.08893921730119896
減量	0.08893921730119896
渡さ	0.18483293647838678
渡し	0.2435900433794421
渡し板	0.2535900433794421
渡す	0.281273554234067
渡っ	0.2907043241164011
渡ら	0.07344516150509135
渡り	0.23609316254660823
渡る	0.17990316976377518
渡部	0.04240358376564003
渦中	0.19889043756735092
渦巻	0.5035146593495772
渦巻き	0.5851901951313284
渦巻く	0.5135146593495772
渦流	0.3144733937701738
温かい	0.10386714349118253
温め	0.08480716753128006
温める	0.08995158488188759
温和	0.5236599325617052
温室	0.42961723514096134
温床	0.11482003581075538
温度	3.19026183273508
温感	0.12577904733420342
温気	0.07344516150509135
温水	0.17030563517359884
温泉	0.217855700510451
温浴	0.11993544650918345
温浸	0.051349081050361844
温湯	0.04240358376564003
温熱	0.2715154149637838
温風	0.5193357174559128
測っ	0.08480716753128006
測る	0.04240358376564003
測位	0.4586648865913426
測光	0.051349081050361844
測定	0.37382695276020617
測度	0.08480716753128006
測温	0.07344516150509135
測点	0.2508629846468741
測線	0.10386714349118253
測色	0.19431763234344604
測角	0.07344516150509135
測距	0.35223062078091094
測量	0.32476010375146946
港湾	0.23531105077970568
渾然	0.051349081050361844
湖底	0.04240358376564003
湖水	0.10269816210072369
湛水	0.08480716753128006
湧出	0.05996772325459172
湧水	0.05996772325459172
湯切り	0.46274638203230317
湯口	0.05996772325459172
湯気	0.08480716753128006
湯水	0.3622963785085141
湯沸かし	0.05996772325459172
湯洗い	0.4276268667943385
湯浴み	0.2435900433794421
湯温	0.15288829553044753
湯道	0.10386714349118253
湯量	0.08480716753128006
湯面	0.1468903230101827
湾外	0.07344516150509135
湾曲	1.0676949577719093
湿し	0.09481729578957762
湿し水	0.2698547546456628
湿っ	0.16961433506256013
湿ら	0.08480716753128006
湿り	0.1468903230101827
湿り気	0.15689032301018271
湿度	0.6908312316142851
湿式	0.14523713367363406
湿性	0.07261856683681703
湿気	0.18963459157915524
湿潤	0.5528750905483449
湿熱	0.32014003689271686
湿球	0.051349081050361844
満し	0.04240358376564003
満す	0.08480716753128006
満た	0.19431763234344604
満たさ	0.5689037747374658
満たし	0.5321607527775043
満たす	1.1944721501485993
満タン	0.29127355423406703
満了	0.1748344547704601
満杯	0.1468903230101827
満水	0.10386714349118253
満足	0.6850508609733141
満載	0.04240358376564003
満遍	0.07344516150509135
源力	0.04240358376564003
源水	0.1358568985109568
源液	0.16422837374383503
準じ	0.19889043756735092
準ずる	0.08344516150509135
準備	0.08893921730119896
準拠	0.3144733937701738
溜っ	0.05996772325459172
溜まっ	0.35223062078091094
溜まり	0.5783077799991585
溜まる	0.17990316976377518
溜め	0.2875950975656642
溜める	0.2975950975656642
溜り	0.2398708930183669
溜り水	0.2498708930183669
溜る	0.04240358376564003
溜水	0.16961433506256013
溝上	0.07344516150509135
溝口	0.05996772325459172
溝掘	0.1406367771170335
溝水	0.08480716753128006
溝穴	0.1121893373417793
溝端	0.04240358376564003
溝蓋	0.18963459157915524
溝部	0.7270700044382779
溝隠し	0.05193357174559127
溢れ	0.05996772325459172
溢れる	7.630385307621593
溢れ出る	0.4009417256758612
溢入	0.04240358376564003
溢出	0.3876770603335305
溢水	0.10269816210072369
溢流	0.217855700510451
溢液	0.04240358376564003
溢滝	0.04240358376564003
溶かし	0.19431763234344604
溶かす	0.16422837374383503
溶け	0.10386714349118253
溶ける	0.2535900433794421
溶け出す	0.3722963785085141
溶け込ま	0.3037806460203654
溶け込み	0.32731936484478924
溶体	0.051349081050361844
溶出	0.20539632420144738
溶剤	1.001658457370907
溶加	0.1406367771170335
溶化	0.14523713367363406
溶媒	0.14523713367363406
溶存	0.2715154149637838
溶射	0.35729894772871246
溶性	0.07261856683681703
溶接	0.051349081050361844
溶断	0.19889043756735092
溶液	1.6867215675888074
溶湯	0.30870274951317084
溶滴	0.04240358376564003
溶煤	0.09481729578957762
溶着	0.6527948744683947
溶結	0.2907043241164011
溶融	1.4731813014075248
溶解	0.7938375285959178
溶誘	0.05996772325459172
溶質	0.2398708930183669
溶鉱	0.15865968242239462
溶鋼	0.16961433506256013
溶錫	0.04240358376564003
溶離	0.1748344547704601
滅菌	0.051349081050361844
滑っ	0.08480716753128006
滑ら	0.08480716753128006
滑らか	0.4022757169594861
滑らす	0.09480716753128006
滑り	0.5313153817071694
滑り台	0.5413153817071694
滑り止め	0.7170090301369303
滑り込み	0.5413153817071694
滑り込める	0.5413153817071694
滑り面	0.5413153817071694
滑る	0.08480716753128006
滑剤	0.2243786746835586
滑動	0.33671844226714864
滑性	0.04240358376564003
滑止め	0.7170090301369303
滑液	0.10386714349118253
滑空	0.11993544650918345
滑脱	0.14523713367363406
滑膜	0.051349081050361844
滑落	0.2812504999844426
滑走	0.08480716753128006
滑車	0.051349081050361844
滑面	0.051349081050361844
滞在	0.18963459157915524
滞水	0.08480716753128006
滞溜	0.09481729578957762
滞点	0.04240358376564003
滞留	0.2904742673472681
滲み	0.26818381130632407
滲み出す	0.3722963785085141
滲み込ま	0.3037806460203654
滴り落ちる	0.30070432411640113
滴下	0.27805889375327486
滴定	0.1540472431510855
漁獲	0.04240358376564003
漁網	0.16422837374383503
漁船	0.04240358376564003
漂流	0.33671844226714864
漂白	0.22964007162151076
漆喰	0.05996772325459172
漉い	0.04240358376564003
漉き	0.04240358376564003
漉き込ま	0.3037806460203654
漏えい	0.12721075129692008
漏らす	0.05193357174559127
漏れ	0.510606764393696
漏れる	7.630385307621593
漏れ出	0.520606764393696
漏れ出さ	0.530606764393696
漏れ出す	0.530606764393696
漏出	0.1778784346023979
漏斗	0.47062210155941137
漏水	0.4387267408129051
漏油	0.308094486302171
漏洩	0.53804116060327
漏液	0.23531105077970568
漏電	0.6774296433802106
演出	0.9055509078935717
演奏	0.39774827150221265
演箕	0.10386714349118253
演算	0.1778784346023979
演色	0.04240358376564003
漕ぎ	0.05996772325459172
漠然	0.10269816210072369
漢字	0.2715154149637838
漢方	0.04240358376564003
漫然	0.08480716753128006
漬ける	0.2535900433794421
漸増	0.19431763234344604
漸次	0.3365680120253379
漸減	0.2398708930183669
漸進	0.13409190565316204
潅流	0.04240358376564003
潅漑	0.05996772325459172
潜り込ん	0.20431763234344605
潜像	0.08893921730119896
潜入	0.161557784138016
潜函	0.09481729578957762
潜在	0.6495202075029389
潜堤	0.1121893373417793
潜水	0.24626154159446512
潜熱	0.46062082248636865
潤滑	0.21171768494904414
潮汐	0.12623088436954097
潮流	0.5031161893368137
潰さ	0.13409190565316204
潰し	0.11993544650918345
潰す	0.11993544650918345
潰ぶし	0.10386714349118253
潰れ	0.05996772325459172
潰瘍	0.09481729578957762
澄明	0.051349081050361844
澱物	0.05996772325459172
澱粉	0.12577904733420342
激しい	0.05193357174559127
激しく	0.15063677711703352
濁り	0.04240358376564003
濁度	0.20336044372468792
濁水	0.08480716753128006
濁点	0.04240358376564003
濃い	0.04240358376564003
濃く	0.07344516150509135
濃化	0.04240358376564003
濃厚	0.16961433506256013
濃度	0.217855700510451
濃染	0.05996772325459172
濃淡	0.2398708930183669
濃縮	0.12577904733420342
濃色	0.1121893373417793
濃霧	0.05996772325459172
濡らさ	0.16422837374383503
濡らし	0.24609316254660824
濡らす	0.10386714349118253
濡れ	0.21621670106726473
濡れる	7.630385307621593
濡れ縁	0.22621670106726474
濯ぎ	0.1121893373417793
濯ぎ水	0.1221893373417793
濯ぎ洗い	0.4276268667943385
濯ぐ	0.08480716753128006
濾別	0.07344516150509135
濾化	0.05996772325459172
濾布	0.05996772325459172
濾材	0.051349081050361844
濾枠	0.07344516150509135
濾水	0.1406367771170335
濾液	0.07344516150509135
濾滓	0.08480716753128006
濾紙	0.19431763234344604
濾胞	0.08480716753128006
濾過	1.0168022186234398
瀑布	0.22382545514220661
瀘外	0.04240358376564003
瀘過	0.10386714349118253
瀝青	0.09481729578957762
灌水	0.19213066841614024
灌流	0.17030563517359884
灌漑	0.04240358376564003
火の粉	0.07344516150509135
火傷	0.1121893373417793
火力	0.5211362555472542
火口	0.13409190565316204
火山	0.17030563517359884
火工	0.04240358376564003
火床	0.08480716753128006
火打	0.21621670106726473
火災	0.46836289111403495
火炉	0.1358568985109568
火炎	0.4261507427344633
火移り	0.10386714349118253
火花	0.22382545514220661
火葬	0.051349081050361844
火薬	0.19889043756735092
灯具	1.0218338110415932
灯器	0.13409190565316204
灯油	0.08893921730119896
灯用	0.15288829553044753
灰分	0.1540472431510855
灰皿	0.10386714349118253
灰色	0.4649857054004603
灼熱	0.08480716753128006
災害	0.31160143047354766
炉内	0.19887413575110632
炉壁	0.11482003581075538
炉外	0.19431763234344604
炉床	0.11993544650918345
炉底	0.1540472431510855
炉心	0.08893921730119896
炉芯	0.07261856683681703
炉頂	0.04240358376564003
炊き	0.21621670106726473
炊飯	0.1748344547704601
炎口	0.1121893373417793
炎症	0.44172149735894733
炭化	0.12577904733420342
炭層	0.05996772325459172
炭水	0.10386714349118253
炭疽	0.1468903230101827
炭粉	0.14523713367363406
炭素	0.14523713367363406
炭酸	0.8134417748987517
炭鉱	0.04240358376564003
炸薬	0.08480716753128006
点く	0.05996772325459172
点列	0.09481729578957762
点前	0.051349081050361844
点在	0.11993544650918345
点字	0.05996772325459172
点数	0.23531105077970568
点検	0.6527948744683947
点滅	0.30870274951317084
点滴	0.21171768494904414
点火	0.4534655267637173
点灯	0.32476010375146946
点状	0.22382545514220661
点眼	0.04240358376564003
点線	0.04240358376564003
為さ	0.05996772325459172
為され	0.06996772325459172
為される	7.630385307621593
為し	0.10386714349118253
為す	0.18483293647838678
為替	0.04240358376564003
焙焼	0.13409190565316204
焙煎	0.30577659106089505
焚き	0.05996772325459172
無い	0.38398078223514176
無かっ	0.08995158488188759
無く	0.21201791882820015
無くし	0.22201791882820016
無くす	0.22201791882820016
無くなっ	1.9106079047464861
無くなる	5.190010407421949
無し	0.32845674748767006
無人	0.5689037747374658
無傷	0.05996772325459172
無効	0.6582806421252914
無地	0.05996772325459172
無垢	0.08480716753128006
無声	0.1406367771170335
無害	0.10386714349118253
無形	0.04240358376564003
無意	0.07261856683681703
無数	0.16422837374383503
無杼	0.05996772325459172
無核	0.04240358376564003
無機	0.1832567792798479
無段	0.5783077799991585
無毒	0.07344516150509135
無気	0.04240358376564003
無水	0.5720556203227763
無煙	0.05996772325459172
無理	0.05996772325459172
無節	0.04240358376564003
無線	1.6140283105385822
無臭	0.08480716753128006
無色	0.051349081050361844
無菌	0.051349081050361844
無視	0.15865968242239462
無限	0.10269816210072369
無音	0.11993544650918345
無駄	0.19431763234344604
焦点	0.745888486514713
然も	0.10386714349118253
然る	0.17990316976377518
焼き	0.15288829553044753
焼きなまし	0.242253993475009
焼き付け	1.6745769717310857
焼き入れ	0.676424629867402
焼き網	0.16288829553044754
焼き鈍す	0.16288829553044754
焼く	0.05996772325459172
焼付	0.05996772325459172
焼付け	1.6745769717310857
焼入	0.16961433506256013
焼入れ	0.676424629867402
焼却	0.53804116060327
焼失	0.05996772325459172
焼尽	0.05996772325459172
焼成	0.6472626147612178
焼戻し	0.6303109527167043
焼損	0.04240358376564003
焼結	0.6500346300774044
焼網	0.10386714349118253
焼鈍	0.2435900433794421
煉瓦	0.2937806460203654
煎じ出し	1.1165629340039962
煙突	0.2243786746835586
煙筒	0.04240358376564003
煙草	0.18483293647838678
煙道	0.07261856683681703
煙霧	0.04240358376564003
煤煙	0.08480716753128006
照らさ	0.10386714349118253
照らし	0.24609316254660824
照らし合わせ	1.3062602862313335
照らす	0.26481029574134085
照会	0.11482003581075538
照光	0.051349081050361844
照合	0.8090088166922242
照射	0.9370327985351621
照度	0.359443567352533
照応	0.05996772325459172
照明	1.47220600410305
照準	0.09481729578957762
照灯	0.12577904733420342
煮汁	0.04240358376564003
煮沸	0.12577904733420342
煽ら	0.04240358376564003
煽戸	0.12721075129692008
熔接	0.5743002246179184
熔断	0.2949780129359624
熔着	0.04240358376564003
熔融	0.6535671015313532
熔解	0.11482003581075538
熟す	0.04240358376564003
熟する	17.467303608502274
熟成	0.051349081050361844
熟練	0.09481729578957762
熟語	0.1468903230101827
熱い	0.11993544650918345
熱する	17.467303608502274
熱中	0.04240358376564003
熱力	0.08480716753128006
熱圧	0.17990316976377518
熱延	0.15865968242239462
熱性	0.05996772325459172
熱感	0.04240358376564003
熱時	0.04240358376564003
熱板	0.1121893373417793
熱気	0.05996772325459172
熱水	0.597761563920918
熱流	0.07344516150509135
熱源	0.9114304851552743
熱発	0.13409190565316204
熱的	0.18483293647838678
熱線	0.2875950975656642
熱論	0.05996772325459172
熱量	0.16238005187573473
熱間	0.5052970176995808
熱電	0.4219103313511005
熱面	0.04240358376564003
熱願	0.04240358376564003
熱風	0.5544988094351604
燃え	0.11993544650918345
燃え尽きる	0.12993544650918346
燃圧	0.1748344547704601
燃料	1.0868551880876545
燃焼	1.910044943426259
燃費	0.37208993744129004
燐光	0.04240358376564003
燐酸	0.30577659106089505
燒結	0.051349081050361844
燥容	0.04240358376564003
燥機	0.08480716753128006
燭台	0.07344516150509135
爆発	0.15865968242239462
爆破	0.27652326415110595
爪側	0.1468903230101827
爪先	0.15865968242239462
爪掛	0.20336044372468792
爪根	0.08480716753128006
爪竿	0.04240358376564003
爾後	0.05996772325459172
片す	0.04240358376564003
片上	0.14028829835156081
片側	0.5245033643113803
片寄せ	0.17422837374383504
片寄っ	0.18724915584671722
片寄ら	0.05193357174559127
片寄り	0.5960291869765562
片寄る	0.08995158488188759
片手	0.08480716753128006
片持	0.10386714349118253
片持ち	0.4686648865913426
片方	0.34708829191340723
片状	0.5287720750744079
片端	0.17990316976377518
片脇	0.04240358376564003
片舷	0.04240358376564003
片辺	0.08480716753128006
片面	0.2618299662808526
版材	0.1358568985109568
牛乳	0.07261856683681703
牛脂	0.04240358376564003
牧草	0.2904742673472681
物ごと	1.2033426254041055
物上	0.2243786746835586
物件	0.8004529557107906
物体	1.498830331377961
物価	0.05996772325459172
物入	0.07344516150509135
物入れ	0.676424629867402
物品	1.6503757611017797
物干	0.13409190565316204
物干し	0.4816121314770683
物性	0.1851417446750359
物流	0.981022816004587
物理	1.7307001905812833
物相	0.05996772325459172
物質	0.19213066841614024
物量	0.2937806460203654
物類	0.05996772325459172
特に	0.8985158308901258
特典	0.051349081050361844
特別	0.27149270258792335
特命	0.1851417446750359
特定	2.180371713461741
特徴	8.906266875735543
特性	1.7360242643900772
特有	1.6043094947219696
特権	0.1406367771170335
特殊	1.3161802224387154
特注	0.05996772325459172
特異	0.14523713367363406
特色	1.2759487342770603
特記	0.04240358376564003
特許	2.5311068198146964
特質	0.051349081050361844
特長	0.23609316254660823
牽制	0.17990316976377518
牽引	0.051349081050361844
犠牲	0.35477383518500283
状態	4.363450332972799
状況	1.1178794307696638
状箱	0.05996772325459172
状袋	0.10386714349118253
狂い	0.09481729578957762
狙い	0.05996772325459172
狨的	0.08480716753128006
独占	0.1778784346023979
独特	1.7364873800063316
独立	1.8241575845831923
独自	0.32067490837910695
狭い	0.386315033414545
狭く	0.386315033414545
狭まっ	0.07344516150509135
狭まり	0.05193357174559127
狭まる	0.12721075129692008
狭め	0.16961433506256013
狭める	0.21412760182266577
狭域	0.07344516150509135
狭小	0.266817651903597
狭心	0.05996772325459172
狭窄	0.2949780129359624
狭路	0.07344516150509135
狭隘	0.1851417446750359
献立	0.08480716753128006
獣毛	0.18483293647838678
獲得	0.5261715054003269
玄そば	0.10481729578957762
玄武	0.10269816210072369
玄米	0.08480716753128006
玄関	0.25442150259384017
玉取り	0.6126681599904457
玉掛	0.04240358376564003
玉縁	0.05996772325459172
珪化	0.04240358376564003
珪石	0.12721075129692008
珪砂	0.10386714349118253
珪素	0.5966713127020528
珪藻	0.21621670106726473
珪質	0.04240358376564003
珪酸	0.37208993744129004
現し	0.04240358376564003
現す	0.05996772325459172
現れ	0.1406367771170335
現れる	7.630385307621593
現れれ	0.15063677711703352
現わす	0.07344516150509135
現われ	0.10386714349118253
現われる	7.640385307621592
現像	1.3589008948066197
現出	0.07271858961888779
現在	0.11482003581075538
現地	0.05996772325459172
現場	0.45472777610292275
現実	0.19889043756735092
現況	0.3496689095409202
現状	0.04240358376564003
現用	0.20336044372468792
現示	0.08480716753128006
現行	0.07261856683681703
現象	0.08893921730119896
現金	0.35223062078091094
球体	0.47895234298450484
球形	0.5409961384737844
球心	0.10269816210072369
球技	0.1540472431510855
球状	0.1851417446750359
球粒	0.08893921730119896
球菌	0.07261856683681703
球部	0.1121893373417793
球面	0.44172149735894733
理工	0.7045262430748135
理想	0.9868587031726789
理由	0.6118949204804381
理解	1.7944699713319199
理論	0.07261856683681703
琥珀	0.14523713367363406
瑋式	0.05996772325459172
瑕疵	0.1540472431510855
璟化	0.05996772325459172
璟式	0.2243786746835586
環内	0.04240358376564003
環境	0.5970742442886565
環式	0.5657343697162104
環形	0.33671844226714864
環流	0.15288829553044753
環状	1.7713332644412345
環球	0.05996772325459172
環軸	0.05996772325459172
瓦葺	0.09481729578957762
瓦葺き	0.1899031697637752
甘味	0.08480716753128006
甘草	0.32476010375146946
生かし	0.07344516150509135
生ごみ	0.4557152425776371
生さ	0.04240358376564003
生し	0.07344516150509135
生じ	0.9678797964232894
生じる	0.9840007209638398
生ずる	0.44372063150204855
生ぜ	0.22835028699110468
生み出さ	0.5258618609599942
生み出し	1.1165629340039962
生み出す	0.3722963785085141
生み出せる	4.991356809539207
生ゴミ	0.22621670106726474
生体	0.051349081050361844
生命	1.1518647614760769
生地	0.25674540525180933
生型	0.07344516150509135
生塔	0.04240358376564003
生存	0.8453125586421906
生布	0.16961433506256013
生年	0.04240358376564003
生息	0.12577904733420342
生態	0.051349081050361844
生成	3.369486806801517
生検	0.07344516150509135
生機	0.09481729578957762
生殖	0.24084853901106779
生水	0.15288829553044753
生活	2.441107445783487
生海苔	0.16404724315108551
生物	2.3294605557224672
生理	0.9356247845188375
生産	0.6837372435403158
生簀	0.04240358376564003
生糸	0.09481729578957762
生育	0.5877170954956804
生花	0.04240358376564003
生起	0.21621670106726473
生長	0.16238005187573473
産出	0.30577659106089505
産業	0.38398078223514176
産物	0.2937806460203654
産生	0.07261856683681703
甦り	0.05996772325459172
甦る	0.04240358376564003
用い	2.935050974407224
用いる	6.549781977253623
用し	0.04240358376564003
用する	17.467303608502274
用例	0.4621417294532566
用便	0.07344516150509135
用具	0.42961723514096134
用品	0.8070141552692911
用布	0.11993544650918345
用弁	0.1406367771170335
用心	0.3165369942664396
用意	0.19213066841614024
用排水	0.6970038823211095
用水	0.3557568692047958
用立て	0.31870274951317085
用紙	1.0079216798124013
用語	0.2907043241164011
用途	3.1877813903493903
用量	0.6230495879506449
用金	0.08893921730119896
甩紙	0.04240358376564003
田辺	0.04240358376564003
由来	0.266817651903597
甲板	0.25155809466840684
甲状	0.11993544650918345
申請	0.35990668296878786
申込	0.20773428698236507
申込み	0.32731936484478924
男女	0.7298075644940654
男子	0.67147636542662
男性	0.4871401556272042
画い	0.05996772325459172
画か	0.04240358376564003
画き	0.05996772325459172
画く	0.04240358376564003
画さ	0.07344516150509135
画し	0.07344516150509135
画する	17.467303608502274
画像	0.4043230685138198
画分	0.1468903230101827
画定	0.7283054683785142
画室	0.1851417446750359
画板	0.4987134338221093
画用	0.04240358376564003
画素	0.14523713367363406
画角	0.07261856683681703
画質	0.42825520364533154
画鋲	0.07344516150509135
画面	1.6278549583240558
界壁	0.04240358376564003
界面	3.270255230689288
留まっ	0.07344516150509135
留まら	0.07344516150509135
留まる	0.18724915584671722
留め	0.19431763234344604
留める	0.22033548451527404
留め具	0.20431763234344605
留め置か	0.567732066047264
留め置き	0.4009417256758612
留め置く	0.3128221585760398
留出	0.1358568985109568
留子	0.1468903230101827
留守	0.12577904733420342
畜力	0.07261856683681703
畜舎	0.04240358376564003
略々	0.18963459157915524
略し	0.08480716753128006
略す	0.07344516150509135
略画	0.04240358376564003
略称	0.13409190565316204
略記	0.08480716753128006
番号	1.3172439709878019
番地	0.07344516150509135
番手	0.232253993475009
番組	0.7031838855851675
異っ	0.07344516150509135
異な	0.13409190565316204
異なっ	1.9106079047464861
異なつ	0.45674947643487085
異なら	0.5563319596034649
異なり	1.95502608713121
異なる	5.190010407421949
異り	0.05996772325459172
異る	0.1121893373417793
異動	0.15288829553044753
異型	0.19889043756735092
異常	0.12577904733420342
異形	0.37449831169343445
異性	0.333886152456969
異所	0.05996772325459172
異方	0.5346888465930204
異極	0.15288829553044753
異物	0.051349081050361844
異状	0.25442150259384017
異相	0.10386714349118253
異種	0.36722580752545675
異臭	0.05996772325459172
異色	0.19431763234344604
異質	0.10386714349118253
畳ま	0.05996772325459172
畳み込み	0.32731936484478924
畳み込む	0.2644215025938402
畳床	0.17990316976377518
畳用	0.07344516150509135
畳表	0.05996772325459172
疎密	0.04240358376564003
疎水	0.667772304913938
疑い	0.08480716753128006
疑わ	0.09481729578957762
疑似	0.31234426617838734
疑問	0.051349688878465534
疲れ	0.05996772325459172
疲労	0.32570810713583626
疼痛	0.6434021414174115
疾患	0.33671844226714864
疾病	1.3105157134964245
病原	0.08893921730119896
病変	0.07344516150509135
病巣	0.10386714349118253
病態	0.05996772325459172
病気	0.10386714349118253
病状	0.23531105077970568
病理	0.3702834893500718
病的	0.1468903230101827
病院	0.051349081050361844
症候	0.051349081050361844
症状	0.7719459541871816
痙攣	0.04240358376564003
痛風	0.04240358376564003
痴呆	0.20608338783383778
療す	0.05996772325459172
療上	0.04240358376564003
療法	0.12406857638749665
発し	0.2937806460203654
発する	17.467303608502274
発せ	0.32570810713583626
発付	0.1121893373417793
発令	0.09481729578957762
発作	0.05996772325459172
発信	0.6623651527257415
発光	1.9565474892077592
発出	0.08480716753128006
発券	0.18483293647838678
発声	0.19889043756735092
発射	0.333886152456969
発心	0.10386714349118253
発情	0.07344516150509135
発想	0.05996772325459172
発振	0.8000692183532595
発揮	0.2937806460203654
発散	0.18483293647838678
発明	0.3028221585760398
発条	0.10386714349118253
発泡	1.3321745701143846
発注	0.33118257636287074
発火	0.17990316976377518
発煙	0.11993544650918345
発熱	0.9669504829143105
発現	0.8330982364892421
発生	2.8989913322010725
発症	0.17990316976377518
発着	0.07344516150509135
発砲	0.04240358376564003
発破	0.04240358376564003
発育	0.08480716753128006
発色	0.5052970176995808
発芽	0.05996772325459172
発行	0.6863619642990486
発見	0.32570810713583626
発言	0.13409190565316204
発話	0.35729894772871246
発車	0.31731936484478923
発送	0.19431763234344604
発進	0.48902198401561
発達	0.08480716753128006
発酵	0.31160143047354766
発電	1.3555889208478296
発音	0.45670057398220937
登る	0.04240358376564003
登坂	0.11993544650918345
登場	0.23609316254660823
登攀	0.05996772325459172
登載	0.05996772325459172
登録	1.6504747295844977
白あり	3.8603294649703375
白光	0.44765091028441323
白化	0.1540472431510855
白地	0.07344516150509135
白板	0.17030563517359884
白水	0.25155809466840684
白濁	0.04240358376564003
白煙	0.05996772325459172
白熱	0.08480716753128006
白票	0.04240358376564003
白紙	0.16422837374383503
白線	0.05996772325459172
白色	0.994283679327392
白血	0.08893921730119896
白衣	0.11482003581075538
白金	0.16238005187573473
白黒	0.17990316976377518
白黴	0.04240358376564003
百足	0.051349081050361844
的中	0.05996772325459172
的場	0.10386714349118253
皆目	0.04240358376564003
皮下	0.18720597956131863
皮体	0.12721075129692008
皮剥ぎ	0.1161269967375045
皮張り	0.34656801202533793
皮膚	0.17030563517359884
皮膜	0.08893921730119896
皮製	0.11993544650918345
皮質	0.051349081050361844
皮革	0.308094486302171
皿形	0.05996772325459172
盗み	0.05996772325459172
盗聴	0.04240358376564003
盗難	0.2844518873687329
盛り	0.07344516150509135
盛りつけ	0.35448834300625753
盛り上がっ	0.08344516150509135
盛り上がり	0.24173762072857763
盛り上げ	0.3722963785085141
盛り付け	1.6745769717310857
盛土	0.18963459157915524
監査	0.15288829553044753
監視	0.46563812847564334
盤上	0.09481729578957762
盤側	0.05996772325459172
盤膨れ	0.05193357174559127
盤面	0.11993544650918345
目づまり	0.1468903230101827
目付	0.051349081050361844
目付け	1.6745769717310857
目印	0.35980633952755037
目合い	0.15689032301018271
目名	0.04240358376564003
目地	0.051349081050361844
目安	0.2579309304799971
目張	0.05996772325459172
目数	0.2905742901293389
目明き	0.08344516150509135
目板	0.07344516150509135
目標	0.33671844226714864
目止め	0.7170090301369303
目的	2.2268949363458206
目皿	0.15865968242239462
目盛	0.26818381130632407
目盛り	0.2781838113063241
目立た	0.08995158488188759
目立つ	0.14409190565316204
目立て	0.31870274951317085
目線	0.05996772325459172
目視	0.3144733937701738
目詰まり	0.2875950975656642
目途	0.05996772325459172
目通し	1.5726166510562933
目開き	0.569341685746306
目隠し	0.20113785847974305
盲導	0.16422837374383503
盲目	2.2269949591278912
盲端	0.08480716753128006
直さ	0.08480716753128006
直し	0.15288829553044753
直す	0.1748344547704601
直ちに	0.232253993475009
直り	0.04240358376564003
直上	0.31160143047354766
直下	0.3955142989915278
直交	1.4572280140720455
直列	1.001658457370907
直前	0.6527948744683947
直噴	0.18963459157915524
直圧	0.05996772325459172
直射	0.10269816210072369
直径	1.0410068488048172
直後	0.4816121314770683
直接	2.7742763734076394
直方	0.08893921730119896
直流	1.3458945804483813
直物	0.04240358376564003
直立	0.3842613368322805
直管	0.217855700510451
直結	0.2748066310683302
直線	1.485941616974345
直腸	0.1748344547704601
直行	0.11482003581075538
直視	0.1406367771170335
直角	1.7116391952718122
直近	0.1468903230101827
直送	0.07344516150509135
直進	0.31731936484478923
直重	0.08480716753128006
直鎖	0.6026681599904457
直面	0.20539632420144738
相乗	0.10386714349118253
相互	2.03526408211068
相似	0.7225456170332035
相分	0.4266384304921677
相加	0.36309283418408506
相反	0.8421875477283983
相同	2.3503075163223515
相場	0.1406367771170335
相対	1.7046029709378532
相差	0.47341513558494674
相当	1.000977865585608
相応	0.22835028699110468
相手	0.5798602868999779
相方	0.04240358376564003
相殺	0.17990316976377518
相法	0.04240358376564003
相異	0.07261856683681703
相等	0.6753917126941795
相補	0.45472777610292275
相違	0.2875950975656642
相関	0.7489966233868689
相隣	0.09481729578957762
省く	0.08480716753128006
省エネ	0.10386714349118253
省略	2.090859926150046
看板	0.22382545514220661
真っすぐ	0.24609316254660824
真っ直ぐ	0.20773428698236507
真ん中	0.10386714349118253
真上	0.1406367771170335
真下	0.15288829553044753
真中	0.04240358376564003
真似	0.09481729578957762
真値	0.04240358376564003
真偽	0.04240358376564003
真先	0.05996772325459172
真円	0.15865968242239462
真性	0.1406367771170335
真新しい	0.5081293209914588
真核	0.22382545514220661
真横	0.15288829553044753
真珠	0.07261856683681703
真理	0.6495202075029389
真直	0.15288829553044753
真直ぐ	0.16288829553044754
真空	1.2345156362258893
真菌	0.435711401020902
真贋	0.1406367771170335
真金	0.04240358376564003
真鍮	0.12721075129692008
眩惑	0.04240358376564003
眺め	0.04240358376564003
眼前	0.533635303807194
眼圧	0.18963459157915524
眼球	0.4761917877553435
眼鏡	0.217855700510451
眼間	0.10386714349118253
着い	0.07344516150509135
着く	0.05996772325459172
着け	0.1121893373417793
着ける	0.2535900433794421
着し	0.7465921336396412
着する	17.467303608502274
着せ	0.07344516150509135
着せる	4.981356809539207
着せ替え	0.17961433506256014
着信	0.20336044372468792
着圧	0.04240358376564003
着地	0.1778784346023979
着工	0.10386714349118253
着床	0.15865968242239462
着底	0.08480716753128006
着座	0.6144863077364919
着弾	0.20773428698236507
着手	0.41716190649590423
着水	0.07261856683681703
着氷	0.07344516150509135
着火	0.22165471622396063
着炎	0.05996772325459172
着点	0.2239263836425244
着用	0.4406709690305481
着目	0.15288829553044753
着肉	0.04240358376564003
着脱	1.27634082754165
着色	0.39774827150221265
着衣	0.07344516150509135
着装	0.217855700510451
着陸	0.22033548451527404
着雪	0.04240358376564003
着香	0.04240358376564003
睡眠	0.9796780274135238
督促	0.34826641201379865
瞬断	0.051349081050361844
瞬時	0.08893921730119896
瞬間	0.051349081050361844
瞳孔	0.359443567352533
瞳径	0.04240358376564003
矛盾	1.0892785025522556
矢印	0.07344516150509135
矢板	0.29983861627295866
知ら	0.29983861627295866
知り合え	0.05996772325459172
知り合える	0.20889043756735093
知る	0.1406367771170335
知名	0.5261715054003269
知弁	0.05996772325459172
知得	0.08480716753128006
知覚	0.15288829553044753
知識	0.051349081050361844
矩形	0.9930439661183281
短い	0.7158548848114055
短かい	0.12721075129692008
短かく	0.16865968242239462
短く	0.47218632509321645
短けれ	0.10386714349118253
短冊	0.3418686217701579
短小	0.12577904733420342
短尺	0.18483293647838678
短径	0.23609316254660823
短手	0.31160143047354766
短期	0.6351530548471325
短柱	0.05996772325459172
短毛	0.051349081050361844
短波	0.22382545514220661
短絡	0.507073111111465
短縮	0.051349081050361844
短軸	0.18963459157915524
短辺	0.3418686217701579
矯正	0.051349081050361844
石こう	0.16865968242239462
石刃	0.05996772325459172
石列	0.05996772325459172
石割	0.05996772325459172
石工	0.04240358376564003
石巻	0.1121893373417793
石持	0.04240358376564003
石材	0.30378526028278935
石板	0.20539632420144738
石油	1.3663101815837333
石灰	0.32879454544347575
石炭	0.41762686679433847
石片	0.11993544650918345
石碑	0.12577904733420342
石積	0.1406367771170335
石粉	0.11482003581075538
石綿	0.13409190565316204
石膏	0.3165369942664396
石英	0.41398952656628996
石鉱	0.04240358376564003
石面	0.07344516150509135
石鹸	0.11993544650918345
砂上	0.04240358376564003
砂中	0.05996772325459172
砂利	0.11993544650918345
砂取	0.04240358376564003
砂型	0.16238005187573473
砂礫	0.10386714349118253
砂質	0.1121893373417793
研出し	1.1165629340039962
研削	0.7537825929998714
研掃	0.04240358376564003
研摩	0.18963459157915524
研磨	0.7581600960141764
研究	2.4604730793791227
砕土	0.04240358376564003
砕木	0.04240358376564003
砕氷	0.04240358376564003
砕波	0.12721075129692008
砕片	0.08480716753128006
砕石	0.10386714349118253
砥石	0.36722580752545675
砥粒	0.39778087513470184
破たん	0.10386714349118253
破ら	0.04240358376564003
破り	0.10386714349118253
破れ	0.12721075129692008
破壊	0.4908569697648524
破損	0.24725325710649015
破断	0.5720556203227763
破棄	0.19889043756735092
破片	0.15288829553044753
破砕	0.6514162142716725
破裂	0.3773371420026102
破面	0.051349081050361844
破風	0.1468903230101827
硅砂	0.1358568985109568
硅素	0.07344516150509135
硅酸	0.08893921730119896
硝子	0.16961433506256013
硝材	0.04240358376564003
硝酸	0.366705787192605
硫化	0.37382695276020617
硫酸	0.4234353698980883
硫黄	0.051349081050361844
硬い	0.1748344547704601
硬く	0.07344516150509135
硬化	0.4505863575422368
硬度	0.6246885323567747
硬性	0.27652326415110595
硬材	0.04240358376564003
硬膜	0.11482003581075538
硬貨	0.40672088744937585
硬質	0.16238005187573473
硼化	0.11993544650918345
硼砂	0.14523713367363406
硼素	0.232253993475009
硼酸	0.217855700510451
碁盤	0.05996772325459172
碍子	0.21621670106726473
確か	0.1121893373417793
確かめ	0.1221893373417793
確かめる	0.1468903230101827
確保	0.308094486302171
確信	0.04240358376564003
確定	0.366705787192605
確実	0.24725325710649015
確度	0.16246879607688822
確率	0.6500346300774044
確立	0.4908569697648524
確認	0.08893921730119896
磁力	0.6140457001188739
磁化	0.34826641201379865
磁区	0.21201791882820015
磁器	0.04240358376564003
磁場	0.21171768494904414
磁性	1.1698127613972813
磁束	0.4625684879282077
磁極	0.08893921730119896
磁歪	0.2435900433794421
磁気	1.7631938381974135
磁波	0.051349081050361844
磁界	0.7644414776522376
磁石	0.3773371420026102
磁針	0.04240358376564003
磨き	0.08480716753128006
磨く	0.08480716753128006
磨砕	0.05996772325459172
磨耗	0.1540472431510855
礪構	0.05996772325459172
示さ	0.9962586419829176
示し	0.7667899977095918
示す	2.1324407715088003
示唆	0.1406367771170335
示差	0.19431763234344604
示度	0.04240358376564003
社会	3.385925853628207
社内	0.1121893373417793
社用	0.04240358376564003
祝い	0.04240358376564003
祝日	0.04240358376564003
神仙	0.23541197928002347
神経	0.3886352646868921
祭壇	0.10386714349118253
禁止	1.015362347521417
秋季	0.32067490837910695
科目	2.3159350821473375
秒数	0.051349081050361844
秒速	0.05996772325459172
秒針	0.10386714349118253
秒間	0.2579309304799971
秘匿	0.44473253847527455
秘密	0.742345053237223
秤量	0.08480716753128006
秩序	0.7316117886676484
称さ	0.05996772325459172
称し	0.11993544650918345
称す	0.09481729578957762
称する	17.467303608502274
称呼	0.2717137970219136
移さ	0.16422837374383503
移し	0.4406709690305481
移しかえ	0.4506709690305481
移しかえる	0.4606709690305481
移し換え	0.4506709690305481
移し替え	0.4506709690305481
移し替える	0.4606709690305481
移す	0.22835028699110468
移っ	0.04240358376564003
移ら	0.05996772325459172
移り	0.04240358376564003
移る	0.11993544650918345
移れる	7.630385307621593
移入	0.1851417446750359
移出	0.3165369942664396
移動	0.8311574872885144
移染	0.10386714349118253
移植	0.5877170954956804
移相	0.33671844226714864
移行	0.9538450301709619
移設	0.07344516150509135
移調	0.04240358376564003
移譲	0.10386714349118253
移転	0.13409190565316204
移載	0.2937806460203654
移送	0.7134642551839409
稀釈	0.08480716753128006
程度	1.7718212604065047
稜線	0.36966587295677356
稜辺	0.05996772325459172
種々	0.3418686217701579
種別	0.8330982364892421
種基	0.04240358376564003
種子	0.11482003581075538
種数	0.04240358376564003
種板	0.04240358376564003
種火	0.10386714349118253
種種	0.04240358376564003
種類	0.14523713367363406
稲わら	0.17224417150312876
稲藁	0.05996772325459172
稼働	0.4759790472671838
稼動	0.36966587295677356
穀物	0.051349081050361844
穀粒	0.4386260811102694
穀類	0.05996772325459172
積ま	0.07344516150509135
積み	0.3144733937701738
積み上げ	0.3722963785085141
積み上げる	0.4055142989915278
積み下ろし	0.3244733937701738
積み替え	0.3244733937701738
積み荷	0.3244733937701738
積み込み	0.3244733937701738
積み込む	0.3244733937701738
積み込ん	0.3244733937701738
積み重なる	5.190010407421949
積み重ね	0.7930324357354879
積み重ねる	0.8030324357354879
積み降ろさ	0.3244733937701738
積み降ろし	0.3244733937701738
積む	0.09481729578957762
積もっ	0.7541798748825801
積もり	0.06996772325459172
積もる	0.05193357174559127
積ん	0.07344516150509135
積分	0.10269816210072369
積卸	0.12721075129692008
積卸し	0.1372107512969201
積層	0.06490302967166123
積極	0.051349081050361844
積率	0.04240358376564003
積算	0.7158548848114055
積荷	0.232253993475009
積載	0.5966713127020528
積込	0.16422837374383503
積込ま	0.3037806460203654
積込み	0.32731936484478924
積重ね	0.7930324357354879
積雪	0.17990316976377518
穴あけ	0.676424629867402
穴埋め	0.22201791882820016
穴幅	0.04240358376564003
穴径	0.2579309304799971
穴部	0.5844930658889236
穴開き	0.569341685746306
空い	0.1121893373417793
空き	0.3932346586843407
空き部屋	0.5563319596034649
空け	0.4345074351467571
空ける	0.4445074351467571
空中	0.6831550907918666
空冷	0.1851417446750359
空回り	0.8409371479294603
空圧	0.3144733937701738
空域	0.2904742673472681
空堀	0.05996772325459172
空孔	0.07261856683681703
空室	0.21201791882820015
空弁	0.1121893373417793
空所	0.32014003689271686
空欄	0.1121893373417793
空気	3.1607029468519467
空洞	0.2717137970219136
空港	0.1778784346023979
空燃	0.7393317459135471
空白	0.6225745211083928
空縫い	0.5789037747374658
空罐	0.051349081050361844
空胞	0.05996772325459172
空胴	0.07344516150509135
空調	0.08893921730119896
空走	0.05996772325459172
空路	0.05996772325459172
空転	0.1748344547704601
空間	0.6870038823211095
空隙	0.5601523425294936
穿か	0.04240358376564003
穿き	0.05996772325459172
穿た	0.07344516150509135
穿ち	0.04240358376564003
穿っ	0.05996772325459172
穿つ	0.05996772325459172
穿刺	0.47341513558494674
穿孔	0.5671691381020558
穿穴	0.05996772325459172
穿設	0.6623651527257415
穿通	0.14523713367363406
穿開	0.04240358376564003
突き	0.10386714349118253
突き上げ	0.3722963785085141
突き上げる	0.4055142989915278
突き出	0.2435900433794421
突き出さ	0.5258618609599942
突き出し	1.1165629340039962
突き出す	0.3722963785085141
突き出る	0.4009417256758612
突き刺さり	0.11386714349118253
突き刺し	0.19889043756735092
突き刺す	0.11386714349118253
突き合う	0.33570810713583626
突き合せ	0.5757343697162104
突き合せる	4.991356809539207
突き合わ	0.11386714349118253
突き合わさ	0.38449831169343446
突き合わせ	1.3062602862313335
突き合わせる	4.991356809539207
突き当たっ	0.21113785847974306
突き当たり	0.9448042914206429
突き当たる	0.46674947643487086
突き当て	0.43657161510339054
突き当てる	0.44657161510339055
突き当り	0.5898602868999779
突き抜け	0.2781838113063241
突き抜ける	0.2881838113063241
突き破っ	0.11993544650918345
突き破る	0.11993544650918345
突け	0.08480716753128006
突っきる	0.06996772325459172
突っ切り	0.46274638203230317
突っ張り	0.34656801202533793
突っ張る	0.16288829553044754
突入	0.051349081050361844
突出	1.298025142935963
突出し	1.308025142935963
突合	0.3028221585760398
突堤	0.04240358376564003
突差	0.05996772325459172
突当り	0.5898602868999779
突板	0.13409190565316204
突然	1.2419685796988706
突発	0.04240358376564003
突端	0.07344516150509135
突起	0.5809485346945362
窄ま	0.04240358376564003
窄まり	0.07344516150509135
窄まる	0.05193357174559127
窄ん	0.05996772325459172
窄孔	0.10386714349118253
窒化	0.7307701301383263
窒素	0.9688082185038261
窓下	0.05996772325459172
窓側	0.05996772325459172
窓口	0.1468903230101827
窓外	0.05996772325459172
窓板	0.08480716753128006
窓枠	0.45472777610292275
窓長	0.08480716753128006
窪ま	0.10386714349118253
窪み	0.46836289111403495
窪む	0.15865968242239462
窪ん	0.2613932455409794
窯業	0.21621670106726473
立たさ	0.05193357174559127
立ち	0.08480716753128006
立ちあがる	0.09481729578957762
立ち上がっ	0.2508629846468741
立ち上がら	0.12993544650918346
立ち上がり	0.784752758063395
立ち上がる	0.45472777610292275
立ち上げ	0.3722963785085141
立ち上げる	0.4055142989915278
立ち上り	0.6081761607735304
立ち下がり	0.1899031697637752
立ち下がる	0.17422837374383504
立ち入ら	0.09480716753128006
立ち姿	0.09480716753128006
立っ	0.1121893373417793
立つ	0.13409190565316204
立て	0.30870274951317084
立てかける	0.6837210705270433
立てる	0.31870274951317085
立て掛け	0.677772304913938
立て板	0.31870274951317085
立て込み	0.31870274951317085
立上がり	0.2243786746835586
立上がる	0.16580071523677384
立上げ	0.3722963785085141
立上っ	0.06996772325459172
立上り	0.6081761607735304
立上る	0.12721075129692008
立下り	0.6530821881525095
立体	0.8622977044907922
立合	0.07344516150509135
立坑	0.2579309304799971
立型	0.05996772325459172
立場	0.05996772325459172
立方	0.2904742673472681
立木	0.04240358376564003
立杭	0.1121893373417793
立板	0.3702834893500718
立案	0.30378526028278935
立毛	0.4132990104465734
立法	0.4896972411059002
立脚	0.08893921730119896
立面	0.1851417446750359
竜巻	0.04240358376564003
章句	0.12721075129692008
竪型	0.2748066310683302
端側	0.9270785036495524
端子	1.2504318365896487
端方	0.07344516150509135
端末	2.618399838136811
端材	0.1748344547704601
端板	0.39774827150221265
端栓	0.04240358376564003
端水	0.05996772325459172
端点	2.1822858412055264
端近	0.15288829553044753
端部	1.1743120578563424
端面	0.562457580543579
競争	0.04240358376564003
競合	0.22835028699110468
競売	0.05996772325459172
競技	0.21621670106726473
竹の子	0.07344516150509135
竹垣	0.281273554234067
竹材	0.16238005187573473
竿石	0.07344516150509135
笠木	0.2613932455409794
符号	1.612393851070698
符合	1.7609066626788474
第一	10.242436326289784
筆先	0.04240358376564003
筆圧	0.10386714349118253
筆書	0.05996772325459172
筆書き	0.2535900433794421
筆記	0.20539632420144738
筆跡	0.051349081050361844
等しい	0.9798806719364319
等しく	0.6811024081382843
等価	0.3496689095409202
等分	0.16238005187573473
等化	0.29682508635948024
等圧	0.10386714349118253
等式	0.19887413575110632
等方	0.232253993475009
等温	0.12577904733420342
等級	0.27652326415110595
等角	2.1009152819262806
等軸	0.09481729578957762
等辺	0.2435900433794421
等速	0.10269816210072369
等量	0.20539632420144738
筋かい	0.07344516150509135
筋交	0.09481729578957762
筋交い	0.10481729578957762
筋力	0.051349081050361844
筋目	0.04240358376564003
筋肉	0.15865968242239462
筋違	0.1468903230101827
筋違い	0.22201791882820016
筐体	0.07261856683681703
筒先	0.11993544650918345
筒内	0.22964007162151076
筒口	0.051349081050361844
筒型	0.15865968242239462
筒形	0.23531105077970568
筒抜け	0.2781838113063241
筒身	0.21171768494904414
筒部	0.08893921730119896
答弁	0.07344516150509135
答案	1.309149831404263
策定	0.05996772325459172
筺体	0.22835028699110468
箇所	1.324730305451483
箇状	0.04240358376564003
箔押し	0.5563319596034649
算し	0.04240358376564003
算する	17.467303608502274
算入	0.051349081050361844
算出	0.217855700510451
算定	0.3768912964999357
算術	0.26481029574134085
管下	0.1406367771170335
管中	0.1358568985109568
管側	0.15288829553044753
管内	0.19213066841614024
管制	0.3773371420026102
管口	0.31234426617838734
管台	0.04240358376564003
管壁	0.3773371420026102
管外	0.1540472431510855
管形	0.11482003581075538
管径	0.19887413575110632
管板	0.14523713367363406
管柱	0.2994140214491724
管楽	0.05996772325459172
管渠	0.051349081050361844
管状	0.5854696031504643
管理	4.500886821749452
管用	0.2630667659994061
管端	0.10269816210072369
管群	0.333886152456969
管腔	0.31234426617838734
管路	0.8295697924533175
管軸	0.2435900433794421
管長	0.07344516150509135
箱型	0.1540472431510855
箱形	0.08893921730119896
箱枠	0.05996772325459172
箱桁	0.05996772325459172
箱詰	0.08480716753128006
箱詰め	0.242253993475009
箱錠	0.05996772325459172
節度	0.1406367771170335
節糸	0.04240358376564003
節約	0.20336044372468792
節電	0.08480716753128006
範囲	4.08331320065473
築造	0.15865968242239462
篏合	0.05996772325459172
篩い分け	0.5530308299275676
篩下	0.08480716753128006
簡便	0.051349081050361844
簡単	0.13409190565316204
簡易	0.11492096431107317
簡潔	0.051349081050361844
簡略	0.17990316976377518
簡素	0.05996772325459172
米国	0.05996772325459172
米粒	0.4565015440264296
籾摺	0.07344516150509135
籾殻	0.04240358376564003
粁粕	0.04240358376564003
粉じん	0.10386714349118253
粉体	0.3444601074322661
粉剤	0.41762686679433847
粉塵	0.32570810713583626
粉末	1.1072843257236298
粉炭	0.3932346586843407
粉状	0.22964007162151076
粉砕	0.7233509518935939
粉粒	0.1540472431510855
粉雪	0.05996772325459172
粒剤	0.04240358376564003
粒子	1.172527684220461
粒度	0.5671691381020558
粒径	0.5577937958749295
粒状	0.17076965650810064
粒界	0.051349081050361844
粗い	0.23609316254660823
粗く	0.15288829553044753
粗密	0.10386714349118253
粗目	0.07344516150509135
粗砕	0.10386714349118253
粗粒	0.051349081050361844
粗細	0.04240358376564003
粗製	0.07344516150509135
粗面	0.3444883430062575
粘り強	0.10386714349118253
粘り強く	0.21336044372468793
粘土	0.1778784346023979
粘度	0.47895234298450484
粘弾	0.26481029574134085
粘性	3.1184744346658206
粘着	0.11482003581075538
粘稠	0.22964007162151076
粘結	0.19431763234344604
粘膜	0.25674540525180933
粱上	0.04240358376564003
精密	0.5031161893368137
精度	1.4460032513449919
精油	0.3557568692047958
精液	0.24626154159446512
精溜	0.10386714349118253
精留	0.26818381130632407
精白	0.16422837374383503
精算	0.25155809466840684
精米	0.08893921730119896
精紡	0.2937806460203654
精細	0.1540472431510855
精練	0.21201791882820015
精緻	0.11482003581075538
精製	0.333886152456969
精選	0.09481729578957762
精錬	0.04240358376564003
糊付け	1.6745769717310857
糊代	0.13409190565316204
糊剤	0.12721075129692008
糊化	0.10269816210072369
糖尿	0.07261856683681703
糖蜜	0.10269816210072369
糖質	0.20336044372468792
糖鎖	0.04240358376564003
糖類	0.1748344547704601
糞尿	0.07344516150509135
糸くず	0.12721075129692008
糸切	0.05996772325459172
糸切り	0.46274638203230317
糸切れ	0.35223062078091094
糸原	0.10386714349118253
糸取り	0.6126681599904457
糸屑	0.21201791882820015
糸巻	0.2748066310683302
糸巻き	0.5851901951313284
糸抜き	0.5099308795699475
糸数	0.12721075129692008
糸状	0.31160143047354766
糸目	0.07344516150509135
糸端	0.33118257636287074
糸結び	0.16865968242239462
糸継ぎ	0.41450440834611213
糸織	0.05996772325459172
糸繰り	0.22033548451527404
糸解き	0.11386714349118253
糸車	0.1121893373417793
糸通し	1.5726166510562933
糸速	0.05996772325459172
糸道	0.19889043756735092
系内	0.08480716753128006
系列	1.1686852307628497
系外	0.15288829553044753
系統	2.143778728178307
約し	0.04240358376564003
約定	0.1468903230101827
紅藻	0.08480716753128006
紋様	0.07344516150509135
納まっ	0.06996772325459172
納まる	0.12721075129692008
納め	0.19431763234344604
納める	0.20431763234344605
納入	0.29682508635948024
納品	0.21621670106726473
納骨	0.1748344547704601
紐付き	1.408675638163681
紐付け	1.6745769717310857
紐通し	1.5726166510562933
純分	0.08480716753128006
純化	0.08893921730119896
純度	0.12623088436954097
純正	0.12721075129692008
純水	0.051349081050361844
純粋	0.08480716753128006
純銅	0.04240358376564003
紗綾	0.04240358376564003
紙おむつ	0.289670842873153
紙ひも	0.22201791882820016
紙やすり	0.20431763234344605
紙パ	0.10386714349118253
紙上	0.1121893373417793
紙巻き	0.5851901951313284
紙幣	0.39778087513470184
紙押さえ	0.7837927914399911
紙挟み	0.3329360728346088
紙束	0.07344516150509135
紙片	0.04240358376564003
紙筒	0.1121893373417793
紙葉	0.6332205408116766
紙製	0.3418686217701579
紙詰まり	0.09995158488188759
紙質	0.19889043756735092
紙送り	1.188941647071279
紙面	0.2875950975656642
紙魚	0.07344516150509135
級化	0.18483293647838678
紛失	0.05996772325459172
素原	0.04240358376564003
素因	0.09481729578957762
素地	0.051349081050361844
素子	0.14523713367363406
素性	0.08480716753128006
素数	0.1358568985109568
素早く	0.16865968242239462
素材	0.49252308318893023
素環	0.3028221585760398
素通し	1.5726166510562933
素通り	0.5883077799991585
紡い	0.05996772325459172
紡が	0.10386714349118253
紡ぎ	0.10386714349118253
紡ぐ	0.04240358376564003
紡出	0.35980633952755037
紡機	0.35980633952755037
紡毛	0.04240358376564003
紡糸	1.1720583739531123
紡績	0.7561642185014766
紡織	0.16422837374383503
紡錘	0.1121893373417793
索出	0.05996772325459172
索引	1.122655799261087
索条	0.16422837374383503
索道	0.1778784346023979
紫外	0.4761917877553435
紫色	0.33278007938892384
累積	0.1540472431510855
累計	0.281273554234067
累進	0.2398708930183669
細い	0.2435900433794421
細かい	0.20113785847974305
細かく	0.19431763234344604
細く	0.3028221585760398
細まる	0.05193357174559127
細り	0.04240358376564003
細分	0.051349081050361844
細切り	0.46274638203230317
細孔	0.22857813793524487
細工	0.04240358376564003
細径	0.6115531821217901
細書	0.15288829553044753
細棒	0.04240358376564003
細片	0.1468903230101827
細目	0.04240358376564003
細管	0.3444883430062575
細粒	0.10386714349118253
細糸	0.04240358376564003
細線	0.29682508635948024
細胞	0.32476010375146946
細菌	0.11482003581075538
細部	0.1406367771170335
細長	0.32845674748767006
細長い	0.8289492296420332
細長く	0.6259476327674264
細隙	0.05996772325459172
紳士	0.04240358376564003
紹介	0.1121893373417793
終え	0.24725325710649015
終える	0.25725325710649016
終っ	0.05996772325459172
終り	0.12721075129692008
終る	0.09481729578957762
終れ	0.04240358376564003
終わ	0.05996772325459172
終わっ	0.12721075129692008
終わり	0.37449831169343445
終わる	0.17224417150312876
終われ	0.06996772325459172
終了	1.376647873511165
終始	0.13409190565316204
終局	0.05996772325459172
終期	0.12721075129692008
終末	0.04240358376564003
終止	0.2618299662808526
終段	0.07344516150509135
終点	0.30870274951317084
終焉	0.04240358376564003
終端	0.3910629504741717
終結	0.10386714349118253
組し	0.04240358376564003
組ひも	0.22201791882820016
組ま	0.08480716753128006
組み	0.26481029574134085
組みあう	0.27481029574134086
組みあわせ	0.27481029574134086
組みつけ	0.35448834300625753
組み上げ	0.3722963785085141
組み上げる	0.4055142989915278
組み付く	0.27481029574134086
組み付け	1.6745769717310857
組み付ける	1.6845769717310857
組み入れ	0.676424629867402
組み入れる	7.640385307621592
組み合う	0.33570810713583626
組み合さ	0.9351369758564154
組み合せ	0.5757343697162104
組み合せる	4.991356809539207
組み合わ	0.27481029574134086
組み合わさ	0.7555695159175388
組み合わさっ	0.7655695159175389
組み合わされ	0.7655695159175389
組み合わせ	1.7001140388934834
組み合わせる	4.991356809539207
組み換え	0.27481029574134086
組み替える	0.27481029574134086
組み直し	0.27481029574134086
組み立	0.27481029574134086
組み立て	0.696761980425027
組み立てる	0.706761980425027
組み込ま	0.6458721456692176
組み込み	0.32731936484478924
組み込む	0.36476942004032376
組み込める	0.27481029574134086
組み込ん	0.4197740627821421
組み重なる	5.190010407421949
組ん	0.04240358376564003
組付	0.5262146359520289
組付く	0.5362146359520289
組付け	1.6745769717310857
組入れ	0.676424629867402
組入れる	7.640385307621592
組合	0.510717968494537
組合さ	0.9351369758564154
組合す	0.520717968494537
組合せ	1.0693776931860408
組合せる	4.991356809539207
組合わさ	0.520717968494537
組合わせ	1.3062602862313335
組合わせる	4.991356809539207
組子	0.1748344547704601
組成	0.19213066841614024
組換	0.08480716753128006
組換え	0.4250946054410123
組曲	0.04240358376564003
組物	0.07344516150509135
組積	0.10386714349118253
組立	0.7208609240158805
組立て	0.7308609240158805
組立てよう	5.633073355900962
組立てる	0.7408609240158806
組紐	0.13409190565316204
組織	0.11482003581075538
組込	0.232253993475009
組込ま	0.32845674748767006
組込み	0.32731936484478924
組込む	0.2644215025938402
組込ん	0.242253993475009
絆創	0.05996772325459172
経る	0.18483293647838678
経口	0.22033548451527404
経営	0.1468903230101827
経年	0.10386714349118253
経度	0.15865968242239462
経時	0.40672088744937585
経机	0.04240358376564003
経済	0.15865968242239462
経由	0.6174054990263417
経皮	0.08480716753128006
経糸	0.9566684552813227
経編	0.38398078223514176
経緯	0.20773428698236507
経費	0.07344516150509135
経路	1.8060143808762283
経過	1.025605865310474
経験	0.18483293647838678
結し	0.11993544650918345
結する	17.467303608502274
結ば	0.12721075129692008
結び	0.15865968242239462
結びつけ	0.35448834300625753
結びつける	0.36448834300625754
結び付け	1.6745769717310857
結び付ける	1.6845769717310857
結び目	0.16865968242239462
結ぶ	0.8955090767890989
結ん	0.26481029574134085
結体	0.1468903230101827
結像	0.5227864910819588
結合	1.061772645713731
結局	0.04240358376564003
結晶	0.1358568985109568
結束	0.23531105077970568
結果	0.4761917877553435
結着	0.36476942004032376
結石	0.10386714349118253
結節	0.26818381130632407
結線	0.22033548451527404
結縛	0.04240358376564003
結腸	0.22835028699110468
結論	0.04240358376564003
結露	0.34708829191340723
絞っ	0.17990316976377518
絞ら	0.10386714349118253
絞り	0.9529020294162845
絞り値	0.9629020294162846
絞り出し	1.1165629340039962
絞り込ま	0.9629020294162846
絞り込み	0.9629020294162846
絞り込む	0.9629020294162846
絞る	0.17990316976377518
絡ま	0.18483293647838678
絡まさ	0.1948329364783868
絡まり合う	0.33570810713583626
絡み	0.15288829553044753
絡みつき	0.4506709690305481
絡み付く	0.16288829553044754
絡み合い	0.21621670106726473
絡み合う	0.33570810713583626
絡み合っ	0.23033548451527405
絡み合わせ	1.3162602862313335
絡み合わせる	4.991356809539207
絡む	0.07344516150509135
絡め	0.07344516150509135
絡める	0.08995158488188759
絡め合わせ	1.3062602862313335
絡ん	0.09481729578957762
給し	0.05996772325459172
給仕	0.18963459157915524
給排水	0.6970038823211095
給排紙	0.5293357174559128
給気	0.8034332242973927
給水	0.07261856683681703
給油	0.688976686012515
給液	0.232253993475009
給湯	0.7620857201934682
給糸	0.48902198401561
給紙	0.7898912449893776
給脂	0.2715154149637838
給送	0.5430308299275676
給配	0.04240358376564003
給電	0.8833797256093374
絨たん	0.1468903230101827
絨器	0.05996772325459172
絨工	0.04240358376564003
絨機	0.1468903230101827
統一	0.1540490666353966
統制	0.1468903230101827
統合	0.051349081050361844
統括	0.1406367771170335
統計	0.2717137970219136
絵の具	0.10386714349118253
絵付	0.12721075129692008
絵付け	1.6745769717310857
絵柄	0.2435900433794421
絵画	0.04240358376564003
絵皿	0.04240358376564003
絶え	0.08480716753128006
絶た	0.04240358376564003
絶つ	0.04240358376564003
絶対	0.7667899977095918
絶縁	1.64173621825746
絶食	0.05996772325459172
絹地	0.05996772325459172
絹糸	0.08480716753128006
継が	0.04240358376564003
継ぎ	0.4045044083461121
継ぎ手	0.41450440834611213
継ぎ目	0.41450440834611213
継ぎ足さ	0.41450440834611213
継ぎ足し	0.41450440834611213
継ぎ足す	0.41450440834611213
継ぐ	0.07344516150509135
継代	0.04240358376564003
継手	1.2931355079951115
継目	0.18483293647838678
継続	0.8112283237893584
継電	0.30870274951317084
続い	0.47218632509321645
続か	0.05996772325459172
続き	0.1748344547704601
続く	0.5245033643113803
続け	0.2435900433794421
続ける	0.2844518873687329
続行	0.1748344547704601
綜絖	0.24725325710649015
綟網	0.08480716753128006
維不	0.04240358376564003
維布	0.42709026752750523
維持	0.47341513558494674
維架	0.05996772325459172
維状	0.04240358376564003
維用	0.04240358376564003
維製	0.04240358376564003
綱目	0.04240358376564003
網入	0.07344516150509135
網入り	0.7358324375761307
網地	0.04240358376564003
網戸	0.22835028699110468
網点	0.15288829553044753
網状	0.47027849375542047
網目	0.30870274951317084
網糸	0.08480716753128006
網膜	0.17990316976377518
綴じ	0.19431763234344604
綴じる	0.20431763234344605
綴じ合せ	0.5757343697162104
綴じ合せる	4.991356809539207
綴じ込ま	0.3037806460203654
綴じ込む	0.2644215025938402
綴り	0.04240358376564003
綴込	0.04240358376564003
綺麗	0.10386714349118253
綾織	0.05996772325459172
綾部	0.04240358376564003
綿実	0.04240358376564003
綿糸	0.1406367771170335
綿花	0.10386714349118253
緊密	0.1540472431510855
緊度	0.09481729578957762
緊張	0.53804116060327
緊急	0.051349081050361844
緊着	0.05996772325459172
緊結	0.20336044372468792
緊締	0.17990316976377518
緊縛	0.05996772325459172
緊縮	0.07344516150509135
緊迫	0.051349081050361844
総て	0.12721075129692008
総体	0.07344516150509135
総力	0.04240358376564003
総合	0.35729894772871246
総和	0.4406709690305481
総括	0.30577659106089505
総数	0.3955142989915278
総有	0.15288829553044753
総枠	0.04240358376564003
総表	0.13409190565316204
総計	0.11993544650918345
総量	0.3365680120253379
総額	0.11993544650918345
緑化	0.19889043756735092
緑色	0.4132990104465734
緑茶	0.13409190565316204
緑藻	0.05996772325459172
緑青	0.04240358376564003
線上	0.07344516150509135
線分	0.666424629867402
線図	0.24725325710649015
線型	0.13409190565316204
線幅	0.21201791882820015
線引	0.1468903230101827
線引き	0.4055142989915278
線形	0.5512465889533205
線径	0.23609316254660823
線数	0.12721075129692008
線材	0.07261856683681703
線条	0.3816322538907603
線状	0.6954704835215051
線種	0.04240358376564003
線端	0.07344516150509135
線維	0.232253993475009
線質	0.08480716753128006
線路	0.5770626937643298
線量	0.17990316976377518
線香	0.08480716753128006
締まり	0.2937806460203654
締め	0.6430821881525095
締めつけ	0.6530821881525095
締めつける	0.6630821881525095
締める	0.6530821881525095
締め上げる	0.6530821881525095
締め付け	1.6745769717310857
締め付ける	1.6845769717310857
締め具	0.6530821881525095
締め切ら	0.6530821881525095
締め切る	0.6530821881525095
締め固め	0.6530821881525095
締め固める	0.6630821881525095
締め込ま	0.6530821881525095
締め込み	0.6530821881525095
締め込む	0.6530821881525095
締め込ん	0.6530821881525095
締め金	0.6530821881525095
締り	0.13409190565316204
締る	0.04240358376564003
締付	0.5844930658889236
締付け	1.6745769717310857
締付ける	1.6845769717310857
締切	0.05996772325459172
締切り	0.46274638203230317
締固め	0.3158995842786369
締結	1.2543149232343704
締込み	0.32731936484478924
編し	0.10386714349118253
編する	17.467303608502274
編ま	0.16422837374383503
編み	0.4487573493671172
編み上げ	0.4587573493671172
編み合わせ	1.3162602862313335
編み地	0.4587573493671172
編み棒	0.4587573493671172
編み機	0.4587573493671172
編み物	0.4587573493671172
編み目	0.4587573493671172
編み立て	0.4587573493671172
編み糸	0.4587573493671172
編み込ま	0.4587573493671172
編み込み	0.4587573493671172
編み込む	0.4587573493671172
編み込ん	0.4587573493671172
編み針	0.4587573493671172
編む	0.15865968242239462
編ん	0.1468903230101827
編入	0.1121893373417793
編地	0.7183622651146772
編布	0.15288829553044753
編成	0.8352537335886769
編物	0.5313153817071694
編目	0.4240358376564003
編立て	0.31870274951317085
編糸	0.37449831169343445
編組	0.32845674748767006
編製	0.1121893373417793
編針	0.5227864910819588
編集	0.5463319596034649
緩い	0.07344516150509135
緩く	0.09481729578957762
緩み	0.26481029574134085
緩み止め	0.7170090301369303
緩む	0.07344516150509135
緩め	0.2508629846468741
緩める	0.26086298464687413
緩やか	0.3365680120253379
緩ん	0.04240358376564003
緩和	0.40003460917662975
緩衝	0.1540472431510855
緩解	0.051349081050361844
緩速	0.051349081050361844
緯度	0.08480716753128006
緯糸	1.0752465289862998
練り	0.09481729578957762
練り合わせ	1.3062602862313335
練り混ぜる	0.16422837374383503
練り込ま	0.3037806460203654
練り込み	0.32731936484478924
練習	0.1748344547704601
緻密	0.051349081050361844
縁上	0.1406367771170335
縁側	0.2613932455409794
縁切り	0.46274638203230317
縁取	0.15288829553044753
縁取っ	0.16288829553044754
縁取ら	0.16288829553044754
縁取り	0.6126681599904457
縁石	0.08480716753128006
縁端	0.15865968242239462
縁辺	0.1121893373417793
縒ら	0.04240358376564003
縞柄	0.04240358376564003
縦列	0.17990316976377518
縦割	0.08480716753128006
縦割り	0.19963459157915525
縦型	0.20336044372468792
縦幅	0.09481729578957762
縦引き	0.4055142989915278
縦断	0.281273554234067
縦書き	0.2535900433794421
縦木	0.05996772325459172
縦材	0.21621670106726473
縦板	0.22835028699110468
縦枠	0.39778087513470184
縦桁	0.08480716753128006
縦框	0.24725325710649015
縦棒	0.04240358376564003
縦横	0.25442150259384017
縦波	0.04240358376564003
縦渦	0.05996772325459172
縦溝	0.4022757169594861
縦目	0.15288829553044753
縦穴	0.11993544650918345
縦筋	0.2398708930183669
縦管	0.11993544650918345
縦糸	0.3418686217701579
縦線	0.04240358376564003
縦縁	0.16961433506256013
縦縞	0.05996772325459172
縦貫	0.04240358376564003
縦走	0.04240358376564003
縦軸	0.29682508635948024
縦長	0.30870274951317084
縦隔	0.04240358376564003
縫い	0.5689037747374658
縫いつけ	0.5789037747374658
縫い付け	1.6745769717310857
縫い付ける	1.6845769717310857
縫い代	0.5789037747374658
縫い合せ	0.5789037747374658
縫い合わさ	0.5789037747374658
縫い合わせ	1.3062602862313335
縫い合わせる	4.991356809539207
縫い目	0.5789037747374658
縫い糸	0.5789037747374658
縫い込ま	0.5789037747374658
縫い込み	0.5789037747374658
縫い込む	0.5789037747374658
縫い込ん	0.5789037747374658
縫い進み	0.5789037747374658
縫い針	0.5789037747374658
縫う	0.09481729578957762
縫っ	0.05996772325459172
縫わ	0.05996772325459172
縫代	0.10386714349118253
縫合	0.3886352646868921
縫物	0.04240358376564003
縫目	0.4045044083461121
縫糸	0.18483293647838678
縫製	0.9529020294162845
縫込み	0.32731936484478924
縫針	0.2748066310683302
縮まっ	0.10386714349118253
縮まる	0.12721075129692008
縮み	0.2243786746835586
縮み側	0.2343786746835586
縮む	0.09481729578957762
縮め	0.08480716753128006
縮める	0.09480716753128006
縮れ	0.05996772325459172
縮ん	0.04240358376564003
縮側	0.09481729578957762
縮合	0.07261856683681703
縮小	0.22382545514220661
縮少	0.05996772325459172
縮尺	0.22835028699110468
縮減	0.19887413575110632
縮率	0.08480716753128006
縮退	0.08480716753128006
繁殖	0.41079264840289476
繊度	0.6527948744683947
繊手	0.08480716753128006
繊細	0.04240358376564003
繊維	4.408749361643721
繋い	0.15288829553044753
繋が	0.12721075129692008
繋がっ	0.17224417150312876
繋がり	0.17224417150312876
繋がる	0.30724315386824597
繋ぎ	0.22033548451527404
繋ぎ合わせ	1.3062602862313335
繋ぎ止める	0.7270090301369303
繋ぎ目	0.23033548451527405
繋ぐ	0.3768912964999357
繋げる	0.08995158488188759
繋止	0.13409190565316204
織っ	0.09481729578957762
織ら	0.18963459157915524
織り	0.408925352850343
織り交ぜ	0.418925352850343
織り交ぜる	0.428925352850343
織り出し	1.1165629340039962
織り合わさ	0.418925352850343
織り合わせ	1.3062602862313335
織り地	0.418925352850343
織り幅	0.418925352850343
織り成し	0.5379203604771234
織り継ぎ	0.418925352850343
織り込ま	0.418925352850343
織り込み	0.418925352850343
織り込む	0.418925352850343
織り込ん	0.418925352850343
織る	0.13409190565316204
織布	0.051349081050361844
織成さ	0.418925352850343
織成し	0.5379203604771234
織成す	0.5152970176995808
織機	0.18325626572321296
織物	0.2858995835362751
織目	0.07344516150509135
織込ま	0.3037806460203654
織込む	0.2644215025938402
織込ん	0.20431763234344605
繭糸	0.04240358376564003
繰り	0.09481729578957762
繰り入れ	0.676424629867402
繰り出さ	0.5258618609599942
繰り出し	1.1165629340039962
繰り出す	0.3722963785085141
繰り越し	0.11993544650918345
繰り越す	0.13409190565316204
繰り込み	0.32731936484478924
繰り返さ	0.3496689095409202
繰り返し	1.2564633374663001
繰り返す	0.7864693173686814
繰作	0.08480716753128006
繰出	0.24725325710649015
繰出さ	0.5258618609599942
繰出し	1.1165629340039962
繰出す	0.3722963785085141
繰曲	0.04240358376564003
繰糸	0.05996772325459172
繰返	0.2243786746835586
繰返さ	0.2343786746835586
繰返し	0.4816121314770683
繰返す	0.2343786746835586
纎維	0.07344516150509135
缶内	0.04240358376564003
缺き	0.09481729578957762
罫線	0.20773428698236507
置い	0.5783077799991585
置か	0.557732066047264
置き	0.3909417256758612
置き台	0.4009417256758612
置き場	0.4009417256758612
置き床	0.4009417256758612
置き換え	0.45670057398220937
置き換える	0.4667005739822094
置き換わっ	0.4009417256758612
置き換わる	0.4009417256758612
置く	0.3028221585760398
置け	0.04240358376564003
置台	0.21201791882820015
置場	0.21201791882820015
置換	0.21171768494904414
置物	0.10269816210072369
罰則	0.05996772325459172
罱求	0.04240358376564003
署名	0.19213066841614024
罹り	0.04240358376564003
罹患	0.12577904733420342
羊毛	0.2618299662808526
羊水	0.051349081050361844
羊腸	0.04240358376564003
美容	0.5211362555472542
美白	0.34446010743226624
美的	0.33671844226714864
美粧	0.04240358376564003
美術	0.10386714349118253
美観	0.04240358376564003
群間	0.08480716753128006
羽口	0.18963459157915524
羽子板	0.10386714349118253
羽板	0.11993544650918345
羽根	1.0860616598551351
羽根尾	1.0960616598551352
羽根車	1.0960616598551352
羽毛	0.3557568692047958
羽状	0.04240358376564003
羽部	0.10386714349118253
翌日	0.1358568985109568
翌月	0.04240358376564003
習得	0.09481729578957762
習性	0.1121893373417793
習慣	0.04240358376564003
習熟	0.13409190565316204
翰内	0.04240358376564003
翱線	0.04240358376564003
翻訳	0.5767510940530459
翼下	0.04240358376564003
翼内	0.05996772325459172
翼幅	0.05996772325459172
翼弦	0.1406367771170335
翼形	0.10279909060104148
翼板	0.1851417446750359
翼根	0.04240358376564003
翼状	0.051349081050361844
翼部	0.19887413575110632
翼面	0.08893921730119896
老人	1.0856415024069106
老化	0.6372253378565239
考え	0.12721075129692008
考える	0.20889043756735093
考慮	0.11482003581075538
考案	0.09481729578957762
而して	0.15689032301018271
而も	0.05996772325459172
而内	0.05996772325459172
耐え	0.16961433506256013
耐える	0.20889043756735093
耐久	0.23531105077970568
耐候	0.19213066841614024
耐力	0.217855700510451
耐圧	0.333886152456969
耐寒	0.08893921730119896
耐性	0.12577904733420342
耐水	0.1778784346023979
耐油	0.16238005187573473
耐湿	0.11993544650918345
耐溶	0.04240358376564003
耐火	0.37382695276020617
耐熱	0.16238005187573473
耐蝕	0.07344516150509135
耐酸	0.12577904733420342
耐震	0.37449831169343445
耐風	0.04240358376564003
耐食	0.2579309304799971
耕耘	0.2717137970219136
耕起	0.09481729578957762
耳介	0.10386714349118253
耳垂	0.2715936310882411
耳掛け	0.677772304913938
耳珠	0.04240358376564003
耳道	0.24084853901106779
聴力	0.04240358376564003
聴取	0.21201791882820015
聴感	0.07344516150509135
聴覚	0.05996772325459172
肉付け	1.6745769717310857
肉厚	0.5330047830505884
肉抜き	0.5099308795699475
肉盛	0.1748344547704601
肉盛り	0.18483445477046012
肉腫	0.04240358376564003
肉薄	0.15865968242239462
肉量	0.04240358376564003
肌着	0.21621670106726473
肌質	0.08480716753128006
肌面	0.10386714349118253
肘当て	0.36223062078091095
肘掛	0.10386714349118253
肝性	0.05996772325459172
肝炎	0.34826641201379865
肝臓	0.12721075129692008
肝要	0.05996772325459172
股下	0.09481729578957762
股裂	0.04240358376564003
股間	0.10386714349118253
肥厚	0.10269816210072369
肥料	0.5134908105036187
肥満	0.07344516150509135
肩付き	1.408675638163681
肩口	0.15288829553044753
肩部	0.25674540525180933
肪族	0.05996772325459172
肯定	0.8215852968057895
肯状	0.04240358376564003
肯釆	0.04240358376564003
育成	0.051349081050361844
育苗	0.33278007938892384
肺がん	0.2644215025938402
肺内	0.05996772325459172
肺炎	0.2858995835362751
肺癌	0.5083299678577193
胃内	0.051349081050361844
胃癌	0.36309283418408506
胃腸	0.10386714349118253
胃酸	0.14523713367363406
胆汁	0.051349081050361844
背もたれ	0.18483445477046012
背中	0.1748344547704601
背側	0.07261856683681703
背凭れ	0.07344516150509135
背圧	0.45274638203230316
背後	0.051349081050361844
背方	0.09481729578957762
背景	1.6383495448046272
背板	1.0585884247452209
背筋	0.1358568985109568
背部	0.4951926045476108
背面	0.9769828970598307
胎仔	0.05996772325459172
胎児	0.09481729578957762
胚性	0.05996772325459172
胚葉	0.05996772325459172
胞子	0.05996772325459172
胡麻	0.04240358376564003
胴体	0.10269816210072369
胴側	0.11993544650918345
胴取	0.07344516150509135
胴回り	0.8409371479294603
胴差	0.1468903230101827
胴板	0.05996772325459172
胴縁	0.36722580752545675
胴部	0.5906135790319355
胸内	0.051349081050361844
胸当て	0.36223062078091095
胸水	0.04240358376564003
胸腔	1.0625309515778336
胸腺	0.11482003581075538
胸膜	0.12577904733420342
胸部	0.4446960865059948
能力	3.1184744346658206
能動	0.4586648865913426
能基	0.27805889375327486
能文	0.05996772325459172
能面	0.05996772325459172
脂取り	0.6126681599904457
脂性	0.12721075129692008
脂環	0.35223062078091094
脂肪	0.5554252340251078
脂質	0.051349081050361844
脅かす	0.1374033155341651
脆い	0.04240358376564003
脆化	0.11482003581075538
脆弱	0.3702834893500718
脇下	0.05996772325459172
脇側	0.1121893373417793
脇柱	0.07344516150509135
脇腹	0.05996772325459172
脇見	0.19431763234344604
脈動	0.3365680120253379
脈波	0.06479087409390388
脈流	0.11993544650918345
脊柱	0.2812504999844426
脊椎	0.25674540525180933
脊髄	0.16961433506256013
脚下	0.38081497719944607
脚台	0.15288829553044753
脚本	0.8119002593786735
脚柱	0.20336044372468792
脚立	0.15288829553044753
脚部	0.2949780129359624
脚長	0.05996772325459172
脱が	0.05996772325459172
脱ける	0.2535900433794421
脱さ	0.19431763234344604
脱し	0.11993544650918345
脱する	17.467303608502274
脱せ	0.04240358376564003
脱れる	7.630385307621593
脱出	0.24626154159446512
脱却	0.10386714349118253
脱型	0.16422837374383503
脱塩	0.23609316254660823
脱墨	0.051349081050361844
脱毛	0.19213066841614024
脱気	0.22033548451527404
脱水	0.6908312316142851
脱灰	0.11482003581075538
脱炭	0.05996772325459172
脱着	0.5593416857463059
脱硝	0.366705787192605
脱硫	0.4234353698980883
脱穀	0.07344516150509135
脱窒	0.05996772325459172
脱脂	0.24084853901106779
脱臭	0.10269816210072369
脱色	0.21171768494904414
脱落	0.5741001790537771
脱衣	0.1121893373417793
脱輪	0.08480716753128006
脱進	0.05996772325459172
脱酸	0.16238005187573473
脱離	0.37449831169343445
脳内	0.1748344547704601
脳室	0.05996772325459172
脳性	0.05996772325459172
脳炎	0.10386714349118253
腎臓	0.15288829553044753
腐蝕	0.1540472431510855
腐食	0.4132990104465734
腔内	0.2175181979114791
腕木	0.08480716753128006
腕章	0.09481729578957762
腕長	0.04240358376564003
腠厚	0.04240358376564003
腫大	0.08480716753128006
腫瘍	0.464507986950018
腫脹	0.08480716753128006
腰壁	0.05996772325459172
腰掛	0.10386714349118253
腰掛ける	0.687772304913938
腰板	0.051349081050361844
腰部	0.38081497719944607
腸炎	0.10386714349118253
腸癌	0.08480716753128006
腹側	0.2613932455409794
腹筋	0.04240358376564003
腹腔	0.24084853901106779
腹膜	0.08480716753128006
腹起し	0.1468903230101827
腹部	0.366705787192605
腹面	0.09481729578957762
腺癌	0.11993544650918345
膀胱	0.24626154159446512
膜上	0.1851417446750359
膜中	0.1851417446750359
膜式	0.051349081050361844
膜性	0.04240358376564003
膜状	0.08893921730119896
膜質	0.18963459157915524
膜面	0.19223159691645803
膝上	0.11482003581075538
膠着	0.08480716753128006
膣内	0.08480716753128006
膨らま	0.1468903230101827
膨らみ	0.22033548451527404
膨らむ	0.18724915584671722
膨らん	0.1468903230101827
膨ん	0.04240358376564003
膨化	0.21171768494904414
膨大	0.08893921730119896
膨張	1.4133821177814874
膨満	0.04240358376564003
膨潤	0.3144733937701738
膨脹	0.26728076751985186
膨隆	0.05996772325459172
膵臓	0.04240358376564003
臀部	0.308094486302171
臍帯	0.04240358376564003
臓器	0.1468903230101827
臥床	0.07344516150509135
臨ま	0.35477383518500283
臨み	0.08480716753128006
臨む	0.46062082248636865
臨ん	0.18483293647838678
臨時	0.15288829553044753
臨界	0.217855700510451
自から	9.052707156357947
自ら	0.16961433506256013
自主	0.8374781675808771
自乗	0.09481729578957762
自体	0.17030563517359884
自信	0.4951926045476108
自分	0.051349081050361844
自力	0.10269816210072369
自励	0.16238005187573473
自動	0.7298176573186529
自在	0.24084853901106779
自家	0.4845271902778767
自局	0.13409190565316204
自己	3.378203294228261
自律	0.4300803507572162
自惚	0.07344516150509135
自書	0.16422837374383503
自機	0.20336044372468792
自浄	0.05996772325459172
自消	0.04240358376564003
自演	0.051349081050361844
自然	1.5684601813117909
自由	1.508474849518696
自画	0.04240358376564003
自発	0.11993544650918345
自立	0.3703844178503896
自船	0.05996772325459172
自説	0.04240358376564003
自走	0.1540472431510855
自身	1.6246122161430852
自車	0.5446838956385551
自転	0.705736285576272
自重	0.33671844226714864
自閉	0.04240358376564003
臭い	0.1406367771170335
臭え	0.04240358376564003
臭化	0.1406367771170335
臭気	0.2435900433794421
臭素	0.3418686217701579
至っ	0.19431763234344604
至つ	0.04240358376564003
至ら	0.12721075129692008
至り	0.11993544650918345
至る	0.7356746827008965
至近	0.07344516150509135
興味	0.05145000955067964
興奮	0.05996772325459172
舌下	0.05996772325459172
舌状	0.051349081050361844
舗石	0.12721075129692008
舗装	0.7620857201934682
舗道	0.08480716753128006
舛単	0.04240358376564003
舛枠	0.1121893373417793
舞い上がら	0.12993544650918346
舟形	0.05996772325459172
航法	0.09481729578957762
航空	0.9199944173928654
航行	0.308094486302171
航走	0.07344516150509135
航跡	0.05996772325459172
舵とり	0.27139324554097943
舵取	0.08480716753128006
舵取り	0.6126681599904457
舵角	0.49993087956994753
舵輪	0.08480716753128006
舶用	0.22033548451527404
船上	0.10269816210072369
船体	0.33278007938892384
船内	0.051349081050361844
船卸し	0.05193357174559127
船台	0.07344516150509135
船外	0.21621670106726473
船室	0.04240358376564003
船尾	0.051349081050361844
船底	0.04240358376564003
船殻	0.05996772325459172
船積み	0.3244733937701738
船舶	0.5160518778149923
船艙	0.04240358376564003
船速	0.12577904733420342
船首	0.11993544650918345
艙兼	0.04240358376564003
艙内	0.04240358376564003
艙求	0.04240358376564003
良い	0.31731936484478923
良く	0.18483293647838678
良俗	0.04240358376564003
良否	0.051349081050361844
良品	0.10269816210072369
良好	2.028776134195851
良導	0.05996772325459172
良性	0.41716190649590423
色づけ	0.5883077799991585
色むら	0.08344516150509135
色付け	1.6745769717310857
色光	0.2812504999844426
色分	0.07344516150509135
色分け	0.5530308299275676
色別	0.08480716753128006
色合い	0.2748066310683302
色差	0.45938107174333925
色度	0.5530465283022119
色彩	1.413732619180588
色数	0.05996772325459172
色材	0.14523713367363406
色柄	0.04240358376564003
色相	0.1778784346023979
色粉	0.14523713367363406
色紙	0.08480716753128006
色素	0.36309283418408506
色調	0.25156107240581754
艶出し	1.1165629340039962
艶消	0.07344516150509135
艶消し	0.2596678587279564
芍薬	0.08480716753128006
芝刈	0.22835028699110468
芝生	0.05996772325459172
芯地	0.18483293647838678
芯材	0.2618299662808526
芯糸	0.281273554234067
芯線	0.4219103313511005
花びら	0.1161269967375045
花弁	0.04240358376564003
花材	0.04240358376564003
花火	0.051349081050361844
花瓶	0.1778784346023979
花立	0.05996772325459172
花粉	0.16238005187573473
花飾り	0.17990316976377518
芳香	0.2949780129359624
芽腫	0.05996772325459172
苗植	0.05996772325459172
苛性	0.16422837374383503
若く	0.04240358376564003
若くは	0.07344516150509135
若し	0.07344516150509135
若しくは	1.6833742102941252
若干	1.8071887583682127
若年	0.04240358376564003
若返っ	0.05193357174559127
若返り	0.10481729578957762
苦味	0.10269816210072369
英国	1.5362761258774198
英字	0.05996772325459172
英数	0.10386714349118253
英文	1.6294739094534914
茎葉	0.10386714349118253
茯苓	0.25155809466840684
茶木	0.04240358376564003
茶殻	0.15865968242239462
茶湯	0.09481729578957762
茶色	0.07261856683681703
茶葉	0.17990316976377518
草刈	0.05996772325459172
荒れ	0.08480716753128006
荷受	0.1748344547704601
荷受け	1.4880553636945153
荷台	0.717109670848553
荷姿	0.16961433506256013
荷室	0.16961433506256013
荷役	0.26818381130632407
荷揚げ	0.22637319101615158
荷物	0.48533119930437635
荷積	0.2715154149637838
荷箱	0.08480716753128006
荷重	0.051349081050361844
荷降ろし	0.27481029574134086
荷電	0.5245033643113803
菌数	0.051349081050361844
菌株	0.48442626177755893
菓子	0.051349081050361844
菜種	0.08480716753128006
華氏	0.05996772325459172
菱形	0.2618299662808526
萎ん	0.04240358376564003
萎縮	0.13409190565316204
落し	0.22835028699110468
落し穴	0.2383502869911047
落す	0.05996772325459172
落ち	0.2907043241164011
落ち口	0.30070432411640113
落ち着か	0.30070432411640113
落ち葉	0.30070432411640113
落ち込み	0.32731936484478924
落ち込む	0.30070432411640113
落ち込ん	0.30070432411640113
落とさ	0.05193357174559127
落とし	0.232253993475009
落とし蓋	0.242253993475009
落とし込ま	0.3037806460203654
落とし込み	0.32731936484478924
落とし込む	0.2644215025938402
落とす	0.17990316976377518
落下	0.3665790817615507
落口	0.05996772325459172
落差	0.17030563517359884
落水	0.22964007162151076
落球	0.051349081050361844
落石	0.051349081050361844
落部	0.04240358376564003
落雷	0.07261856683681703
葆合	0.04240358376564003
葉中	0.05996772325459172
葉形	0.1468903230101827
葉書	0.11993544650918345
葉状	0.08480716753128006
葉肉	0.1468903230101827
葉部	0.10386714349118253
著しい	0.12721075129692008
著しく	0.1468903230101827
著作	0.5031161893368137
著者	0.07261856683681703
葛折	0.04240358376564003
葺い	0.08480716753128006
葺か	0.04240358376564003
葺き	0.17990316976377518
葺く	0.08480716753128006
蒸散	0.07344516150509135
蒸気	1.7219196838888144
蒸溜	0.05996772325459172
蒸煮	0.23531105077970568
蒸熱	0.04240358376564003
蒸留	0.33922867012512026
蒸発	1.231165253461539
蒸着	0.051349081050361844
蒸解	0.3144733937701738
蓄え	0.23609316254660823
蓄える	0.2748066310683302
蓄冷	0.19887413575110632
蓄力	0.051349081050361844
蓄圧	0.3418686217701579
蓄熱	1.0735729925183226
蓄積	0.9835437900262867
蓄電	0.07261856683681703
蓄養	0.07344516150509135
蓋板	0.1540472431510855
蓋物	0.1468903230101827
蓚酩	0.04240358376564003
蓚酸	0.09481729578957762
蔵し	0.08480716753128006
蔵置	0.04240358376564003
薄い	0.39778087513470184
薄く	0.3418686217701579
薄め	0.04240358376564003
薄付け	1.6745769717310857
薄切	0.21621670106726473
薄切り	0.46274638203230317
薄地	0.051349081050361844
薄型	0.33671844226714864
薄層	0.25442150259384017
薄形	0.1778784346023979
薄手	0.05996772325459172
薄板	0.39774827150221265
薄片	0.5786747547966925
薄物	0.07344516150509135
薄皮	0.07261856683681703
薄肉	0.051349081050361844
薄膜	2.382619493858577
薄葉	0.2398708930183669
薬きょう	0.11993544650918345
薬剤	0.7031838855851675
薬品	0.38398078223514176
薬学	0.27805889375327486
薬材	0.13409190565316204
薬液	0.6514162142716725
薬物	0.35477383518500283
薬理	0.1121893373417793
薬瓶	0.2508629846468741
薬用	0.08480716753128006
薬莢	0.31731936484478923
薬袋	0.22033548451527404
藍藻	0.05996772325459172
藤棚	0.04240358376564003
藻類	0.10269816210072369
蘊動	0.04240358376564003
虚像	0.19897415853317701
虚数	0.07261856683681703
虚血	0.1121893373417793
虚部	0.10269816210072369
虫除け	0.11386714349118253
虹彩	0.04240358376564003
虹色	0.051349081050361844
蚊取り	0.6126681599904457
蛇口	0.1358568985109568
蛇腹	0.4219103313511005
蛇行	0.051349081050361844
蛋白	0.17531672893754074
蛍光	1.0273575418478151
蛭石	0.1358568985109568
蜂の巣	0.05193357174559127
蜂巣	0.05996772325459172
蝋燭	0.21201791882820015
蝶つがい	0.10386714349118253
蝶形	0.19887413575110632
蝶番	0.45670057398220937
融かし	0.10386714349118253
融かす	0.1161269967375045
融け	0.04240358376564003
融合	1.167556611252105
融和	0.04240358376564003
融液	0.20336044372468792
融点	0.051349081050361844
融着	0.8101193303470313
融解	0.4487573493671172
融通	0.1778784346023979
融雪	0.051349081050361844
螢光	0.19213066841614024
螺子	0.3909417256758612
螺子穴	0.4009417256758612
螺子頭	0.4009417256758612
螺旋	0.6946374931020809
螺線	0.05996772325459172
蟻酸	0.11993544650918345
血圧	0.26481029574134085
血流	0.2858995835362751
血液	0.8468707397961766
血清	0.2266658099879025
血漿	0.10386714349118253
血球	0.07261856683681703
血管	0.7369979604392577
血糖	0.5186002976484843
血行	0.05996772325459172
行い	1.1948484211140353
行う	2.9027103732840764
行え	0.1406367771170335
行える	0.20889043756735093
行おう	0.05193357174559127
行き	0.1748344547704601
行き先	0.27967084287315297
行き来	0.18483445477046012
行き違う	0.18483445477046012
行く	0.23609316254660823
行っ	0.8782763915970758
行つ	0.11993544650918345
行ない	2.8806317994137647
行なう	1.2667959761466776
行なえ	0.1161269967375045
行なえる	0.20889043756735093
行なおう	0.16865968242239462
行なっ	1.9106079047464861
行なわ	0.7139685709007757
行る	0.05996772325459172
行わ	1.484125431797401
行わせ	1.494125431797401
行使	1.9935805203413448
行先	0.21201791882820015
行光	0.12721075129692008
行内	0.1778784346023979
行列	0.4387267408129051
行動	1.1376684452986954
行員	0.16422837374383503
行政	1.1843729827842444
行数	0.16238005187573473
行方	0.16422837374383503
行灯	0.08893921730119896
行為	0.945548822390305
行程	0.8020982872633864
行管	0.4506863803243076
行者	0.08893921730119896
行路	0.10269816210072369
術者	0.09481729578957762
術部	0.05996772325459172
街渠	0.1121893373417793
街路	0.04240358376564003
衛星	0.07261856683681703
衛生	0.10269816210072369
衝き	0.04240358376564003
衝撃	0.6784573402502405
衝激	0.04240358376564003
衝突	0.1358568985109568
衣料	0.07261856683681703
衣服	1.1904006960194835
衣類	1.0176860103753607
表さ	1.2791552539525382
表し	0.9762038084180551
表す	1.2678600636725126
表する	17.467303608502274
表せ	0.04240358376564003
表せる	4.981356809539207
表れる	7.630385307621593
表わさ	0.7044612415618219
表わし	0.7307701301383263
表わす	0.7289224150951402
表われ	0.06996772325459172
表側	0.32014003689271686
表出	0.1748344547704601
表向き	0.8779797122485545
表地	0.2435900433794421
表外	0.05996772325459172
表層	0.07261856683681703
表布	0.05996772325459172
表明	1.5515581774030527
表材	0.10386714349118253
表流	0.07344516150509135
表現	0.1851417446750359
表皮	0.2717137970219136
表目	0.05996772325459172
表示	2.803584587591442
表紙	0.2508629846468741
表色	0.2435900433794421
表装	0.20773428698236507
表裏	0.46062082248636865
表記	0.40672088744937585
表面	3.6763933912596247
表音	0.21621670106726473
表題	0.04240358376564003
衰弱	0.08893921730119896
衿側	0.16422837374383503
衿首	0.08480716753128006
袋入り	0.7358324375761307
袋帯	0.08480716753128006
袋形	0.04240358376564003
袋物	0.04240358376564003
袋織	0.08480716753128006
袋織り	0.418925352850343
袖ぐり	0.1221893373417793
袖付き	1.408675638163681
袖壁	0.05996772325459172
袖部	0.10386714349118253
被い	0.08480716753128006
被う	0.21621670106726473
被さり	0.05193357174559127
被さる	0.15580071523677383
被され	0.05193357174559127
被せ	0.2937806460203654
被せる	4.981356809539207
被っ	0.12721075129692008
被らさ	0.05193357174559127
被ろ	0.05996772325459172
被わ	0.04240358376564003
被写	0.5890894124160971
被害	0.051349081050361844
被布	0.07344516150509135
被服	0.07261856683681703
被検	0.4871800867588842
被膜	0.23531105077970568
被覆	0.19213066841614024
被験	0.6100813311740638
裁断	0.16238005187573473
裁縫	0.1468903230101827
裂か	0.04240358376564003
裂き破る	0.08480716753128006
裂目	0.04240358376564003
装てん	0.07344516150509135
装備	0.5528750905483449
装具	0.10269816210072369
装填	0.1851417446750359
装架	0.1468903230101827
装用	0.26818381130632407
装着	0.08893921730119896
装置	10.822334754833296
装荷	0.16961433506256013
装薬	0.37208993744129004
装身	0.09481729578957762
装軌	0.04240358376564003
装飾	0.5720556203227763
裏側	0.408925352850343
裏向き	0.8779797122485545
裏地	0.38398078223514176
裏層	0.1468903230101827
裏布	0.09481729578957762
裏当て	0.36223062078091095
裏打	0.2435900433794421
裏打ち	0.3329360728346088
裏方	0.04240358376564003
裏板	0.2715154149637838
裏目	0.1121893373417793
裏蓋	0.21201791882820015
裏表	0.09481729578957762
裏込め	0.26481029574134085
裏返し	0.22201791882820016
裏返す	0.23033548451527405
裏金	0.13409190565316204
裏面	1.336217597832203
裕度	0.19213066841614024
補う	0.10386714349118253
補わ	0.05996772325459172
補体	0.04240358376564003
補修	0.5704818742315191
補償	0.14523713367363406
補充	0.19437316699078025
補助	0.051349081050361844
補填	0.05996772325459172
補外	0.04240358376564003
補完	0.3792691831583105
補巻	0.07344516150509135
補強	0.14176609849258082
補数	0.05996772325459172
補整	0.25442150259384017
補機	0.26818381130632407
補正	2.0220774825336902
補水	0.07344516150509135
補給	0.6416826605128504
補綴	0.3418686217701579
補聴	0.07344516150509135
補色	0.08480716753128006
補記	0.04240358376564003
補足	0.15865968242239462
補間	0.6289467875403476
裟置	0.04240358376564003
裸眼	0.32879454544347575
裸線	0.07344516150509135
製し	0.05996772325459172
製する	17.467303608502274
製作	0.36309283418408506
製剤	0.232253993475009
製品	0.12577904733420342
製図	0.1468903230101827
製本	0.22835028699110468
製水	0.04240358376564003
製氷	0.562547108468134
製法	0.17030563517359884
製版	0.2435900433794421
製産	0.08480716753128006
製糸	0.08480716753128006
製紙	0.05839983934641578
製綿	0.04240358376564003
製織	0.4487573493671172
製薬	0.16422837374383503
製表	0.04240358376564003
製袋	0.16422837374383503
製造	0.9204575330091205
製鉄	0.05996772325459172
製鋼	0.1748344547704601
製錬	0.05996772325459172
製鐵	0.04240358376564003
裾広がり	0.29915388999957926
裾部	0.05996772325459172
複写	0.567321285511453
複合	0.32067490837910695
複塩	0.04240358376564003
複層	0.3028221585760398
複式	0.16422837374383503
複数	5.770316074499696
複素	0.34708829191340723
複製	0.07261856683681703
複雑	0.18963459157915524
褐色	0.24626154159446512
褐藻	0.051349081050361844
褶曲	0.07344516150509135
襖紙	0.04240358376564003
襞山	0.08480716753128006
襟ぐり	0.1221893373417793
襲来	0.04240358376564003
西側	0.10386714349118253
西部	1.775549743873157
要し	0.1468903230101827
要する	17.467303608502274
要すれ	0.2535900433794421
要件	0.2812504999844426
要具	0.04240358376564003
要否	0.4022757169594861
要員	0.1121893373417793
要因	0.2844518873687329
要所	0.11993544650918345
要旨	0.051349081050361844
要望	0.04240358376564003
要求	3.097162720574929
要約	0.2748066310683302
要素	0.8390508979193932
要請	0.1121893373417793
要部	0.08480716753128006
要領	0.04240358376564003
覆い	0.45472777610292275
覆い塞ぐ	0.4916121314770683
覆い隠し	0.46472777610292276
覆い隠す	0.46472777610292276
覆う	1.2464057218941906
覆える	0.20889043756735093
覆さ	0.04240358376564003
覆し	0.04240358376564003
覆せ	0.07344516150509135
覆っ	0.507073111111465
覆る	0.05996772325459172
覆わ	0.5996772325459173
覆土	0.25155809466840684
覆工	0.6026681599904457
覆砂	0.04240358376564003
見いださ	0.19963459157915525
見い出し	1.1165629340039962
見え	0.2398708930183669
見える	0.3158995842786369
見かけ	0.6737210705270433
見きわめ	0.08480716753128006
見せる	4.981356809539207
見つかっ	0.08344516150509135
見つから	9.052707156357947
見つかる	0.1468903230101827
見つける	0.36448834300625754
見なし	1.0320935061404934
見る	0.29983861627295866
見下ろし	0.1372107512969201
見下ろす	0.08480716753128006
見付	0.07344516150509135
見付け	1.6745769717310857
見做し	0.1374033155341651
見出さ	0.5258618609599942
見出し	1.1165629340039962
見切り	0.46274638203230317
見合	0.05996772325459172
見合う	0.33570810713583626
見合っ	0.23033548451527405
見学	0.04240358376564003
見守り	0.1161269967375045
見当	0.3418686217701579
見掛け	0.677772304913938
見本	0.2398708930183669
見積もり	0.13409190565316204
見積り	0.17224417150312876
見込み	0.32731936484478924
見込ん	0.20431763234344605
見返し	0.22201791882820016
見通せる	4.981356809539207
見開か	0.34922867012512027
見開き	0.569341685746306
規制	1.444836394431205
規則	0.3406112703471977
規定	0.22964007162151076
規格	0.1778784346023979
規模	0.051349081050361844
規正	0.10386714349118253
規準	0.12721075129692008
規程	0.051349081050361844
規範	0.2243786746835586
規約	0.22033548451527404
視力	0.08480716753128006
視差	0.051349081050361844
視点	0.6174054990263417
視界	0.19889043756735092
視線	0.38398078223514176
視聴	0.5951626596867626
視覚	0.3768912964999357
視角	0.17030563517359884
視認	0.5544988094351604
視野	0.051349081050361844
覗き窓	0.05193357174559127
覗き込む	0.2644215025938402
覚醒	0.22835028699110468
親和	0.051349081050361844
親媒	0.15865968242239462
親子	0.07344516150509135
親展	0.15865968242239462
親指	0.16422837374383503
親機	0.21621670106726473
親水	0.07261856683681703
親油	0.1748344547704601
親綱	0.13409190565316204
観察	0.7270700044382779
観測	0.5413727166524492
観点	0.19431763234344604
観覧	0.1121893373417793
観賞	0.04240358376564003
観音	0.10386714349118253
角化	0.17030563517359884
角取り	0.6126681599904457
角型	0.07261856683681703
角度	1.7408004876982826
角形	0.051349081050361844
角材	0.051349081050361844
角柱	0.22033548451527404
角棒	0.05996772325459172
角状	0.11482003581075538
角皿	0.04240358376564003
角穴	0.1121893373417793
角立っ	0.1221893373417793
角縁	0.04240358376564003
角膜	0.32879454544347575
角通	0.05996772325459172
角錐	0.15288829553044753
解い	0.04240358376564003
解か	0.11993544650918345
解かし	0.12993544650918346
解き	0.10386714349118253
解きほぐさ	0.13409190565316204
解きほぐし	0.16422837374383503
解き放す	0.11386714349118253
解く	0.22033548451527404
解し	0.10386714349118253
解り	0.04240358376564003
解る	0.04240358376564003
解体	0.2812504999844426
解像	0.10269816210072369
解凍	0.08480716753128006
解剖	0.33671844226714864
解放	0.9313879712728584
解析	1.470413908485511
解氷	0.11993544650918345
解決	0.34446010743226624
解法	0.17030563517359884
解消	0.08893921730119896
解砕	0.12721075129692008
解答	1.116768732993079
解膠	0.07261856683681703
解説	0.1121893373417793
解読	0.2398708930183669
解釈	0.18963459157915524
解錠	0.567321285511453
解除	1.2714322620795018
解離	0.22033548451527404
触れ	0.13409190565316204
触れる	7.630385307621593
触れ合っ	0.23033548451527405
触媒	0.1358568985109568
触感	0.2812504999844426
触知	0.051349081050361844
触覚	0.27805889375327486
言う	0.07344516150509135
言え	0.04240358376564003
言上	0.04240358376564003
言及	0.05996772325459172
言語	0.5052970176995808
訂正	0.8833797256093374
訃い	0.04240358376564003
計っ	0.10386714349118253
計り	0.05996772325459172
計る	0.05996772325459172
計上	0.11993544650918345
計器	0.3911638789744895
計数	0.53804116060327
計時	0.2668208102710706
計測	1.6102199126568508
計画	0.3768912964999357
計算	0.8247883705393102
計装	0.1406367771170335
計量	0.051349081050361844
討論	0.20773428698236507
訓練	0.28590296777992946
託する	17.467303608502274
記し	0.13409190565316204
記する	17.467303608502274
記主	0.8341766812598245
記入	0.051349081050361844
記号	0.6691172656016604
記名	0.05996772325459172
記実	0.09481729578957762
記帳	0.22033548451527404
記念	0.11993544650918345
記憶	1.377840429729065
記数	0.04240358376564003
記章	0.10386714349118253
記載	0.051349081050361844
記述	0.5689037747374658
記通	0.07344516150509135
記録	3.3544424257079855
訪問	0.08893921730119896
設け	5.59646990126447
設ける	5.60646990126447
設けれ	5.60646990126447
設備	1.3000548942038412
設定	0.6526396543669433
設工	0.05996772325459172
設立	0.051349081050361844
設置	0.8151413910657407
設計	1.4953078110408247
許さ	0.08480716753128006
許し	0.09481729578957762
許す	0.17990316976377518
許可	0.9443726501864329
許否	0.07344516150509135
許容	1.1162698123238701
許諾	0.22835028699110468
訳文	0.15288829553044753
訳語	0.24725325710649015
診察	0.08480716753128006
診断	0.9613557369211465
診療	0.2398708930183669
証する	17.467303608502274
証券	0.25442150259384017
証明	0.3816322538907603
証書	0.2398708930183669
詐欺	0.04240358376564003
評価	1.4159241740040887
試し	0.05996772325459172
試し刷り	0.26818381130632407
試み	0.13409190565316204
試作	0.07344516150509135
試合	0.08480716753128006
試料	0.08893921730119896
試算	0.10386714349118253
試薬	0.5158618609599942
試行	0.19431763234344604
試験	1.2333539934177555
詰まっ	0.07344516150509135
詰まり	0.08995158488188759
詰め	0.232253993475009
詰める	0.242253993475009
詰め込ま	0.29983861627295866
詰め込み	0.32731936484478924
詰め込む	0.2644215025938402
詰込み	0.32731936484478924
話しかける	0.6837210705270433
話者	0.18963459157915524
話題	0.12721075129692008
該当	0.6144863077364919
該部	0.18963459157915524
詳しく	0.15063677711703352
詳細	0.11222140028536706
誌名	0.04240358376564003
認め	0.15288829553044753
認める	0.16288829553044754
認可	0.1468903230101827
認定	0.051349081050361844
認知	0.08893921730119896
認証	1.1666766409508786
認識	1.2038436428509887
誕生	0.07344516150509135
誘い	0.05996772325459172
誘い込む	0.2644215025938402
誘導	0.1540472431510855
誘引	0.1748344547704601
誘発	0.16961433506256013
誘起	0.3229360728346088
誘電	0.7989447354105452
語内	0.07344516150509135
語句	0.12721075129692008
語順	0.04240358376564003
語頭	0.04240358376564003
誤っ	0.13409190565316204
誤り	0.6582806421252914
誤り率	0.6682806421252914
誤差	0.856261204775282
誤記	0.05996772325459172
説明	0.43243340213452947
読ま	0.04240358376564003
読み	0.8211418687191752
読みとり	0.8311418687191752
読み出さ	0.8311418687191752
読み出し	1.1165629340039962
読み出す	0.8311418687191752
読み取っ	0.8311418687191752
読み取ら	0.8311418687191752
読み取り	1.2053363199808913
読み取る	0.8311418687191752
読み書き	0.8311418687191752
読み込ま	0.8311418687191752
読み込み	0.8311418687191752
読み込む	0.8311418687191752
読み込め	0.8311418687191752
読み込ん	0.8311418687191752
読む	0.08480716753128006
読出し	1.1165629340039962
読取	0.7784263226209481
読取っ	0.7884263226209481
読取ら	0.7884263226209481
読取り	0.7884263226209481
読取る	0.7884263226209481
読取れ	0.7884263226209481
読書	0.08480716753128006
読込	0.17990316976377518
読込み	0.32731936484478924
読込む	0.2644215025938402
読込ん	0.20431763234344605
課す	0.04240358376564003
課せ	0.04240358376564003
課徴	0.04240358376564003
課金	0.5463319596034649
課題	0.25674540525180933
調べ	0.20336044372468792
調べる	0.3028221585760398
調停	0.19889043756735092
調光	0.44329938030805793
調剤	0.09481729578957762
調合	0.2508629846468741
調和	1.2406219054334087
調器	0.09481729578957762
調圧	0.3418686217701579
調子	0.3365680120253379
調度	0.07261856683681703
調整	0.9677028154930363
調査	0.464507986950018
調波	0.5193357174559128
調湿	0.25442150259384017
調理	0.08893921730119896
調節	0.366705787192605
調色	0.12577904733420342
調製	0.7344516150509135
調質	0.04240358376564003
調速	0.08480716753128006
請け負っ	0.10386714349118253
請求	0.8699085996779621
諌熱	0.05996772325459172
諌非	0.05996772325459172
論告	0.04240358376564003
論理	1.3000692601548087
諸元	0.2937806460203654
諾否	0.08480716753128006
講じ	0.07344516150509135
講ずる	0.08344516150509135
識別	0.9482216463086943
警告	0.5694888579596141
警報	0.16238005187573473
警戒	0.3773371420026102
議論	0.11993544650918345
譲状	0.07344516150509135
護る	0.05996772325459172
護岸	0.1406367771170335
谷内	0.04240358376564003
谷底	0.14523713367363406
谷折り	0.4032346586843407
谷間	0.07344516150509135
豆油	0.07261856683681703
豊富	0.10386714349118253
象徴	0.1121893373417793
象限	0.308094486302171
負う	0.08480716753128006
負け	0.04240358376564003
負圧	0.7887522519744075
負担	0.31160143047354766
負方	0.10386714349118253
負極	0.07261856683681703
負荷	0.1540472431510855
財団	0.04240358376564003
財産	0.1406367771170335
貢献	0.23609316254660823
貨幣	0.16422837374383503
貨物	0.26481029574134085
販売	0.8512460033482502
貫い	0.17990316976377518
貫き	0.04240358376564003
貫く	0.15288829553044753
貫入	0.20773428698236507
貫流	0.2748066310683302
貫通	0.12577904733420342
責任	0.1406367771170335
貯え	0.12721075129692008
貯える	0.21412760182266577
貯め	0.1468903230101827
貯める	0.17224417150312876
貯容	0.07344516150509135
貯槽	0.19889043756735092
貯気	0.08480716753128006
貯水	0.6993378190818405
貯氷	0.07344516150509135
貯液	0.1468903230101827
貯湯	0.5544988094351604
貯溜	0.2907043241164011
貯留	1.0918408200925986
貯粒	0.08480716753128006
貯線	0.23609316254660823
貯蔵	1.1057501810966899
買い	0.10386714349118253
買取	0.05996772325459172
買電	0.05996772325459172
貸し	0.11993544650918345
貸し出さ	0.5258618609599942
貸し出し	1.1165629340039962
貸与	0.07344516150509135
貸出	0.27805889375327486
貸出し	1.1165629340039962
貸方	0.07344516150509135
費やす	0.16865968242239462
費用	0.15870502627206604
貼っ	0.08480716753128006
貼ら	0.05996772325459172
貼り	0.16422837374383503
貼りつけ	0.35448834300625753
貼り付い	0.23033548451527405
貼り付け	1.6745769717310857
貼り付ける	1.6845769717310857
貼り合せ	0.5757343697162104
貼り合せる	4.991356809539207
貼り合わさ	0.38449831169343446
貼り合わせ	1.3062602862313335
貼り合わせる	4.991356809539207
貼る	0.04240358376564003
貼付	0.30870274951317084
貼付け	1.6745769717310857
貼合	0.1540472431510855
貼床	0.05996772325459172
貼着	0.6188599309570265
貼設	0.1121893373417793
賄う	0.07344516150509135
賄わ	0.04240358376564003
資し	0.04240358376564003
資料	2.0365591914253955
資材	0.29682508635948024
資格	0.13409190565316204
資源	0.5899560258719247
資産	0.3768912964999357
資質	0.04240358376564003
賑し	0.04240358376564003
賛否	0.05996772325459172
賞味	0.05996772325459172
賦与	0.16961433506256013
賦形	0.20773428698236507
賦活	0.12721075129692008
質問	0.22033548451527404
質物	0.12721075129692008
質的	0.05996772325459172
質量	0.217855700510451
賭け	0.08480716753128006
購入	0.7513934187077169
購読	0.04240358376564003
贈呈	0.04240358376564003
赖比	0.04240358376564003
赤い	0.04240358376564003
赤さび	0.05193357174559127
赤ちゃん	0.05996772325459172
赤外	0.7108135905029334
赤核	0.05996772325459172
赤熱	0.1748344547704601
赤色	0.4261507427344633
赤血	0.07344516150509135
赤道	0.2618299662808526
赦法	0.04240358376564003
走っ	0.05996772325459172
走ら	0.05996772325459172
走り	0.1121893373417793
走る	0.23609316254660823
走向	0.8453125586421906
走査	1.3575770748189189
走水	0.04240358376564003
走行	0.16238005187573473
走路	0.42971725792303206
起き	0.19431763234344604
起きる	0.20431763234344605
起き上がり	0.21773428698236508
起こさ	0.21412760182266577
起こし	0.232253993475009
起こす	0.18724915584671722
起こっ	0.05193357174559127
起こら	0.05193357174559127
起こり	0.22033548451527404
起こる	0.18724915584671722
起さ	0.09481729578957762
起し	0.12721075129692008
起り	0.05996772325459172
起上がら	0.12993544650918346
起上がり	0.21773428698236508
起伏	0.41398952656628996
起動	0.11482003581075538
起因	0.19887413575110632
起床	0.4265375019918499
起振	0.1778784346023979
起案	0.04240358376564003
起毛	0.051349081050361844
起泡	0.24626154159446512
起源	0.45396592015873743
起点	0.685082189375523
起爆	0.11482003581075538
起立	0.10269816210072369
起算	0.051349081050361844
起電	0.3365680120253379
起震	0.04240358376564003
超え	0.992642446231758
超える	1.002642446231758
超さ	0.07344516150509135
超し	0.04240358376564003
超常	0.10269816210072369
超硬	0.19213066841614024
超過	0.366705787192605
越え	0.6514162142716725
越えよう	5.633073355900962
越える	0.6614162142716725
越し	0.08480716753128006
趣旨	0.05996772325459172
足さ	0.04240358376564003
足し	0.12721075129692008
足し合わせ	1.3062602862313335
足り	0.04240358376564003
足りる	0.07344516150509135
足る	0.12721075129692008
足下	0.6953736272050265
足元	0.16422837374383503
足回り	0.8409371479294603
足型	0.07261856683681703
足場	0.6717991090784374
足底	0.12577904733420342
足掛かり	0.09995158488188759
足掛け	0.677772304913938
足浴	0.08893921730119896
足温	0.11993544650918345
足裏	0.18483293647838678
足踏	0.08893921730119896
足踏み	0.12993544650918346
足部	0.266817651903597
距て	0.04240358376564003
距離	0.3557568692047958
跨い	0.22835028699110468
跨が	0.05996772325459172
跨がっ	0.18724915584671722
跨がり	0.15063677711703352
跨がる	0.12721075129692008
跨ぎ	0.1468903230101827
跨ぐ	0.2937806460203654
跨っ	0.26481029574134085
跨ら	0.04240358376564003
跨る	0.22033548451527404
跨着	0.04240358376564003
路上	0.1661691168611172
路側	0.2748066310683302
路外	1.3414479020054677
路幅	0.1468903230101827
路床	0.2435900433794421
路用	0.07261856683681703
路盤	0.23609316254660823
路線	0.192242642424208
路面	0.6773408991790573
跳ね飛ばさ	0.18963459157915524
跳び越え	0.6614162142716725
跳躍	1.6664996500914586
踊り場	0.08995158488188759
踊場	0.07344516150509135
踏ま	0.04240358376564003
踏み	0.11993544650918345
踏み付け	1.6745769717310857
踏み板	0.25442150259384017
踏み桟	0.20113785847974305
踏み段	0.12993544650918346
踏み込ま	0.3037806460203654
踏み込み	0.32731936484478924
踏み面	0.12993544650918346
踏む	0.07344516150509135
踏切	0.11993544650918345
踏力	0.1403892268518786
踏台	0.05996772325459172
踏板	0.7564191979739201
踏桟	0.15288829553044753
踏段	0.31731936484478923
踏襲	0.05996772325459172
踏込	0.12721075129692008
踏込ま	0.3037806460203654
踏込み	0.32731936484478924
踏量	0.09481729578957762
踏面	0.21795572329252175
蹄鉄	0.08480716753128006
蹴り	0.04240358376564003
蹴り出し	1.1165629340039962
蹴り出す	0.3722963785085141
蹴上げ	0.3722963785085141
蹴出	0.12721075129692008
蹴込み	0.32731936484478924
躍度	0.12721075129692008
身体	0.8633138092617271
身分	0.6047182281990442
身長	0.09481729578957762
身頃	0.35980633952755037
躯体	0.051349081050361844
車上	0.05996772325459172
車両	3.5441888378529125
車体	1.1651344371822878
車内	0.3144733937701738
車列	0.17990316976377518
車台	0.1748344547704601
車外	0.30870274951317084
車室	0.5609466867088966
車幅	0.6444786766334394
車床	0.09481729578957762
車庫	0.22033548451527404
車枠	0.18483293647838678
車検	0.17990316976377518
車止	0.05996772325459172
車止め	0.7170090301369303
車種	0.16422837374383503
車窓	0.04240358376564003
車線	0.4981293209914588
車軸	0.4427064115895453
車載	0.9124163485967074
車輌	0.4740864789478881
車輛	0.2717170133459181
車輪	1.1433251799271003
車速	0.7853253613924551
車道	0.13409190565316204
車長	0.07344516150509135
車間	0.41762686679433847
車高	0.42825520364533154
軌条	0.2907043241164011
軌跡	0.051349081050361844
軌道	0.25155809466840684
軌間	0.07344516150509135
軍鑑	0.05996772325459172
軒先	0.30577659106089505
軒瓦	0.05996772325459172
軒高	0.05996772325459172
軟かい	0.05193357174559127
軟らかい	0.13409190565316204
軟らかく	0.16865968242239462
軟化	0.6486501032017943
軟弱	0.1748344547704601
軟性	0.10269816210072369
軟水	0.15288829553044753
軟泥	0.04240358376564003
軟膏	0.09481729578957762
軟質	0.5052970176995808
軟鋼	0.07344516150509135
軟骨	0.051349081050361844
転がっ	0.05193357174559127
転がり	0.696761980425027
転がる	0.09480716753128006
転じ	0.05996772325459172
転じる	0.07344516150509135
転てつ	0.05193357174559127
転位	0.25442150259384017
転倒	0.20773428698236507
転写	1.4516648751522614
転動	0.7295388400806475
転勤	0.05996772325459172
転化	0.232253993475009
転向	0.34708829191340723
転回	0.07344516150509135
転圧	0.09481729578957762
転子	0.04240358376564003
転座	0.04240358376564003
転換	0.45274638203230316
転炉	0.22033548451527404
転相	0.04240358376564003
転移	0.6486501032017943
転舵	0.1406367771170335
転落	0.22033548451527404
転覆	0.05996772325459172
転輪	0.10386714349118253
転送	1.230434808275045
転造	0.21621670106726473
転部	0.04240358376564003
転院	0.04240358376564003
軸上	0.16961433506256013
軸力	0.1468903230101827
軸受	1.7286937926289778
軸受け	1.7386937926289778
軸封	0.30870274951317084
軸径	0.12721075129692008
軸承	0.14523713367363406
軸棒	0.2508629846468741
軸比	0.04240358376564003
軸索	0.09481729578957762
軸組	0.30870274951317084
軸線	0.12577904733420342
軸芯	0.4586648865913426
軸装	0.1121893373417793
軸部	0.08893921730119896
軸重	0.09481729578957762
軽い	0.1406367771170335
軽く	0.15288829553044753
軽合	0.13409190565316204
軽度	0.08480716753128006
軽水	0.19889043756735092
軽油	0.09481729578957762
軽減	0.2875950975656642
軽質	0.2435900433794421
軽量	0.5035146593495772
軽鎖	0.05996772325459172
較べ	0.10386714349118253
較正	0.5052970176995808
載し	0.08480716753128006
載せ	0.31731936484478923
載せる	4.981356809539207
載せ台	0.32731936484478924
載っ	0.13409190565316204
載り	0.07344516150509135
載る	0.1406367771170335
載取	0.04240358376564003
載嵌	0.04240358376564003
載承	0.04240358376564003
載支	0.04240358376564003
載架	0.11993544650918345
載物	0.05996772325459172
載着	0.08480716753128006
載置	0.12577904733420342
載荷	0.2715154149637838
載設	0.1468903230101827
載車	0.10386714349118253
輝度	0.051349081050361844
輝点	0.11993544650918345
輪切り	0.46274638203230317
輪台	0.10386714349118253
輪廓	0.3773371420026102
輪形	0.05996772325459172
輪状	0.09481729578957762
輪転	0.12721075129692008
輪軸	0.051349081050361844
輪部	0.19431763234344604
輪郭	0.843820662702201
輸液	0.21181770773111488
輸送	0.8915445467869743
輻射	0.2949780129359624
辞書	0.46836289111403495
農作	0.11993544650918345
農園芸	0.12993544650918346
農場	0.12721075129692008
農家	0.04240358376564003
農業	0.24725325710649015
農機	0.05996772325459172
農薬	0.07344516150509135
辷り	0.17990316976377518
辺り	0.04240358376564003
辺幅	0.04240358376564003
辺縁	0.2435900433794421
込ま	0.2937806460203654
込み	0.31731936484478923
込む	0.25442150259384017
込ん	0.19431763234344604
辿っ	0.08480716753128006
辿る	0.1406367771170335
迂回	0.217855700510451
迅速	1.2280914002377479
迎え	0.04240358376564003
迎える	0.20889043756735093
迎え角	0.05193357174559127
迎角	0.08480716753128006
近い	0.8659056836877469
近く	0.5951626596867626
近ずく	0.06996772325459172
近づい	0.2379895236335919
近づき	0.10386714349118253
近づく	0.4557152425776371
近づけ	0.5883077799991585
近づける	0.5983077799991585
近付い	0.23033548451527405
近付く	0.2748066310683302
近付ける	1.6845769717310857
近似	0.5211362555472542
近位	0.32014003689271686
近傍	1.433592360534162
近接	0.22964007162151076
近時	0.08480716753128006
近景	0.08893921730119896
近辺	0.1121893373417793
近隣	0.08480716753128006
返さ	0.05996772325459172
返し	0.21201791882820015
返し縫い	0.5789037747374658
返す	0.22033548451527404
返り	0.09481729578957762
返る	0.05996772325459172
返信	0.43657161510339054
返却	0.26481029574134085
返品	0.11993544650918345
返戻	0.09481729578957762
返送	0.386315033414545
返還	0.31731936484478923
迫っ	0.05996772325459172
迫り出し	1.1165629340039962
迫り出す	0.3722963785085141
迫出し	1.1165629340039962
述べ	0.09481729578957762
述べる	0.10386714349118253
述語	0.04240358376564003
迷路	0.08893921730119896
追い出さ	0.5258618609599942
追い出し	1.1165629340039962
追い焚き	0.11993544650918345
追い越さ	0.05996772325459172
追い越し	0.18963459157915524
追い込む	0.2644215025938402
追う	0.04240358376564003
追加	0.5409961384737844
追尾	0.24626154159446512
追従	0.510606764393696
追放	0.08480716753128006
追突	0.05996772325459172
追記	0.333886152456969
追認	0.05996772325459172
追越す	0.07344516150509135
追跡	0.3909417256758612
追随	1.3750556766841944
退け	0.08480716753128006
退ける	0.2535900433794421
退会	0.07344516150509135
退出	0.7787473715428032
退去	0.09481729578957762
退場	0.2715154149637838
退室	0.04240358376564003
退居	0.10269816210072369
退縮	0.07344516150509135
退職	0.1468903230101827
退色	0.07261856683681703
退行	0.08480716753128006
退避	0.36309283418408506
送っ	0.1468903230101827
送ら	0.5313153817071694
送り	1.178941647071279
送りださ	1.188941647071279
送りだす	1.188941647071279
送りねじ	1.3542671742442047
送り出さ	1.188941647071279
送り出し	1.188941647071279
送り出す	1.188941647071279
送り戻さ	1.188941647071279
送り戻し	1.188941647071279
送り込ま	1.188941647071279
送り込み	1.188941647071279
送り込む	1.188941647071279
送り込ん	1.188941647071279
送り量	1.188941647071279
送る	0.667772304913938
送付	0.10386714349118253
送信	0.07261856683681703
送光	0.051349081050361844
送入	0.5899560258719247
送出	0.34826641201379865
送出さ	0.5258618609599942
送出し	1.1165629340039962
送出す	0.3722963785085141
送出せ	0.35826641201379866
送力	0.04240358376564003
送受	0.15865968242239462
送受信	0.8859203685479031
送口	0.05996772325459172
送排	0.09481729578957762
送検	0.13409190565316204
送気	0.333886152456969
送水	0.08893921730119896
送油	0.051349081050361844
送波	0.13409190565316204
送泥	0.11993544650918345
送液	0.43243340213452947
送管	0.07344516150509135
送粒	0.07344516150509135
送糸	0.09481729578957762
送給	0.5689037747374658
送行	0.27652326415110595
送路	0.5135917390039363
送込	0.08480716753128006
送込み	0.32731936484478924
送込む	0.2644215025938402
送達	0.4197740627821421
送配	0.04240358376564003
送配電	0.232253993475009
送金	0.15288829553044753
送電	0.6610064535458221
送風	1.4877555850356738
逃がし	0.21412760182266577
逃がす	0.21412760182266577
逃げ	0.3418686217701579
逃げる	0.35186862177015793
逃げ溝	0.35186862177015793
逃げ込む	0.35186862177015793
逃し	0.12721075129692008
逃し弁	0.22033548451527404
逃す	0.05996772325459172
逃避	0.308094486302171
逆ねじ	1.3542671742442047
逆らう	0.1468903230101827
逆らっ	0.07344516150509135
逆側	0.19431763234344604
逆向	0.2618299662808526
逆向き	0.8779797122485545
逆巻	0.05996772325459172
逆性	0.04240358376564003
逆戻り	0.6274054990263417
逆数	0.12721075129692008
逆止	0.17030563517359884
逆止め	0.7170090301369303
逆流	0.2858995835362751
逆行	1.012707493336092
逆転	0.3932346586843407
逆送	0.2243786746835586
逆順	0.12721075129692008
逍遙	0.05996772325459172
透かし	0.2490646604957294
透き間	0.1374033155341651
透け	0.16422837374383503
透し	0.10386714349118253
透光	0.6831550907918666
透明	1.6725933577305465
透析	0.25674540525180933
透水	0.1778784346023979
透湿	0.16238005187573473
透磁	0.11482003581075538
透視	0.08893921730119896
透過	0.531159024534724
逐次	0.08893921730119896
逓倍	0.10386714349118253
逓増	0.05996772325459172
逓減	0.05996772325459172
途上	0.1468903230101827
途中	0.3557568692047958
途切れ	0.16422837374383503
途切れる	7.640385307621592
途切れ途切れ	0.17422837374383504
途絶	0.05996772325459172
途絶え	0.09480716753128006
這い上がっ	0.06704595282658102
這わ	0.04240358376564003
這わさ	0.05193357174559127
通さ	1.1766516967440412
通し	1.5626166510562933
通し矢	1.5726166510562933
通し穴	1.5726166510562933
通じ	0.8884537462347022
通じる	0.8984537462347022
通す	0.507073111111465
通ず	0.04240358376564003
通ずる	0.3780821092507383
通せ	0.20773428698236507
通っ	0.7270700044382779
通ら	0.07344516150509135
通り	0.5783077799991585
通り口	0.5883077799991585
通り抜け	0.5883077799991585
通り抜ける	0.5983077799991585
通り越える	0.6714162142716725
通り越し	0.5883077799991585
通り過ぎ	0.5883077799991585
通り過ぎる	0.5983077799991585
通り道	0.5883077799991585
通る	0.7830324357354879
通信	5.06381091796181
通報	0.48347524145715526
通常	0.7804384644605502
通板	0.11482003581075538
通気	0.9566684552813227
通水	0.11482003581075538
通液	0.1468903230101827
通溝	0.2508629846468741
通用	1.0372005952969685
通知	2.202630188996464
通経	0.08480716753128006
通線	0.08480716753128006
通行	0.47062210155941137
通訳	0.10386714349118253
通話	0.5673709951026914
通貨	0.08480716753128006
通貫	0.05996772325459172
通路	0.7369979604392577
通過	0.5673820406104415
通電	0.47330148263379723
通音	0.15865968242239462
通風	0.4507562784112613
速い	0.281273554234067
速く	0.24725325710649015
速やか	0.07344516150509135
速度	2.5430948458877913
速急	0.05996772325459172
造ら	0.1468903230101827
造り	0.08480716753128006
造る	0.15288829553044753
造作	0.05996772325459172
造型	0.792175039800269
造形	0.3773371420026102
造影	0.1778784346023979
造成	2.190626665359542
造機	0.07344516150509135
造築	0.08480716753128006
造粒	0.34446010743226624
造膜	0.09481729578957762
造花	0.07344516150509135
連なっ	1.9106079047464861
連なら	0.5563319596034649
連なり	1.95502608713121
連なる	5.190010407421949
連ね	0.15865968242239462
連ねる	0.16865968242239462
連れ	0.19431763234344604
連係	0.44473253847527455
連写	0.05996772325459172
連動	0.1623819739969683
連合	0.04240358376564003
連層	0.05996772325459172
連想	0.05996772325459172
連成	0.06479087409390388
連接	1.315178181773903
連携	0.48347524145715526
連番	0.09481729578957762
連立	0.16961433506256013
連系	0.08480716753128006
連結	0.5482581565446119
連絡	0.7453869800958574
連続	2.1078462792279726
連綴	0.08480716753128006
連繋	0.2613932455409794
連行	0.08480716753128006
連鎖	0.30577659106089505
連関	0.08480716753128006
週間	0.21201791882820015
進ま	0.05996772325459172
進み	0.15288829553044753
進む	0.232253993475009
進め	0.16961433506256013
進める	0.17961433506256014
進ん	0.09481729578957762
進入	0.3702834893500718
進出	0.051349081050361844
進動	0.05996772325459172
進展	0.07344516150509135
進捗	0.08480716753128006
進相	0.10386714349118253
進行	0.99171547861234
進角	0.24725325710649015
進路	0.3622963785085141
進退	0.717109670848553
逸さ	0.04240358376564003
逸ら	0.05996772325459172
逸れ	0.09481729578957762
逸れる	7.630385307621593
逸脱	0.29682508635948024
遂に	0.05996772325459172
遂行	0.08893921730119896
遅い	0.31731936484478923
遅く	0.2613932455409794
遅らさ	0.05193357174559127
遅らす	0.05193357174559127
遅らせ	0.15580071523677383
遅らせる	4.981356809539207
遅れ	0.4664394214220403
遅延	0.9585461184328543
遇択	0.07344516150509135
遊び	0.333886152456969
遊動	0.32845674748767006
遊子	0.07344516150509135
遊底	0.04240358376564003
遊戯	0.47218632509321645
遊技	0.5906135790319355
遊星	0.6217585881807142
遊水	0.04240358376564003
遊泳	0.05996772325459172
遊脚	0.13409190565316204
遊離	0.3792691831583105
運ば	0.2435900433794421
運び	0.11993544650918345
運び出す	0.3722963785085141
運び去る	0.12993544650918346
運び移し	0.4506709690305481
運ぶ	0.17990316976377518
運ん	0.07344516150509135
運動	0.5057297975179169
運営	0.04240358376564003
運搬	0.5860291869765561
運用	0.23531105077970568
運行	0.10269816210072369
運転	2.4173762072857765
運送	0.22382545514220661
遍在	0.04240358376564003
過ぎ	0.17990316976377518
過ぎる	0.1899031697637752
過ぎ去っ	0.1899031697637752
過ごせる	4.981356809539207
過さ	0.07344516150509135
過不足	1.1977076857221214
過冷	0.05996772325459172
過剰	0.4132990104465734
過半	0.08480716753128006
過去	0.6514162142716725
過大	0.1406367771170335
過密	0.05996772325459172
過少	0.09481729578957762
過度	0.11482003581075538
過敏	0.051349081050361844
過渡	0.10269816210072369
過熱	0.5512465889533205
過程	0.359443567352533
過給	0.7441798748825801
過酷	0.04240358376564003
過酸	0.10386714349118253
道具	0.41079264840289476
道又	0.10386714349118253
道床	0.08893921730119896
道沿い	0.3868912964999357
道盤	0.04240358376564003
道程	0.1121893373417793
道筋	0.08480716753128006
道管	0.1406367771170335
道路	1.2398437388275168
達し	0.7245927570170282
達す	0.05996772325459172
達する	17.467303608502274
達すれ	0.2535900433794421
達せ	0.05996772325459172
達成	0.08893921730119896
違い	0.21201791882820015
違う	0.07344516150509135
違え	0.05996772325459172
違える	0.20889043756735093
違っ	0.1121893373417793
違反	0.2435900433794421
違和	0.05996772325459172
違法	0.05996772325459172
遠い	0.3886352646868921
遠く	0.19431763234344604
遠ざかる	0.3932346586843407
遠ざけ	0.07344516150509135
遠ざける	0.2535900433794421
遠位	0.32014003689271686
遠去かる	0.11993544650918345
遠心	0.8491311031778485
遠方	0.1406367771170335
遠景	0.04240358376564003
遠赤	0.281273554234067
遠近	0.1468903230101827
遠近法	0.15689032301018271
遠隔	0.8813419380610962
遡っ	0.1468903230101827
遡上	0.11993544650918345
適さ	0.07344516150509135
適し	0.4816121314770683
適する	17.467303608502274
適切	0.3955142989915278
適合	0.24132360585331963
適否	0.21201791882820015
適宜	0.051349081050361844
適度	0.1468903230101827
適当	0.40672088744937585
適応	0.3768912964999357
適性	0.10269816210072369
適所	0.2613932455409794
適時	0.05996772325459172
適格	0.04240358376564003
適正	0.4345074351467571
適温	0.05996772325459172
適状	0.04240358376564003
適用	2.4114316299516467
適確	0.04240358376564003
適量	0.051349081050361844
遭っ	0.05996772325459172
遭遇	0.435711401020902
遮へい	0.2490646604957294
遮ら	0.12721075129692008
遮る	0.1748344547704601
遮光	0.5057297975179169
遮断	0.1778784346023979
遮水	0.4219103313511005
遮熱	0.20773428698236507
遮蔽	0.4505863575422368
遮音	0.3886352646868921
遮風	0.07344516150509135
遷移	0.19887413575110632
選ば	1.3740331553416507
選び	0.05996772325459172
選び出す	0.3722963785085141
選ぶ	0.21201791882820015
選ら	0.05996772325459172
選り	0.20773428698236507
選ん	0.1121893373417793
選出	0.19431763234344604
選別	0.5609466867088966
選定	0.381278998533948
選手	0.1748344547704601
選抜	0.04240358376564003
選択	3.5268975278651977
選挙	0.13409190565316204
選管	0.05996772325459172
選鉱	0.15288829553044753
遺伝	0.7513934187077169
避け	0.18963459157915524
避ける	0.2535900433794421
避退	0.04240358376564003
避難	0.22835028699110468
避雷	0.1358568985109568
還元	0.8985158308901258
還弁	0.10386714349118253
還気	0.2907043241164011
還水	0.1121893373417793
還流	0.5430308299275676
還状	0.05996772325459172
還管	0.05996772325459172
還部	0.04240358376564003
還電	0.05996772325459172
邪魔	0.051349081050361844
部下	0.11482003581075538
部会	0.04240358376564003
部位	3.192852322071858
部内	0.8523014854689266
部分	4.349126074960087
部品	0.14523713367363406
部域	0.10386714349118253
部外	0.2579309304799971
部屋	0.5463319596034649
部数	0.2748066310683302
部材	6.176384382910062
部立	0.04240358376564003
部署	2.7743773019079576
部面	0.15288829553044753
郭内	0.08480716753128006
郵便	0.08480716753128006
都合	0.15865968242239462
都市	1.9701981523014243
都度	0.22835028699110468
配さ	0.8843968586182325
配し	0.5528750905483449
配する	17.467303608502274
配り	0.05996772325459172
配下	0.10386714349118253
配位	0.12577904733420342
配信	0.08893921730119896
配備	0.051349081050361844
配光	0.2717137970219136
配分	0.5544988094351604
配列	1.7385469343912412
配合	1.8894787325784634
配向	0.4446960865059948
配属	0.10386714349118253
配布	0.16422837374383503
配慮	0.04240358376564003
配架	0.20773428698236507
配水	0.12577904733420342
配筋	0.11482003581075538
配管	0.17030563517359884
配糖	0.04240358376564003
配給	0.04240358376564003
配線	0.32067490837910695
配置	4.727741988859256
配賦	0.04240358376564003
配車	0.2748066310683302
配送	0.48442626177755893
配達	0.09481729578957762
配電	0.1851417446750359
酒石	0.16422837374383503
酒袋	0.04240358376564003
酢酸	0.6458721456692176
酪酸	0.21621670106726473
酵成	0.04240358376564003
酵母	0.33278007938892384
酵素	0.32476010375146946
酸化	0.24084853901106779
酸性	0.4951926045476108
酸欠	0.08480716753128006
酸洗	0.3520315637292793
酸素	1.2023491126126387
酸量	0.09481729578957762
酸類	0.1406367771170335
醗酵	0.16961433506256013
醸造	0.08480716753128006
釈放	0.11993544650918345
釉薬	0.04240358376564003
重い	0.10386714349118253
重く	0.04240358376564003
重っ	0.05996772325459172
重な	0.07344516150509135
重なっ	1.9106079047464861
重なら	0.5563319596034649
重なり	1.95502608713121
重なりあう	1.96502608713121
重なりあっ	4.720998080797954
重なり合い	1.96502608713121
重なり合う	1.96502608713121
重なり合っ	1.96502608713121
重なり合わ	1.96502608713121
重なる	5.190010407421949
重ね	0.7830324357354879
重ねあわさ	0.7930324357354879
重ねあわせ	0.7930324357354879
重ねる	0.7930324357354879
重ね合う	0.7930324357354879
重ね合せ	0.7930324357354879
重ね合せる	4.991356809539207
重ね合わ	0.7930324357354879
重ね合わさ	0.8030324357354879
重ね合わし	0.8030324357354879
重ね合わせ	1.3062602862313335
重ね合わせる	4.991356809539207
重ね巻き	0.7930324357354879
重み	0.4427064115895453
重み付け	1.6745769717310857
重り	0.27805889375327486
重体	0.1121893373417793
重力	0.17040565795566956
重合	0.5409961384737844
重層	0.16422837374383503
重度	0.16238005187573473
重心	0.47895234298450484
重機	0.05996772325459172
重水	0.051349081050361844
重油	0.1778784346023979
重点	1.5344700112325267
重用	0.5400047199160392
重畳	0.696761980425027
重症	0.10279909060104148
重石	0.04240358376564003
重積	0.07344516150509135
重篤	0.04240358376564003
重荷	0.07344516150509135
重袋	0.07344516150509135
重複	0.308094486302171
重要	2.672619780263805
重視	0.13409190565316204
重質	0.2715154149637838
重量	1.63270699578599
重錘	0.30577659106089505
野中	0.05996772325459172
野地	0.34578555105332603
野球	0.05996772325459172
野生	0.4951926045476108
野積	0.08480716753128006
野縁	0.35729894772871246
野菜	0.17030563517359884
量子	0.39774827150221265
量定	0.04240358376564003
量比	0.12587997583452123
量水	0.07261856683681703
量産	0.19431763234344604
量的	0.04240358376564003
金偏	0.04240358376564003
金具	0.1358568985109568
金力	0.05996772325459172
金型	0.8792994279271139
金塩	0.04240358376564003
金属	2.9488861211168267
金山	0.5261715054003269
金庫	0.16422837374383503
金成	0.04240358376564003
金板	0.13409190565316204
金枠	0.04240358376564003
金棒	0.12721075129692008
金欠	0.08480716753128006
金物	0.5446838956385551
金目	0.05996772325459172
金石	0.14523713367363406
金種	0.21201791882820015
金竹	0.05996772325459172
金箔	0.9570024628308196
金粉	0.051349081050361844
金糸	0.04240358376564003
金網	0.2613932455409794
金線	0.05996772325459172
金融	1.346269299191731
金製	0.09481729578957762
金銀	0.04240358376564003
金銭	0.2508629846468741
金額	0.36476942004032376
釘打	0.11993544650918345
釘打ち	0.3329360728346088
釘着	0.07344516150509135
針先	0.22835028699110468
針布	0.1748344547704601
針数	0.15288829553044753
針棒	0.4871800867588842
針止め	0.7170090301369303
針目	0.04240358376564003
針穴	0.15288829553044753
針葉	0.16961433506256013
針金	0.16961433506256013
釡内	0.04240358376564003
釡成	0.04240358376564003
釣り	0.07344516150509135
釣り下げ	0.37966587295677356
釣り合い	0.15865968242239462
釣り合う	0.33570810713583626
釣り合っ	0.23033548451527405
釣り合わ	0.10386714349118253
釣り糸	0.10386714349118253
釣合	0.05996772325459172
釣合い	0.32432505160089714
釣糸	0.11993544650918345
釣針	0.04240358376564003
釣銭	0.04240358376564003
鈍い	0.05996772325459172
鈍化	0.24626154159446512
鈍角	0.2875950975656642
鉄分	0.15288829553044753
鉄塊	0.04240358376564003
鉄塔	0.2508629846468741
鉄塩	0.10386714349118253
鉄心	0.4345074351467571
鉄損	0.10386714349118253
鉄板	0.21201791882820015
鉄枠	0.04240358376564003
鉄片	0.05996772325459172
鉄筋	0.7749537715248977
鉄粉	0.07344516150509135
鉄系	0.17990316976377518
鉄線	0.1468903230101827
鉄芯	0.21201791882820015
鉄蓋	0.232253993475009
鉄製	0.10386714349118253
鉄輪	0.04240358376564003
鉄道	0.5210639608931108
鉄鋼	0.19431763234344604
鉄骨	0.48533119930437635
鉗子	0.11482003581075538
鉛直	0.9908293991543797
鉛筆	0.04240358376564003
鉛管	0.09481729578957762
鉤型	0.05996772325459172
鉤形	0.08480716753128006
鉤針	0.07344516150509135
鉱山	0.05996772325459172
鉱油	0.15865968242239462
鉱滓	0.10386714349118253
鉱物	0.4625684879282077
鉱石	0.1468903230101827
銀塩	0.09481729578957762
銀平	0.09481729578957762
銀粉	0.1121893373417793
銀糸	0.09481729578957762
銀線	0.05996772325459172
銀行	0.08893921730119896
銀製	0.05996772325459172
銀鏡	0.19889043756735092
銃撃	0.1406367771170335
銃身	0.04240358376564003
銅塩	0.18963459157915524
銅板	0.10386714349118253
銅棒	0.04240358376564003
銅箔	0.12577904733420342
銅管	0.15288829553044753
銅粉	0.1406367771170335
銅線	0.11993544650918345
銘柄	0.11993544650918345
鋭い	0.11993544650918345
鋭く	0.08480716753128006
鋭利	0.1121893373417793
鋭角	0.36476942004032376
鋳型	0.6744702890349742
鋳抜き	0.5099308795699475
鋳物	0.34708829191340723
鋳肌	0.05996772325459172
鋳込	0.1748344547704601
鋳込ま	0.3037806460203654
鋳込み	0.32731936484478924
鋳込む	0.2644215025938402
鋳込ん	0.20431763234344605
鋳造	0.7233509518935939
鋳鉄	0.2243786746835586
鋳鋼	0.08480716753128006
鋸歯	0.3028221585760398
鋸盤	0.05996772325459172
鋼材	0.43034937360878545
鋼板	0.07261856683681703
鋼棒	0.19431763234344604
鋼球	0.2508629846468741
鋼管	0.08893921730119896
鋼線	0.3444883430062575
鋼製	0.10269937775693107
鋼鉄	0.18963459157915524
錐体	0.18963459157915524
錐面	0.051349081050361844
錘状	0.10386714349118253
錠前	0.2613932455409794
錠剤	0.21201791882820015
錯体	0.35477383518500283
錯塩	0.22033548451527404
錯視	0.10386714349118253
錯覚	0.04240358376564003
録画	0.47218632509321645
録音	0.6444786766334394
鍋底	0.08480716753128006
鍍金	0.051349081050361844
鍛圧	0.05996772325459172
鍛造	0.07261856683681703
鍛錬	0.10386714349118253
鍜焼	0.05996772325459172
鍵盤	0.4592801432430215
鍵穴	0.15288829553044753
鍵箱	0.10386714349118253
鎌形	0.09481729578957762
鎖さ	0.05996772325459172
鎖交	0.05996772325459172
鎖状	0.20336044372468792
鎖編み	0.4587573493671172
鎖錠	0.1468903230101827
鎮圧	0.05996772325459172
鎮痛	0.04240358376564003
鏡像	0.232253993475009
鏡板	0.21201791882820015
鏡枠	0.05996772325459172
鏡筒	0.08893921730119896
鏡視	0.07344516150509135
鏡開き	0.569341685746306
鏡面	0.12577904733420342
鑑別	0.051349081050361844
鑑査	0.13409190565316204
鑑賞	0.11993544650918345
鑞付け	1.6745769717310857
長い	0.8189492296420332
長く	0.6159476327674264
長けれ	0.07344516150509135
長め	0.08480716753128006
長上	0.11993544650918345
長光	0.051349081050361844
長円	0.1406367771170335
長大	0.3229360728346088
長尺	0.8679797122485545
長形	0.23150306942131102
長径	0.22835028699110468
長手	1.8882692460992996
長押	0.05996772325459172
長持ち	0.4686648865913426
長方	0.11482003581075538
長期	0.2904742673472681
長板	0.05996772325459172
長柄	0.05996772325459172
長柱	0.04240358376564003
長波	0.09481729578957762
長短	0.09481729578957762
長管	0.10386714349118253
長細い	0.2535900433794421
長脚	0.05996772325459172
長腕	0.05996772325459172
長袖	0.07344516150509135
長足	0.04240358376564003
長軸	0.07261856683681703
長辺	0.5141161305356395
長部	0.05996772325459172
長鎖	0.20336044372468792
長靴	0.05996772325459172
長音	0.04240358376564003
門弟	0.04240358376564003
門扉	0.2748066310683302
閃光	0.12577904733420342
閉さ	0.11993544650918345
閉ざさ	0.17224417150312876
閉ざす	0.05193357174559127
閉し	0.09481729578957762
閉じ	0.8606987472175709
閉じる	0.8706987472175709
閉じ込め	0.8706987472175709
閉じ込める	0.8806987472175709
閉す	0.04240358376564003
閉そく	0.07344516150509135
閉まっ	0.06996772325459172
閉まる	0.19431763234344604
閉め	0.29682508635948024
閉める	0.30682508635948025
閉口	0.19431763234344604
閉塞	1.0343345832567632
閉式	0.05996772325459172
閉扉	0.22033548451527404
閉止	0.5210639608931108
閉鎖	1.005242220008364
開い	0.5906135790319355
開か	0.33922867012512026
開き	0.5593416857463059
開き戸	0.569341685746306
開き角	0.569341685746306
開く	0.5641429899963556
開け	0.386315033414545
開けよう	5.633073355900962
開ける	0.396315033414545
開け閉め	0.396315033414545
開催	0.04240358376564003
開先	0.16422837374383503
開削	0.1121893373417793
開口	0.6870038823211095
開始	0.38081497719944607
開封	0.2508629846468741
開度	1.1210917346063105
開弁	0.5657343697162104
開式	0.04240358376564003
開成	0.21201791882820015
開所	0.08480716753128006
開扉	0.3418686217701579
開放	0.1358568985109568
開方	0.04240358376564003
開栓	0.05996772325459172
開気	0.07344516150509135
開環	0.09481729578957762
開発	0.232253993475009
開示	0.1748344547704601
開票	0.16422837374383503
開脚	0.1121893373417793
開花	0.04240358376564003
開裂	0.21201791882820015
開角	0.1406367771170335
開設	0.14523713367363406
開通	0.10386714349118253
開錠	0.4022757169594861
開鑿	0.05996772325459172
開閉	0.051349081050361844
間に合わ	0.11993544650918345
間中	0.05996772325459172
間仕切	0.6572626147612178
間仕切り	0.716372944510956
間伐	0.05996772325459172
間伸び	0.567732066047264
間取り	0.6126681599904457
間口	0.29682508635948024
間引い	0.2975950975656642
間引き	0.4055142989915278
間引く	0.21773428698236508
間接	0.1587045815189739
間柱	0.18483293647838678
間欠	0.5262146359520289
間歇	0.08893921730119896
間質	0.04240358376564003
間違い	0.22201791882820016
間部	0.051349081050361844
間隔	1.3272536654943339
間隙	1.3272536654943339
間際	0.04240358376564003
閘門	0.15865968242239462
関し	0.9104435541834589
関す	0.07344516150509135
関する	17.467303608502274
関わら	0.28915388999957925
関わり	0.1948329364783868
関わる	0.2844518873687329
関与	0.1748344547704601
関係	1.61412348180981
関心	0.3365680120253379
関数	1.0835754414247225
関節	0.6704595282658102
関連	1.73440506564984
閣内	0.04240358376564003
閤欠	0.05996772325459172
閲覧	0.4386260811102694
閾値	1.6263308460106007
關以	0.05996772325459172
防い	0.04240358376564003
防かび	0.1468903230101827
防ぎ	0.04240358376564003
防ぐ	0.36966587295677356
防しわ	0.2383502869911047
防カビ	0.14409190565316204
防塵	0.11482003581075538
防壁	0.08480716753128006
防弾	0.2243786746835586
防御	0.48169707802213557
防振	0.14523713367363406
防染	0.08893921730119896
防止	2.3430040451651
防水	0.9633941560442711
防汚	0.3496689095409202
防波	0.21621670106726473
防浸	0.05996772325459172
防液	0.08480716753128006
防湿	0.1358568985109568
防滑	0.44172149735894733
防潮	0.3557568692047958
防火	0.5211362555472542
防災	0.232253993475009
防炎	0.23609316254660823
防爆	0.4621417294532566
防犯	0.2398708930183669
防空	0.17030563517359884
防縮	0.08480716753128006
防腐	0.4649857054004603
防臭	0.1851417446750359
防菌	0.07261856683681703
防虫	0.14523713367363406
防蝕	0.051349081050361844
防蟻	0.05996772325459172
防衛	0.08480716753128006
防護	0.33671844226714864
防錆	0.16961433506256013
防除	0.1358568985109568
防雪	0.05996772325459172
防露	0.04240358376564003
防音	0.43034937360878545
防風	0.05996772325459172
防食	0.4022757169594861
防黴	0.13409190565316204
阻む	0.04240358376564003
阻害	0.051349081050361844
阻止	0.8231883915922126
附与	0.05996772325459172
附加	1.0447992360413962
附着	0.8102748318036547
附設	0.051349081050361844
附近	1.4587116221674248
降さ	0.05996772325459172
降し	0.11993544650918345
降り	0.05996772325459172
降ろさ	0.12721075129692008
降ろし	0.26481029574134085
降ろす	0.12721075129692008
降下	0.19213066841614024
降伏	0.07261856683681703
降圧	0.3365680120253379
降水	0.32476010375146946
降車	0.12721075129692008
降雨	0.4043230685138198
降雪	0.12577904733420342
降順	0.05996772325459172
限っ	0.10386714349118253
限ら	0.1468903230101827
限り	0.25442150259384017
限る	0.04240358376564003
限外	0.1406367771170335
限定	1.1447505745725424
限度	0.6434021414174115
限数	0.04240358376564003
限時	0.11993544650918345
限界	0.11482003581075538
除い	0.46062082248636865
除か	0.07344516150509135
除き	0.2243786746835586
除く	0.6071269247980841
除け	0.10386714349118253
除さ	0.07344516150509135
除し	0.29983861627295866
除す	0.04240358376564003
除去	0.6753917126941795
除塵	0.08893921730119896
除外	0.2949780129359624
除染	0.20773428698236507
除毛	0.051349081050361844
除湿	0.366705787192605
除算	0.42825520364533154
除草	0.23531105077970568
除菌	0.1778784346023979
除雪	0.16238005187573473
除霜	0.2994140214491724
陥し	0.09481729578957762
陥凹	0.16961433506256013
陥没	0.13409190565316204
陰圧	0.04240358376564003
陰影	0.2858995835362751
陰性	0.1406367771170335
陰極	0.3557568692047958
陳列	0.22033548451527404
陶器	0.1358568985109568
陶磁器	0.17990316976377518
陸上	0.1121893373417793
陸側	0.04240358376564003
陸地	0.04240358376564003
陸屋根	1.0425947425241922
陸岸	0.05996772325459172
陸揚げ	0.11386714349118253
陸部	0.2748066310683302
陽圧	0.13409190565316204
陽性	0.22835028699110468
陽極	0.1258891629408618
隅肉	0.11993544650918345
隅角	0.051349081050361844
隅部	0.43034937360878545
隆成	0.04240358376564003
隆起	0.33278007938892384
隊列	0.051349081050361844
階上	0.1121893373417793
階下	0.1121893373417793
階層	0.07261856683681703
階差	0.07344516150509135
階数	0.08480716753128006
階段	0.3842613368322805
階級	0.13585850667295904
階調	0.5413727166524492
階高	0.10386714349118253
随伴	0.10386714349118253
随意	0.6053967371365754
随所	0.08480716753128006
随時	0.16961433506256013
隔たり	0.49533119930437636
隔たる	0.45674947643487085
隔っ	0.04240358376564003
隔つ	0.04240358376564003
隔て	0.5413727166524492
隔てる	0.5513727166524492
隔り	0.04240358376564003
隔れ	0.04240358376564003
隔列	0.07344516150509135
隔壁	0.21171768494904414
隔室	0.2994140214491724
隔成	0.12577904733420342
隔板	0.8653500952906417
隔湿	0.05996772325459172
隔溝	0.04240358376564003
隔絶	0.05996772325459172
隔置	0.12721075129692008
隔膜	0.6908312316142851
隔設	0.11993544650918345
隔離	0.38081497719944607
隙間	1.261462074661835
際し	0.7245927570170282
際立た	0.10386714349118253
際立っ	0.1221893373417793
障壁	0.19213066841614024
障子	0.6289467875403476
障害	0.8690148702935142
隠さ	0.10386714349118253
隠す	0.12721075129692008
隠れ	0.13409190565316204
隠れる	7.630385307621593
隠喩	0.15865968242239462
隠蔽	0.24725325710649015
隣り	0.13409190565316204
隣りあう	0.14409190565316204
隣り合い	0.15689032301018271
隣り合う	1.2478474872366887
隣り合っ	0.3229360728346088
隣り合わ	0.14409190565316204
隣り合わせ	1.3062602862313335
隣る	0.12721075129692008
隣合う	0.33570810713583626
隣合っ	0.23033548451527405
隣合わせ	1.3062602862313335
隣室	0.10386714349118253
隣戸	0.04240358376564003
隣接	1.937152392829759
隣設	0.21621670106726473
雁皮	0.05996772325459172
雁行	0.051349081050361844
雄ねじ	1.3542671742442047
雄側	0.20336044372468792
雄螺子	0.4009417256758612
雄雌	0.05996772325459172
集じん	0.08995158488188759
集っ	0.08480716753128006
集まり	0.1374033155341651
集まる	0.08995158488188759
集め	0.2907043241164011
集める	0.2937806460203654
集中	1.4739959208785154
集信	0.11993544650918345
集光	0.1358568985109568
集合	1.996680476333543
集団	0.3932346586843407
集塵	0.6317991685572738
集成	1.741967781127725
集排	0.11993544650918345
集材	0.07344516150509135
集村	0.04240358376564003
集束	0.24626154159446512
集水	0.24626154159446512
集熱	0.32014003689271686
集積	0.8731432302067811
集約	0.408925352850343
集結	0.05996772325459172
集計	0.6569134949753401
集配	0.09481729578957762
集録	0.04240358376564003
集電	0.27805889375327486
集音	0.1748344547704601
雌ねじ	1.3542671742442047
雌側	0.20773428698236507
雌型	0.31731936484478923
雌螺子	0.4009417256758612
雌蟻	0.07344516150509135
雌雄	0.1358568985109568
雑巾	0.04240358376564003
雑用	0.07344516150509135
雑菌	0.08480716753128006
雑誌	0.13409190565316204
雑貨	0.05996772325459172
雑音	0.48533119930437635
離さ	0.1468903230101827
離し	0.2875950975656642
離す	0.15288829553044753
離れ	0.8244198932049905
離れよう	5.643073355900961
離れる	7.630385307621593
離反	0.33118257636287074
離合	0.07261856683681703
離型	0.5279203604771234
離層	0.05996772325459172
離床	0.05996772325459172
離心	0.07261856683681703
離散	0.12577904733420342
離着陸	0.23033548451527405
離脱	0.7761130149126692
離解	0.20773428698236507
離開	0.08893921730119896
離間	1.1940957606165987
離陸	0.13409190565316204
離隔	0.6246437943410743
難い	0.11993544650918345
難く	0.08480716753128006
難しい	0.07344516150509135
難易	0.13409190565316204
難溶	0.09481729578957762
難燃	0.6941765838268145
難読	0.08480716753128006
雨どい	0.07344516150509135
雨よけ	0.12993544650918346
雨具	0.08893921730119896
雨戸	0.20336044372468792
雨樋	0.2243786746835586
雨水	0.5186002976484843
雨衣	0.19213066841614024
雨量	0.14523713367363406
雪上	0.04240358376564003
雪中	0.20773428698236507
雪崩	0.19213066841614024
雪庇	0.27805889375327486
雪止め	0.7170090301369303
雪氷	0.1468903230101827
雪質	0.05996772325459172
雰囲気	0.9715881617172301
雲台	0.22835028699110468
雲母	0.15288829553044753
零れ	0.04240358376564003
雷管	0.2904742673472681
電位	0.19213066841614024
電信	0.24672465721071998
電力	0.8953018205688265
電動	0.1988764898592292
電化	0.496321223115879
電卓	0.10386714349118253
電器	0.17834245593689976
電圧	2.95063137007886
電場	0.20539632420144738
電子	2.078845207419388
電導	0.281273554234067
電弧	0.05996772325459172
電文	0.2398708930183669
電柱	0.23609316254660823
電植	0.04240358376564003
電極	0.8923518889229866
電機	0.7772705293737842
電気	2.2999791393339013
電池	0.9996599218072126
電波	0.6928802678798819
電流	2.379442076990548
電源	0.8135224393364169
電灯	0.12721075129692008
電熱	0.16961433506256013
電球	0.32014003689271686
電界	0.7108135905029334
電磁	0.051349688878465534
電算	0.05996772325459172
電線	0.21499899321670485
電荷	0.20539632420144738
電装	0.43657161510339054
電解	0.11482003581075538
電話	0.07261856683681703
電路	1.7777654289214424
電車	0.1406367771170335
電離	0.18963459157915524
電食	0.13409190565316204
電飾	0.1406367771170335
需用	1.1866398659202058
需給	0.04240358376564003
需要	3.3539081258267385
震動	0.08893921730119896
震度	0.07344516150509135
霊園	0.05996772325459172
霜取り	0.6126681599904457
霜降り	0.07344516150509135
霧散	0.05996772325459172
露光	0.9798806719364319
露出	0.6575890908869515
露呈	0.18963459157915524
露点	0.1540472431510855
露見	0.07344516150509135
青果	0.051349081050361844
青色	0.1358568985109568
静止	0.47895234298450484
静水	0.051349081050361844
静的	0.19889043756735092
静置	0.4265375019918499
静脈	0.15288829553044753
静電	0.8544085380922162
静音	0.435711401020902
非常	1.8176414223575388
非晶	0.3067949178116499
非有	0.05996772325459172
非極	0.08480716753128006
非水	0.20539632420144738
非鉄	0.05996772325459172
非難	0.04240358376564003
面さ	0.05996772325459172
面し	0.3768912964999357
面す	0.04240358376564003
面する	17.467303608502274
面一	0.3444883430062575
面上	0.07261856683681703
面体	0.1468903230101827
面倒	0.051349081050361844
面内	0.5210639608931108
面前	1.2714444463786665
面取	0.24725325710649015
面取り	0.6126681599904457
面圧	0.1468903230101827
面壁	0.051349081050361844
面外	0.07261856683681703
面形	0.1778784346023979
面接	0.13409190565316204
面材	0.3886352646868921
面板	3.0992903314053497
面状	0.17030563517359884
面目	0.25684633375212707
面相	0.21171768494904414
面積	0.19213066841614024
面部	1.2631091381194628
面長	0.07344516150509135
面面	0.08893921730119896
革紐	0.05996772325459172
靭性	0.17990316976377518
靭皮	0.05996772325459172
靴下	0.4197740627821421
靴型	0.04240358376564003
靴底	0.36966587295677356
靴紐	0.05996772325459172
鞍部	0.13409190565316204
鞘管	0.25155809466840684
音像	0.531159024534724
音叉	0.15288829553044753
音圧	0.22835028699110468
音域	0.051349081050361844
音場	0.22033548451527404
音声	0.051349081050361844
音曲	0.05996772325459172
音板	0.04240358376564003
音楽	0.20336044372468792
音波	0.051349081050361844
音源	0.12577904733420342
音程	0.07344516150509135
音符	0.27652326415110595
音節	0.05996772325459172
音素	0.1540472431510855
音色	0.1778784346023979
音質	0.09481729578957762
音速	0.48442626177755893
音量	0.9084579808864607
音韻	0.10386714349118253
音響	0.07261856683681703
音高	0.1778784346023979
韻律	0.051349081050361844
韻母	0.11993544650918345
響き	0.04240358376564003
頂上	0.18483293647838678
頂板	0.22974100012182852
頂点	0.5279203604771234
頂版	0.05996772325459172
頂端	0.14523713367363406
頂角	0.051349081050361844
頂部	0.30424837589904413
項目	0.48724108412752193
順々	0.12721075129692008
順じ	0.04240358376564003
順位	0.051349081050361844
順列	0.04240358376564003
順序	0.22382545514220661
順応	0.09481729578957762
順次	0.05839967568739539
順番	0.44674947643487084
順送り	1.188941647071279
預かり物	0.05996772325459172
預け	0.05996772325459172
預ける	0.2535900433794421
預け入れ	0.676424629867402
預入	0.09481729578957762
預託	0.04240358376564003
預金	0.17990316976377518
頑丈	0.07344516150509135
領収	0.04240358376564003
領域	0.19213066841614024
頚部	0.15288829553044753
頭付き	1.408675638163681
頭側	0.2435900433794421
頭囲	0.05996772325459172
頭尾	0.04240358376564003
頭状	0.04240358376564003
頭皮	0.05996772325459172
頭脳	0.08480716753128006
頭蓋	0.07344516150509135
頭部	0.11482003581075538
頭頂	0.12721075129692008
頭髪	0.11993544650918345
頸部	0.051349081050361844
頻度	0.5921338224194611
頻繁	0.12577904733420342
顆粒	0.19213066841614024
額縁	0.2243786746835586
顔料	0.8843968586182325
顔面	0.04240358376564003
顕像	0.1406367771170335
顕在	0.09481729578957762
顕微	0.4740864789478881
顕熱	0.1121893373417793
顕色	0.18963459157915524
顕著	0.04240358376564003
顙人	0.04240358376564003
類する	17.467303608502274
類似	0.4172506506970578
類別	0.10269816210072369
類推	0.08480716753128006
類縁	0.04240358376564003
顧客	0.7133386911390768
風上	0.2243786746835586
風下	0.16961433506256013
風乾	0.051349081050361844
風体	0.1121893373417793
風力	0.051349081050361844
風化	0.05996772325459172
風合	0.07344516150509135
風合い	0.15689032301018271
風向	0.507073111111465
風向き	0.8779797122485545
風呂	0.2844518873687329
風呂水	0.2944518873687329
風味	0.051349081050361844
風圧	0.08480716753128006
風景	0.12721075129692008
風洞	0.08480716753128006
風流	0.09481729578957762
風熱	0.04240358376564003
風疹	0.04240358376564003
風船	0.10386714349118253
風車	0.26481029574134085
風通し	1.5726166510562933
風速	0.07261856683681703
風選	0.04240358376564003
風量	0.051349081050361844
風防	0.05996772325459172
風除け	0.11386714349118253
飛しょう	0.09995158488188759
飛ばさ	0.05193357174559127
飛ばし	0.07344516150509135
飛び出し	1.1165629340039962
飛び出す	0.3722963785085141
飛び出る	0.4009417256758612
飛び散り	0.05996772325459172
飛び散る	0.08480716753128006
飛び越し	0.13409190565316204
飛び跳ね	0.20773428698236507
飛ぶ	0.05996772325459172
飛散	0.3932346586843407
飛来	0.04240358376564003
飛沫	0.16961433506256013
飛程	0.05996772325459172
飛翔	0.32845674748767006
飛行	0.11482003581075538
食い込ま	0.3037806460203654
食い込み	0.32731936484478924
食い込む	0.2644215025938402
食い込ん	0.20431763234344605
食み出さ	0.5258618609599942
食卓	0.04240358376564003
食品	1.2682287475361629
食器	0.35477383518500283
食塩	0.1406367771170335
食料	0.10269816210072369
食材	0.7352069542427555
食止め	0.7170090301369303
食物	1.0192501563101928
食用	0.5921864913921222
食込み	0.32731936484478924
食込む	0.2644215025938402
食込ん	0.20431763234344605
食餌	0.08480716753128006
飲む	0.07344516150509135
飲り	0.04240358376564003
飲料	0.1628440732102366
飲用	0.32845674748767006
飲酒	0.04240358376564003
飲食	0.051349081050361844
飼料	0.08480716753128006
飼育	0.05996772325459172
飽和	0.16349312740793992
飽祁	0.04240358376564003
飾り	0.15865968242239462
飾りひも	0.22201791882820016
飾り板	0.16422837374383503
飾り棚	0.16865968242239462
養分	0.05996772325459172
養子	0.04240358376564003
養生	0.41111799780591846
饋求	0.04240358376564003
首下	0.07344516150509135
首周り	0.996282200309719
首尾	0.25155809466840684
首振り	0.41003460917662976
首部	0.11482003581075538
香り	0.08480716753128006
香料	0.2994140214491724
香気	0.1121893373417793
香箱	0.07344516150509135
香粧	0.08480716753128006
香酸	0.23609316254660823
馬乗り	0.517073111111465
馬力	0.19431763234344604
馬蹄	0.04240358376564003
馴養	0.04240358376564003
駅前	0.05996772325459172
駆ける	0.2535900433794421
駆け上がり	0.21773428698236508
駆動	4.364480396095425
駐車	1.1464661890871508
駐輪	0.32845674748767006
騒音	0.5296205914826817
騙地	0.05996772325459172
驩体	0.05996772325459172
骨材	0.051349081050361844
骨板	0.19887413575110632
骨柱	0.18963459157915524
骨格	0.510606764393696
骨梁	0.29682508635948024
骨法	0.08480716753128006
骨盤	0.08480716753128006
骨組	0.18963459157915524
骨組み	0.27481029574134086
骨部	0.10386714349118253
髄様	0.05996772325459172
高々	0.04240358376564003
高い	1.3954580685967357
高かっ	0.08344516150509135
高く	0.7944308872240223
高まり	0.07344516150509135
高まる	0.08995158488188759
高め	0.20773428698236507
高める	0.3920898683114691
高中	1.1411237273308137
高伸	0.04240358376564003
高位	0.27652326415110595
高低	0.5482581565446119
高価	0.04240358376564003
高値	0.37229616365670637
高力	0.1406367771170335
高圧	1.1857849646730503
高地	0.266817651903597
高域	0.2243786746835586
高密	0.12577904733420342
高層	0.18483293647838678
高床	0.05996772325459172
高度	1.8922676325946028
高所	0.09481729578957762
高木	0.1540472431510855
高架	0.17030563517359884
高欄	0.16422837374383503
高次	0.051349081050361844
高歯	0.19889043756735092
高段	0.3028221585760398
高温	1.290895880704912
高湿	0.1851417446750359
高炉	0.21171768494904414
高熱	0.1406367771170335
高窓	0.09481729578957762
高級	0.37229616365670637
高能	0.2618299662808526
高脂	0.08480716753128006
高速	1.4514633208071734
高部	0.05996772325459172
高音	0.2858995835362751
高齢	0.07344516150509135
髦部	0.04240358376564003
髪の毛	0.05193357174559127
魚介	0.05996772325459172
魚眼	0.05996772325459172
魚道	0.16422837374383503
魚鱗	0.05996772325459172
鮮度	0.07344516150509135
鮮明	0.12577904733420342
鮮映	0.05996772325459172
鮮鋭	0.11993544650918345
鱗片	0.09481729578957762
鱗状	0.07344516150509135
鳥かご	0.7015815220934747
鳥居	0.05996772325459172
鳥獣	0.1121893373417793
鳥瞰	0.051349081050361844
鳩尾	0.12721075129692008
鳩目	0.2398708930183669
鳴り	0.05996772325459172
鴨居	0.08480716753128006
鶏卵	0.08480716753128006
鹸化	0.10386714349118253
鹿の子	0.05193357174559127
麦汁	0.04240358376564003
麦芽	0.10269816210072369
麦飯	0.04240358376564003
麺用	0.05996772325459172
麺類	0.04240358376564003
麻の葉	0.05193357174559127
麻痺	0.09481729578957762
麻酔	0.05996772325459172
黄体	0.09481729578957762
黄色	0.41444191523444684
黄銅	0.15865968242239462
黒い	0.04240358376564003
黒体	0.04240358376564003
黒化	0.07344516150509135
黒原	0.05996772325459172
黒板	0.07344516150509135
黒染	0.04240358376564003
黒液	0.04240358376564003
黒点	0.08480716753128006
黒白	0.04240358376564003
黒紋	0.04240358376564003
黒線	0.19889043756735092
黒色	0.3909417256758612
黒鉛	0.47027849375542047
鼻炎	0.359443567352533
鼻疽	0.08480716753128006
鼻腔	0.7041640559588763
龜構	0.04240358376564003
（（	0.10269816210072369
（（（	0.11269816210072368
））	0.24084853901106779
／ｍ	0.333886152456969
０．０	0.08995158488188759
０．００	0.09995158488188759
０．０００００１	0.2580472697824255
０．００００３	0.2580472697824255
０．００００５	0.2580472697824255
０．００００８	0.2580472697824255
０．０００１	0.2580472697824255
０．０００４２	0.2580472697824255
０．０００５	0.2580472697824255
０．０００７	0.2580472697824255
０．０００８	0.2580472697824255
０．００１	0.2844518873687329
０．００１９	0.2944518873687329
０．００２	0.16580071523677384
０．００３	0.1372107512969201
０．００３０	0.1945542418870722
０．００３４	0.1472107512969201
０．００３６	0.18030563517359885
０．００３７	0.17238005187573474
０．００４	0.10995158488188758
０．００４４	0.13577904733420343
０．００４５	0.27005716948438946
０．００５	0.10995158488188758
０．００６	0.10995158488188758
０．００７	0.10995158488188758
０．０１	0.09995158488188759
０．０１００	0.22795572329252178
０．０１５	0.2700571694843895
０．０１９	0.2184754653477738
０．０２	0.1468903230101827
０．０２０	0.1974386026475724
０．０２００	0.24878768369793422
０．０２５	0.232253993475009
０．０３	0.18963459157915524
０．０３０	0.19963459157915525
０．０３００	0.2672728315059601
０．０３２	0.19963459157915525
０．０３５	0.227855700510451
０．０３９	0.19963459157915525
０．０３９８	0.2606769343217122
０．０４	0.16961433506256013
０．０５	0.4406709690305481
０．０５０	0.4506709690305481
０．０５２	0.4506709690305481
０．０５６	0.4506709690305481
０．０６	0.16961433506256013
０．０６０	0.17961433506256014
０．０６４	0.17961433506256014
０．０７	0.15865968242239462
０．０８	0.2613932455409794
０．０８９	0.27139324554097943
０．０９	0.13409190565316204
０．０９１	0.14409190565316204
０．０９７	0.14409190565316204
０．１	0.1089278502552255
０．１０	0.2613932455409794
０．１００	0.27139324554097943
０．１０５	0.27139324554097943
０．１１	0.38941348464846703
０．１１２	0.5768520872960394
０．１１３	0.41468616134800385
０．１２	0.42716190649590424
０．１２５	0.43716190649590425
０．１３	0.38462442966646454
０．１３０	0.445711401020902
０．１４	0.33067490837910696
０．１４０	0.40329347521592385
０．１４５	0.4665318068900637
０．１５	0.2700571694843895
０．１６	0.24855506061168048
０．１６６	0.2585550606116805
０．１７	0.2533873176266706
０．１７０	0.3776966025548502
０．１８	0.2953411057701465
０．１９	0.2908373601814523
０．１９２	0.3008373601814523
０．２	0.06288952366710171
０．２０	0.6250516251909589
０．２１	0.6356373718436781
０．２４５	0.27005716948438946
０．２５	0.21375925311195434
０．２７	0.17155778413801603
０．２８	0.17238005187573474
０．２９	0.12482003581075538
０．３	0.08893921730119896
０．３０	0.20773428698236507
０．３２	0.20213066841614025
０．３３６	0.18030563517359885
０．３４０	0.4399803279751454
０．３４２	0.1899031697637752
０．３５	0.227855700510451
０．３７	0.17238005187573474
０．４	0.06288952366710171
０．４０	0.18531672893754075
０．４０１	0.19531672893754076
０．４１	0.20887413575110633
０．４２	0.09893921730119895
０．４３	0.12482003581075538
０．４５	0.2671807447377811
０．４７３	0.12482003581075538
０．４８	0.20213066841614025
０．４９	0.13577904733420343
０．５	0.1540472431510855
０．５０	0.2748066310683302
０．５２	0.16404724315108551
０．５３	0.16404724315108551
０．５４	0.16404724315108551
０．５４４	0.17404724315108552
０．５５	0.19889043756735092
０．５６	0.16404724315108551
０．５７	0.16404724315108551
０．５８	0.16404724315108551
０．５９	0.16404724315108551
０．６	0.08893921730119896
０．６０	0.17155778413801603
０．６０２	0.18155778413801604
０．６１	0.1362199913451409
０．６２	0.13409190565316204
０．６４	0.09893921730119895
０．６４２	0.10893921730119895
０．６５	0.17238005187573474
０．６６	0.15523713367363406
０．６８	0.09893921730119895
０．７	0.06288952366710171
０．７０	0.17155778413801603
０．７１	0.08480716753128006
０．７２	0.14585689851095682
０．７３５	0.227855700510451
０．７４	0.11269816210072368
０．７５	0.15865968242239462
０．７５４	0.16404724315108551
０．７６	0.10306125493490778
０．７８	0.09893921730119895
０．７９	0.09480716753128006
０．８	0.08893921730119896
０．８０	0.18963459157915524
０．８２０	0.1974386026475724
０．８５	0.17238005187573474
０．８８	0.16404724315108551
０．８９	0.09893921730119895
０．９	0.22033548451527404
０．９０	0.23033548451527405
０．９１	0.23033548451527405
０．９２	0.23033548451527405
０．９３０	0.23033548451527405
０．９５	0.23033548451527405
０．９６５	0.23033548451527405
０．９７０	0.23033548451527405
０．９８	0.2606769343217122
０．９８０	0.2706769343217122
０．９８５	0.2706769343217122
０．９９	0.23033548451527405
０．９９５	0.24033548451527406
００	0.07261856683681703
０００	0.24804726978242547
０００１	0.2580472697824255
０００５	0.2580472697824255
００１	0.238899657706002
００２	0.15580071523677383
００３	0.12721075129692008
０１	0.08480716753128006
０１２	0.42716190649590424
０２	0.051349081050361844
０２４	0.21375925311195434
０４０	0.18531672893754075
０５	0.07344516150509135
０５０	0.244176350974833
０５２	0.12482003581075538
０７	0.051349081050361844
１人	0.04240358376564003
１日	1.2271174469506096
１番	0.07344516150509135
１．０	0.4759790472671838
１．００	0.48597904726718383
１．０１	0.48597904726718383
１．０２	0.48597904726718383
１．０３	0.48597904726718383
１．０４	0.48597904726718383
１．０５	0.48597904726718383
１．０６	0.48597904726718383
１．０６５	0.49597904726718384
１．０８	0.48597904726718383
１．１	0.08893921730119896
１．１０	0.15523713367363406
１．１１０	0.462032051485284
１．１５	0.2700571694843895
１．１６	0.24855506061168048
１．２	0.20113785847974305
１．２０	0.21113785847974306
１．２４	0.21113785847974306
１．２５	0.21113785847974306
１．２８０	0.24499861871255169
１．３	0.06288952366710171
１．３０	0.1945542418870722
１．３４	0.14585689851095682
１．３８９	0.15523713367363406
１．４	0.08893921730119896
１．４０	0.18531672893754075
１．４２	0.09893921730119895
１．４４０	0.18531672893754075
１．４４３	0.13577904733420343
１．４５９	0.27005716948438946
１．４６	0.09893921730119895
１．４７	0.12482003581075538
１．４９	0.13577904733420343
１．５	0.1089278502552255
１．５０	0.244176350974833
１．５１	0.15523713367363406
１．５２	0.1189278502552255
１．５３	0.14632001412721168
１．５５	0.14585689851095682
１．５８	0.15523713367363406
１．５：１	0.1189278502552255
１．６	0.232253993475009
１．６３	0.242253993475009
１．６４２	0.242253993475009
１．６５１	0.242253993475009
１．６６１	0.242253993475009
１．６８２	0.242253993475009
１．６９	0.242253993475009
１．７	0.1468903230101827
１．７０	0.17155778413801603
１．８	0.08893921730119896
１．８０１	0.17155778413801603
１．８１６	0.24855506061168048
１．８５	0.17238005187573474
１．８５６	0.18238005187573475
１．８８５	0.16404724315108551
１．９	0.06288952366710171
１．９３４	0.14585689851095682
１０	0.14523713367363406
１０14	0.3795158140043206
１０4	0.15523713367363406
１０7	0.15523713367363406
１０．０	0.232253993475009
１０．２	0.15523713367363406
１００	0.21795572329252177
１００.0	0.22795572329252178
１００．０	0.22795572329252178
１０００	0.586957518545442
１００００	0.596957518545442
１０００００	0.606957518545442
１００：０．５	0.22795572329252178
１００：１	0.22795572329252178
１０１	0.5675322309362398
１０２	0.3158995842786369
１０３	0.36309283418408506
１０４	0.30852188977425105
１０４３	0.31852188977425105
１０５	0.234176350974833
１０５０	0.254176350974833
１０６	0.30679491781165
１０７	0.15523713367363406
１０８	0.2992843768247195
１０８０	0.3092843768247195
１０９３	0.15523713367363406
１０９６	0.15523713367363406
１１	0.379413484648467
１１．５	0.38941348464846703
１１．７	0.38941348464846703
１１．７２１	0.6356373718436781
１１．８	0.38941348464846703
１１０	0.45203205148528397
１１００	0.586957518545442
１１０００	0.587320611379626
１１１	0.40468616134800384
１１２	0.5668520872960394
１１２３	0.5768520872960394
１１３	0.40468616134800384
１１４	0.38941348464846703
１１４１	0.5391503737268808
１１４３	0.39941348464846704
１１５	0.49326228581501874
１１５０	0.6144087929530582
１１６	0.40468616134800384
１１６０	0.41468616134800385
１１８	0.4051501826825058
１１８０	0.4151501826825058
１２	0.41716190649590423
１２．０	0.42716190649590424
１２．２５	0.42716190649590424
１２．５	0.41752499933008824
１２０	0.6250516251909589
１２０４	0.6350516251909589
１２１	0.6356373718436781
１２１１	0.8687548498591781
１２１２	0.6456373718436781
１２２	0.7927421138038568
１２３	0.42716190649590424
１２４	0.5319819423066597
１２５	0.41752499933008824
１２６	0.624910462362358
１２７０	0.42716190649590424
１２８	0.41752499933008824
１２９	0.42716190649590424
１３	0.36309283418408506
１３．５	0.37309283418408506
１３０	0.435711401020902
１３０８	0.445711401020902
１３１	0.6793393725503136
１３２	0.38462442966646454
１３３	0.38462442966646454
１３４	0.37309283418408506
１３５	0.38462442966646454
１３５０	0.39462442966646455
１３６	0.4958339190483515
１３７	0.38462442966646454
１３７．１	0.39462442966646455
１３７０	0.39462442966646455
１３８	0.38462442966646454
１３８３７：２００８	0.39462442966646455
１３８９	0.39462442966646455
１４	0.32067490837910695
１４．１８	0.33067490837910696
１４．６	0.33067490837910696
１４０	0.39329347521592384
１４００	0.4303434208093295
１４０００	0.4307065136435136
１４１	0.5291503737268808
１４２	0.32103800121329107
１４３	0.33067490837910696
１４４	0.5195490441302133
１４５	0.4565318068900637
１４６	0.33067490837910696
１４７	0.483143704455995
１４８	0.33067490837910696
１４９	0.33067490837910696
１４９０	0.5935765426863333
１５	0.2600571694843895
１５．０	0.2700571694843895
１５．９５	0.2700571694843895
１５０	0.3327757591032772
１５０．０	0.34277575910327723
１５００	0.6147718857872423
１５０００	0.6151349786214263
１５１	0.2700571694843895
１５２	0.49555569738179484
１５４	0.3748772052951448
１５５	0.49555569738179484
１５６	0.2700571694843895
１５８．５	0.2700571694843895
１５９	0.36275533158511314
１６	0.23855506061168047
１６.３	0.24855506061168048
１６．１	0.24855506061168048
１６．５	0.24855506061168048
１６．９	0.24855506061168048
１６０	0.3111736274484975
１６００	0.47967852865287297
１６０２	0.32117362744849753
１６１	0.25442150259384017
１６２	0.35239465656346336
１６３	0.35239465656346336
１６４	0.24855506061168048
１６５	0.35239465656346336
１６５９	0.35348707043050365
１６６	0.24855506061168048
１６６．７	0.2585550606116805
１６６０	0.2585550606116805
１６８	0.35239465656346336
１６９０	0.24855506061168048
１７	0.2433873176266706
１７．５	0.2953411057701465
１７０	0.3676966025548502
１７４	0.2953411057701465
１７５０	0.6144087929530582
１７８	0.2953411057701465
１８	0.2949780129359624
１８０	0.3675965797727794
１８００	0.6563073662469527
１８１	0.3049780129359624
１８２	0.2953411057701465
１８３	0.3049780129359624
１８４	0.2953411057701465
１８５	0.2953411057701465
１８６	0.3049780129359624
１９	0.20847546534777378
１９．４	0.2184754653477738
１９．５	0.2184754653477738
１９０	0.2598245463981357
１９１３	0.37309283418408506
１９２	0.2184754653477738
１９４	0.2184754653477738
１９５	0.2908373601814523
１９６	0.2184754653477738
１９７	0.28109403218459084
１９８	0.28109403218459084
１：１	0.06288952366710171
１：１００００	0.606957518545442
１：１：１	0.09481729578957762
１：６	0.05193357174559127
１：９９	0.12482003581075538
２.０	0.07344516150509135
２．０	0.34055120406914213
２．００	0.35055120406914214
２．１	0.10386714349118253
２．１０３	0.37309283418408506
２．１３８	0.39462442966646455
２．１６	0.35239465656346336
２．２	0.06288952366710171
２．２５	0.21375925311195434
２．２５１	0.3269000871006237
２．３	0.06288952366710171
２．４	0.05193357174559127
２．４０	0.18531672893754075
２．４０１	0.19531672893754076
２．４８７	0.20213066841614025
２．５	0.12577904733420342
２．５５	0.1362199913451409
２．５８	0.15523713367363406
２．６	0.06288952366710171
２．７	0.06288952366710171
２．８	0.05193357174559127
２．８０	0.17155778413801603
２．９	0.07344516150509135
２０	0.1874386026475724
２０．０	0.1974386026475724
２０．４	0.1974386026475724
２００	0.2387876836979342
２００．０	0.24878768369793422
２０００	0.6254147180251431
２００００	0.6354147180251432
２０１	0.43082592027424294
２０１０	0.6254147180251431
２０２	0.3498186545233071
２０３	0.3498186545233072
２０３０	0.3598186545233072
２０３１	0.3598186545233072
２０４	0.1974386026475724
２０５	0.42161495362240536
２０５１	0.4316149536224054
２０５４	0.4316149536224054
２０６	1.0982036907237926
２０７	0.6250516251909589
２０８	0.3489963867855884
２０９	0.37956927106371263
２０９０	0.38956927106371264
２１	0.6256373718436781
２１．１６	0.6356373718436781
２１．５	0.6356373718436781
２１０	0.7076361738431725
２１１	0.6356373718436781
２１２	0.6356373718436781
２１３	0.7708745055173121
２１４	0.6356373718436781
２１５	0.7145765891448771
２１６	0.6356373718436781
２１８	0.8039789220623309
２２	0.21171768494904414
２２．０	0.35055120406914214
２２．５	0.22171768494904415
２２．８	0.22171768494904415
２２０	0.2843362517858612
２２１	0.8687548498591781
２２２	0.21208077778322823
２２３	0.22171768494904415
２２４	0.36706888002678906
２２５	0.3169000871006237
２３	0.17030563517359884
２３．０６	0.18030563517359885
２３．８	0.18030563517359885
２３０	0.4681754850936028
２３０６	0.4781754850936028
２３１１	0.41468616134800385
２３１２	0.42716190649590424
２３１３	0.37309283418408506
２３２	0.1924937612503243
２３３	0.1706687280077829
２３４	0.1706687280077829
２３５	0.227855700510451
２３６	0.1706687280077829
２３７	0.1706687280077829
２４	0.20375925311195434
２４０	0.21375925311195434
２４００	0.2579352957743577
２４１２	0.42716190649590424
２４１３	0.39462442966646455
２４１５	0.2700571694843895
２４１７	0.3053411057701465
２４５０	0.6244087929530582
２４７	0.21375925311195434
２５	0.20375925311195434
２５．０	0.21375925311195434
２５．５	0.21375925311195434
２５０	0.2763778199487714
２５００	0.6147718857872423
２５０００	0.6151349786214263
２５００００	0.6247718857872423
２５１	0.3169000871006237
２５１３	0.37309283418408506
２５１４	0.3269000871006237
２５１５	0.3269000871006237
２５２	0.21375925311195434
２５３	0.3169000871006237
２５５	0.21375925311195434
２５６	0.21375925311195434
２５６０	0.22375925311195435
２５６１	0.22375925311195435
２５６２	0.22375925311195435
２５７	0.419335179149234
２５９	0.3169000871006237
２５：７５	0.21375925311195434
２６	0.1778784346023979
２６．０	0.18787843460239792
２６０	0.479315435818689
２６１	0.178241527436582
２７	0.16155778413801603
２７０	0.21290686518837781
２７００	0.22290686518837782
２７１７０	0.3776966025548502
２７４	0.17155778413801603
２７５	0.17155778413801603
２８	0.16238005187573473
２８．４	0.17238005187573474
２８０	0.23499861871255168
２８１	0.17990316976377518
２８４	0.17238005187573474
２９	0.11482003581075538
２９０	0.15523713367363406
２９１．７	0.15689032301018271
２：１	0.07344516150509135
２：３	0.10386714349118253
３．０	0.08893921730119896
３．００	0.17990316976377518
３．０９０	0.15523713367363406
３．２	0.05193357174559127
３．２０	0.1974386026475724
３．２７５	0.18155778413801604
３．３１６	0.36239465656346337
３．３４３	0.14585689851095682
３．４	0.08995158488188759
３．４１	0.20887413575110633
３．５	0.06288952366710171
３．６	0.07344516150509135
３．６５８	0.17238005187573474
３．７	0.07344516150509135
３．９６８	0.13577904733420343
３０	0.1845542418870722
３０．０	0.1945542418870722
３００	0.2572728315059601
３０００	0.4685385779277869
３００００	0.4785385779277869
３０１	0.4681754850936028
３０１０	0.4781754850936028
３０１９	0.4781754850936028
３０２	0.4681754850936028
３０３	0.1945542418870722
３０３１	0.20455424188707222
３０４	0.27349345918827117
３０５	0.29937427769782754
３０６	0.4681754850936028
３０７	0.4681754850936028
３０９０	0.25442150259384017
３０：７０	0.1945542418870722
３１	0.16238005187573473
３１．５	0.17238005187573474
３１０	0.5679840679715776
３１０６：１９９８	0.5779840679715776
３１１	0.40468616134800384
３１１２	0.5768520872960394
３１２	0.41752499933008824
３１３	0.37309283418408506
３１４	0.33067490837910696
３１４０	0.40329347521592385
３１４２	0.34067490837910697
３１５	0.49555569738179484
３１６	0.35239465656346336
３１７	0.2533873176266706
３１８	0.3248720777595373
３１９．７	0.2184754653477738
３２	0.19213066841614024
３２０	0.2647492352529573
３２００	0.2747492352529573
３２１	0.6356373718436781
３２５	0.21375925311195434
３２６	0.20213066841614025
３３	0.17030563517359884
３３０	0.19431763234344604
３３００	0.2672728315059601
３３１	0.18030563517359885
３３１１	0.41468616134800385
３３１２	0.42716190649590424
３３１４	0.34067490837910697
３３１５	0.5055556973817948
３３２	0.20213066841614025
３３３	0.1706687280077829
３３４	0.18030563517359885
３４	0.1358568985109568
３４０	0.4299803279751454
３４１	0.232253993475009
３４２	0.17990316976377518
３４３	0.14585689851095682
３４４	0.14585689851095682
３４５	0.2671807447377811
３４６	0.14585689851095682
３５	0.217855700510451
３５．０	0.227855700510451
３５．９	0.227855700510451
３５０	0.2905742901293389
３５００	0.6147718857872423
３５１	0.227855700510451
３５２	0.227855700510451
３６	0.17030563517359884
３６０	0.2429242020104158
３６３	0.1706687280077829
３６４	0.1706687280077829
３６５	0.18030563517359885
３６６	0.18030563517359885
３６７	0.1706687280077829
３７	0.16238005187573473
３７．３	0.17238005187573474
３７０	0.2349986187125517
３７１	0.17238005187573474
３７３	0.17238005187573474
３７４	0.17238005187573474
３７５	0.4033286136688732
３８	0.14523713367363406
３８．７３	0.15523713367363406
３８０	0.21785570051045103
３８４	0.14560022650781815
３９	0.14523713367363406
３９０	0.5835765426863333
３：９７	0.14585689851095682
４．０	0.2435900433794421
４．１	0.05193357174559127
４．２	0.08893921730119896
４．５	0.1089278502552255
４．６	0.06288952366710171
４．７	0.05193357174559127
４．９	0.07344516150509135
４．９５２	0.17155778413801603
４０	0.17531672893754074
４０．２	0.18531672893754075
４００	0.24793529577435772
４０１	0.18531672893754075
４０２	0.18531672893754075
４０３	0.18531672893754075
４０３１	0.19531672893754076
４０３２	0.19531672893754076
４０４	0.18531672893754075
４０５	0.18531672893754075
４０６	0.18531672893754075
４０７	0.18531672893754075
４０８	0.2763778199487714
４０９	0.18531672893754075
４０９０	0.18963459157915524
４０：６０	0.18531672893754075
４１	0.19887413575110632
４１０	0.2714927025879234
４１１	0.38941348464846703
４１２	0.42716190649590424
４１３	0.38462442966646454
４１５	0.2700571694843895
４１６	0.35239465656346336
４１７	0.2953411057701465
４１８	0.2950789414362802
４１９	0.20887413575110633
４２	0.08893921730119896
４２．０	0.35055120406914214
４２０	0.1974386026475724
４２１	0.8687548498591781
４２２	0.22171768494904415
４２３	0.18030563517359885
４２５	0.21375925311195434
４３	0.11482003581075538
４３．６	0.12482003581075538
４３０	0.4681754850936028
４３１	0.17238005187573474
４３１１	0.41468616134800385
４３１２	0.42716190649590424
４３２０	0.2747492352529573
４３２１	0.6456373718436781
４４	0.12577904733420342
４４０	0.18531672893754075
４４１	0.20887413575110633
４４４	0.13577904733420343
４４５	0.2671807447377811
４５	0.26005716948438945
４５．８	0.27005716948438946
４５０	0.6144087929530582
４５００	0.6147718857872423
４５２	0.27005716948438946
４５５	0.2671807447377811
４６	0.08893921730119896
４６．５	0.09893921730119895
４６０	0.17155778413801603
４６０００	0.489678528652873
４７	0.11482003581075538
４７０	0.17155778413801603
４８	0.19213066841614024
４８０	0.35223062078091094
４８４	0.20213066841614025
４８５	0.20213066841614025
４８７	0.20213066841614025
４９	0.12577904733420342
４９．５	0.13577904733420343
４９０	0.5835765426863333
４９２	0.13577904733420343
４９８	0.2606769343217122
５．０	0.08893921730119896
５．００	0.09893921730119895
５．０００	0.2580472697824255
５．５	0.08995158488188759
５．６	0.1089278502552255
５０	0.234176350974833
５０．０	0.244176350974833
５００	0.30679491781164997
５０００	0.6147718857872423
５００００	0.6247718857872423
５０１	0.244176350974833
５０２	0.244176350974833
５０３２	0.244176350974833
５０６	0.244176350974833
５０７	0.244176350974833
５０８	0.6144087929530582
５０９	0.244176350974833
５０９０	0.254176350974833
５０：５０	0.244176350974833
５１	0.14523713367363406
５１０	0.15523713367363406
５１１	0.38941348464846703
５１２	0.42716190649590424
５１５	0.2700571694843895
５２	0.11482003581075538
５２０	0.1974386026475724
５２１	0.8687548498591781
５２２	0.21208077778322823
５２３	0.18030563517359885
５３	0.13632001412721167
５３２０	0.2747492352529573
５３２１	0.6456373718436781
５３５	0.227855700510451
５４	0.11482003581075538
５４０	0.4299803279751454
５４１	0.20887413575110633
５４２	0.11518312864493944
５４５	0.27005716948438946
５５	0.1358568985109568
５５．５	0.14585689851095682
５５０	0.23428832498290075
５５２	0.14585689851095682
５５５	0.1406252499922213
５６	0.11482003581075538
５６０	0.17155778413801603
５６１	0.14585689851095682
５６２	0.12482003581075538
５６２５	0.31868021742302755
５６３	0.12482003581075538
５６４	0.12482003581075538
５７	0.08893921730119896
５７０	0.17155778413801603
５８	0.14523713367363406
５８．３１	0.17238005187573474
５９	0.11482003581075538
５９．５	0.12482003581075538
５９０	0.15523713367363406
５：１	0.05193357174559127
５：６	0.05193357174559127
６．０	0.06288952366710171
６．４	0.07344516150509135
６．５	0.06288952366710171
６．７６	0.11269816210072368
６．８	0.05193357174559127
６．９	0.06288952366710171
６０	0.16155778413801603
６０．０	0.17155778413801603
６００	0.234176350974833
６０００	0.47967852865287297
６０１	0.17155778413801603
６０２	0.17155778413801603
６０３２	0.20213066841614025
６０８	0.17155778413801603
６０：４０	0.18531672893754075
６１	0.1358568985109568
６１．３	0.14585689851095682
６２	0.10269816210072369
６２．０	0.35055120406914214
６２．３	0.11269816210072368
６２０	0.1974386026475724
６３	0.10269816210072369
６３．５	0.11269816210072368
６３０	0.1945542418870722
６３１	0.17238005187573474
６３２	0.20213066841614025
６３２０	0.2747492352529573
６３２１	0.6456373718436781
６４	0.07261856683681703
６４１	0.20887413575110633
６４５	0.27005716948438946
６４７８	0.12482003581075538
６４８	0.20213066841614025
６５	0.16238005187573473
６５０	0.2349986187125517
６５００	0.31679491781165
６５：３５	0.227855700510451
６６	0.14523713367363406
６６．２	0.15523713367363406
６６０	0.17155778413801603
６６：３４	0.15523713367363406
６７	0.08893921730119896
６７．８	0.09893921730119895
６７０	0.17155778413801603
６７２１	0.6356373718436781
６８	0.07261856683681703
６８．０	0.20431763234344605
６９	0.07261856683681703
７．０	0.15580071523677383
７．０７	0.16580071523677384
７．１	0.07344516150509135
７．４２	0.11993544650918345
７．５	0.06288952366710171
７．６６７	0.15523713367363406
７０	0.16155778413801603
７００	0.18743860264757242
７０００	0.4483770959527813
７０１	0.22479611581215575
７０２	0.17155778413801603
７０３	0.17155778413801603
７０３１	0.18155778413801604
７０４	0.17155778413801603
７０８	0.44801400311859735
７０：３０	0.1945542418870722
７１	0.07261856683681703
７１．０	0.48597904726718383
７１．２	0.21113785847974306
７１０	0.15523713367363406
７１１	0.38941348464846703
７１１２	0.5768520872960394
７１２	0.42716190649590424
７１３	0.37309283418408506
７１４	0.33067490837910696
７１５	0.2700571694843895
７２	0.1358568985109568
７２０	0.1974386026475724
７２１	0.6356373718436781
７２２	0.22171768494904415
７３	0.10279818488279448
７３０	0.1945542418870722
７３１１	0.41468616134800385
７３１２	0.42716190649590424
７３：２７	0.17155778413801603
７４	0.10269816210072369
７４０	0.18531672893754075
７４：２６	0.18787843460239792
７５	0.1540472431510855
７５０	0.23428832498290075
７５１	0.16404724315108551
７５２	0.16404724315108551
７６	0.10269816210072369
７６．０	0.11269816210072368
７６．２	0.11269816210072368
７７	0.12577904733420342
７７５	0.16404724315108551
７８	0.08893921730119896
７８０	0.17155778413801603
７９	0.08480716753128006
８．０	0.19431763234344604
８．１	0.05193357174559127
８．３５	0.227855700510451
８．５	0.08995158488188759
８．８	0.05193357174559127
８．９	0.08995158488188759
８．９６	0.13577904733420343
８０	0.16155778413801603
８００	0.234176350974833
８０００	0.6563073662469527
８０１	0.17155778413801603
８０２	0.6559442734127687
８０９	0.17155778413801603
８０：２０	0.1974386026475724
８１	0.1358568985109568
８１０	0.14585689851095682
８１１	0.38941348464846703
８１２	0.42716190649590424
８１３	0.37309283418408506
８１４	0.33067490837910696
８１５	0.2700571694843895
８１６	0.24855506061168048
８２	0.10269816210072369
８２．５	0.13577904733420343
８２０	0.18755057665564012
８３	0.11193567505025516
８３：１７	0.2533873176266706
８４	0.10269816210072369
８４．０	0.2535900433794421
８４０	0.18531672893754075
８５	0.16238005187573473
８５０	0.2349986187125517
８５：１５	0.2700571694843895
８６	0.07261856683681703
８７０１：１９９９	0.23479611581215576
８７２１	0.6456373718436781
８８	0.1540472431510855
８９	0.07261856683681703
８９０	0.15523713367363406
９．０	0.08995158488188759
９．１	0.05193357174559127
９．５	0.08995158488188759
９．８	0.05193357174559127
９０	0.14523713367363406
９０．０	0.16961433506256013
９００	0.21785570051045103
９０００	0.5839396355205173
９０１	0.18724915584671722
９０５０：２００３	0.254176350974833
９０：１０	0.15523713367363406
９１	0.051349081050361844
９１３	0.37309283418408506
９２	0.08893921730119896
９３	0.051349081050361844
９４	0.10269816210072369
９４．０	0.2535900433794421
９５	0.16155778413801603
９５．０００	0.2680472697824255
９５：５	0.17155778413801603
９６	0.12577904733420342
９６０	0.17155778413801603
９６：４	0.13577904733420343
９７	0.1358568985109568
９８	0.2506769343217122
９８０	0.2606769343217122
９８０．６６５	0.2706769343217122
９９	0.11482003581075538
９９．００	0.12482003581075538
９９．５	0.12482003581075538
９９．９	0.12482003581075538
９９．９７	0.14585689851095682
９９．９９５	0.17155778413801603
９９．９９９	0.13482003581075538
Ａ×Ｂ	0.07344516150509135
Ａ／ｍ	0.343886152456969
ＡＢＯ	0.08893921730119896
ＡＢＳ	0.12721075129692008
ＡＣ	0.08893921730119896
ＡＣＣ	0.09893921730119895
ＡＣＫ	0.5569255116613574
ＡＤ	0.051349081050361844
ＡＧ	0.051349081050361844
ＡＩＳ	0.07344516150509135
ＡＬＬ	0.08995158488188759
ＡＬＴ	0.10386714349118253
ＡＭＸ	0.07344516150509135
ＡＮＤ	0.07344516150509135
ＡＯ	0.07344516150509135
ＡＰ	0.20336044372468792
ＡＲ	0.05996772325459172
ＡＲＭ	0.35223062078091094
ＡＳ	0.20336044372468792
ＡＳＴ	0.21336044372468793
ＡＴ	0.09481729578957762
ＡＴＲ	0.10481729578957762
ＡＶ	0.05996772325459172
Ａｃ	0.12721075129692008
Ａｃｃｅｓｓ	0.1468903230101827
Ａｄａｐｔｉｖｅ	0.11993544650918345
Ａｅ	0.10386714349118253
Ａｅｒ	0.15580071523677383
Ａｇ	0.16422837374383503
ＡｇＯ	0.17422837374383504
Ａｇｇｒｅｇａｔｉｏｎ	0.1948329364783868
Ａｉ	0.04240358376564003
Ａｉｎ	0.07344516150509135
Ａｌ	0.051349081050361844
Ａｍａｘ	0.16961433506256013
Ａｍｉｎ	0.16961433506256013
Ａｎａｌｙｔｉｃａｌ	0.09481729578957762
Ａｎｃ	0.10386714349118253
Ａｎｒ	0.12721075129692008
Ａｏ	0.1121893373417793
Ａｒ	0.2398708930183669
Ａｒｅａ	0.2498708930183669
Ａｔｔａｃｈ	0.10386714349118253
Ａｕ	0.1121893373417793
Ａｖ	0.08480716753128006
Ａｘ	0.16422837374383503
ＢＥＴ	0.11386714349118253
ＢＬ	0.04240358376564003
ＢＬＥ	0.07344516150509135
ＢＳＲ	0.19431763234344604
Ｂａ	0.18483293647838678
ＢａＯ	0.2435900433794421
Ｂｅａｃｏｎ	0.41546857396473014
Ｂｉ	0.1406367771170335
Ｂｏｃ	0.05193357174559127
Ｂｒ	0.07344516150509135
Ｂｚ	0.05996772325459172
Ｃ×Ｅ	0.05193357174559127
ＣＡ	0.07261856683681703
ＣＡ×ＦＡ	0.16422837374383503
ＣＢ	0.051349081050361844
ＣＢ×ＦＢ	0.16422837374383503
ＣＢＮ	0.2435900433794421
ＣＣＡ	0.2983356563510264
ＣＣＥ	0.1161269967375045
ＣＤＲ	0.07344516150509135
ＣＦ	0.16961433506256013
ＣＦＣ	0.1778784346023979
ＣＨ	0.6260814114194606
ＣＨＯ	0.6360814114194606
ＣＨＲ	0.6360814114194606
ＣＨＸ	0.6360814114194606
ＣＨＹ	0.6360814114194606
ＣＩＤ	0.05193357174559127
ＣＩＥＬａｂ	0.3244733937701738
ＣＩＦ	0.1374033155341651
ＣＬ	0.1468903230101827
ＣＭ	0.09481729578957762
ＣＯ	0.051349081050361844
ＣＯ２	0.06288952366710171
ＣＯＯ	0.26481029574134085
ＣＯＯＨ	0.27481029574134086
ＣＯＯＲ	0.27481029574134086
ＣＯＲ	0.15689032301018271
ＣＰ	0.04240358376564003
ＣＰＵ	0.1089278502552255
ＣＲ	0.08893921730119896
ＣＲＣ	0.437600053784352
ＣＳ	0.051349081050361844
ＣＳＩ	0.2844518873687329
ＣＳＳＡ	0.25725325710649016
ＣＶ	0.10386714349118253
ＣＶＤ	0.1778784346023979
ＣＸ	0.05996772325459172
ＣＹ	0.10386714349118253
ＣＺ	0.12721075129692008
Ｃａ	0.1748344547704601
ＣａＯ	0.2748066310683302
Ｃｂ	0.08480716753128006
Ｃｃｍ	0.08261856683681702
Ｃｄ	0.10386714349118253
Ｃｅ	0.04240358376564003
Ｃｌ	0.12721075129692008
Ｃｌａｓｓ	0.1372107512969201
Ｃｍ	0.05996772325459172
Ｃｏ	0.25442150259384017
ＣｏＯ	0.2644215025938402
Ｃｏｄｉｎｇ	0.2644215025938402
Ｃｏｎｔｅｘｔ	0.2644215025938402
Ｃｏｎｔｒｏｌ	0.2644215025938402
Ｃｒ	0.051349081050361844
Ｃｓ	0.08480716753128006
Ｃｕ	0.3144733937701738
ＣｕＫ	0.3244733937701738
ＤＡ	0.15288829553044753
ＤＡＣ	0.26481029574134085
ＤＡＳＨ	0.21336044372468793
ＤＢ	0.09481729578957762
ＤＣ	0.5936501727189605
ＤＣＩ	0.6036501727189605
ＤＤＲ	0.05193357174559127
ＤＥＶＩＣＥ	0.22171768494904415
ＤＦ	0.05996772325459172
ＤＦＡＴ	0.13409190565316204
ＤＨ	0.07344516150509135
ＤＬ	0.05996772325459172
ＤＭＲＳ	0.16961433506256013
ＤＮＡ	0.30160756008880774
ＤＰ	0.04240358376564003
ＤＰＤ	0.06996772325459172
ＤＰＦ	0.20113785847974305
ＤＲＡＭ	0.3698063395275504
ＤＲＸ	0.1468903230101827
ＤＳ	0.15865968242239462
ＤＳＣ	0.20889043756735093
ＤＵＴＹ	0.08480716753128006
Ｄａ	0.13409190565316204
Ｄａｔａ	0.1948329364783868
Ｄｂ	0.08480716753128006
Ｄｃ	0.11993544650918345
Ｄｅ	0.08480716753128006
Ｄｅｂｙｅ	0.09481729578957762
Ｄｅｌｉｖｅｒｙ	0.31731936484478923
Ｄｅｓｃｒｉｐｔｉｏｎ	0.1406367771170335
Ｄｅｖｉｃｅ	0.2435900433794421
Ｄｆ	0.09481729578957762
Ｄｈ	0.1121893373417793
ＤｉａＩｍ	0.13409190565316204
ＤｉａＴｈ	0.13409190565316204
Ｄｉｎ	0.07344516150509135
Ｄｍａｘ	0.08480716753128006
Ｄｏｕｂｌｅ	0.07344516150509135
Ｄｒ	0.051349081050361844
Ｄｓ	0.05996772325459172
Ｄｓ×	0.16422837374383503
Ｄｔ	0.10386714349118253
Ｄｕｄ	0.12721075129692008
Ｄｙ	0.05996772325459172
Ｄｙｎａｍｉｃ	0.1374033155341651
ＥＢＳＤ	0.20773428698236507
ＥＣＵ	0.20773428698236507
ＥＤ	0.05996772325459172
ＥＦＧ	0.07344516150509135
ＥＧ	0.05996772325459172
ＥＧＲ	0.7614956421180048
ＥＬ	0.3144733937701738
ＥＭＦ	0.12721075129692008
ＥＯ	0.1468903230101827
ＥＰ	0.04240358376564003
ＥＰＤＣＣＨ	0.6360814114194606
ＥＳＤ	0.06288952366710171
ＥＳＧ	0.17422837374383504
ＥＴ	0.10386714349118253
Ｅｂ	0.10386714349118253
Ｅｃ	0.10386714349118253
Ｅｌｅｃｔｒｏ	0.07932984121119731
Ｅｌｅｃｔｒｏｎｉｃ	0.13409190565316204
Ｅｑ	0.05996772325459172
Ｅｕ	0.13409190565316204
Ｅｖｏｌｕｔｉｏｎ	0.15580071523677383
Ｅｘｐｅｒｔｓ	0.1121893373417793
Ｅｘｐｒｅｓｓ	0.07932984121119731
ＦＡ	0.09481729578957762
ＦＢ	0.09481729578957762
ＦＤ	0.10386714349118253
ＦＤＭＡ	0.16961433506256013
ＦＤＴ	0.11386714349118253
ＦＥ	0.17990316976377518
ＦＩ	0.18963459157915524
ＦＩｔｈ	0.232253993475009
ＦＰＣ	0.05193357174559127
ＦＷ	0.05996772325459172
ＦＷＤ	0.10386714349118253
Ｆａｄｊ	0.10386714349118253
Ｆｅ	0.051349081050361844
ＦｅＯ	0.08995158488188759
Ｆｉ	0.051349081050361844
Ｆｉｌｅ	0.05996772325459172
Ｆｉｐｔ	0.1468903230101827
Ｆｒ	0.04240358376564003
ＧＣ	0.09481729578957762
ＧＨｚ	0.10481729578957762
ＧＫ	0.05996772325459172
ＧＬ	0.05996772325459172
ＧＰ	0.1121893373417793
ＧＰＣ	0.12721075129692008
ＧＰＩＯ	0.31577659106089506
ＧＰＳ	0.1406252499922213
ＧＰａ	0.20889043756735093
ＧＳ	0.05996772325459172
ＧＵＩ	0.12721075129692008
Ｇａ	0.20336044372468792
ＧａＮ	0.21336044372468793
Ｇｂ	0.10386714349118253
Ｇｃ	0.10386714349118253
Ｇｄ	0.04240358376564003
Ｇｅ	0.09481729578957762
Ｇｒ	0.05996772325459172
Ｇｒｏｕｐ	0.09481729578957762
Ｇｓ	0.21201791882820015
Ｇｕｉｄｅ	0.09481729578957762
ＨＡ	0.33118257636287074
ＨＡＲＱ	0.48347524145715526
ＨＣＯ	0.19431763234344604
ＨＤＢａｓｅＴ	0.1948329364783868
ＨＤＩ	0.07344516150509135
ＨＦＯ	0.1161269967375045
ＨＧ	0.05996772325459172
ＨＩ	0.05996772325459172
ＨＩＰ	0.07344516150509135
ＨＫＬ	0.08995158488188759
ＨＬ	0.05996772325459172
ＨＯＳＴ	0.08480716753128006
ＨＰＦ	0.05193357174559127
ＨＴＴＰ	0.08480716753128006
ＨＵＤ	0.22033548451527404
ＨＶ	0.13409190565316204
Ｈａ	0.04240358376564003
Ｈｃ	0.09481729578957762
Ｈｆ	0.21621670106726473
Ｈｇ	0.051349081050361844
Ｈｉｇｈ	0.05996772325459172
Ｈｍ	0.05996772325459172
Ｈｏ	0.12721075129692008
Ｈｐ	0.05996772325459172
Ｈｓ	0.04240358376564003
Ｈｖ	0.07344516150509135
Ｈｚ	0.09481729578957762
ＩＢ	0.07344516150509135
ＩＣ	0.21171768494904414
ＩＤ	0.051349081050361844
ＩＤＴ	0.06288952366710171
ＩＤｅｎｔｉｆｉｅｒ	0.09481729578957762
ＩＧ	0.04240358376564003
ＩＧＢＴ	0.18963459157915524
ＩＩ	0.18483293647838678
ＩＩＢ	0.1948329364783868
ＩＩＩ	0.1948329364783868
ＩＬＬ	0.05193357174559127
ＩＮ	0.16961433506256013
ＩＯ	0.30577659106089505
ＩＰ	0.051349081050361844
ＩＲ	0.05996772325459172
ＩＲＥ	0.1899031697637752
ＩＲＥＢａ	0.1999031697637752
ＩＳＯ	0.38254203811054927
ＩＴ	0.051349081050361844
ＩＶ	0.12721075129692008
Ｉａ	0.07344516150509135
Ｉａｂ	0.08344516150509135
Ｉａｈ	0.10386714349118253
Ｉａｖ	0.08344516150509135
Ｉｄ	0.08480716753128006
Ｉｇ	0.10386714349118253
Ｉｎ	0.20336044372468792
Ｉｎｐｕｔ	0.21336044372468793
Ｉｎｔｅｒｎｅｔ	0.22964007162151076
Ｉｏｕｔ	0.1899031697637752
Ｉｒｈ	0.10386714349118253
Ｉｒｖ	0.07344516150509135
ＪＩＳ	0.20773428698236507
ＪＩＳＬ	0.21773428698236508
ＫＴａ	0.19963459157915525
ＫＶＳ	0.07344516150509135
Ｋｅｙ	0.05193357174559127
Ｋｇ	0.05996772325459172
Ｋｗ	0.05996772325459172
ＬＡＡ	0.10386714349118253
ＬＡＮ	0.3780821092507383
ＬＢＴ	0.3955142989915278
ＬＤＬ	0.12721075129692008
ＬＥＤ	0.3773371420026102
ＬＦ	0.04240358376564003
ＬＦＬ	0.16422837374383503
ＬＦＬ×Ａ×Ｈｃ	0.17422837374383504
ＬＦＬ×Ａ×Ｈｏ	0.16961433506256013
ＬＫ	0.05996772325459172
ＬＬ	0.04240358376564003
ＬＭ	0.15865968242239462
ＬＯＬ	0.15580071523677383
ＬＰ	0.13409190565316204
ＬＳＢ	0.11386714349118253
ＬＴ	0.04240358376564003
ＬＴＥ	0.1089278502552255
ＬＷＡ	0.08995158488188759
Ｌａ	0.17990316976377518
Ｌｂ	0.11993544650918345
Ｌｃ	0.12721075129692008
Ｌｄ	0.04240358376564003
Ｌｆ	0.09481729578957762
Ｌｇ	0.05996772325459172
Ｌｈ	0.07344516150509135
Ｌｉ	0.12721075129692008
ＬｉＮｂＯ	0.2848066310683302
Ｌｉｎｅ	0.1372107512969201
Ｌｌｍａｘ	0.06704595282658102
Ｌｍａｘ	0.10386714349118253
Ｌｏｃａｌ	0.1161269967375045
Ｌｏｇ	0.07344516150509135
ＬｏｇＭ	0.08480716753128006
Ｌｏｇｉｃ	0.08344516150509135
Ｌｏｎｇ	0.10386714349118253
Ｌｏｗ	0.07344516150509135
Ｌｓ	0.04240358376564003
Ｌｓ×	0.07344516150509135
Ｌｕ	0.04240358376564003
Ｌｗ	0.07344516150509135
ＭＡＣ	0.41220994660249527
ＭＣＳ	0.07344516150509135
ＭＥＭＳ	0.11386714349118253
ＭＩＭＯ	0.08480716753128006
ＭＭＥ	0.22637319101615158
ＭＭＴ	0.1374033155341651
ＭＮ	0.15288829553044753
ＭＯ	0.05996772325459172
ＭＯＳ	0.08995158488188759
ＭＯＳＦＥＴ	0.31160143047354766
ＭＰＤ	0.2937806460203654
ＭＰＤＣＣＨ	0.6360814114194606
ＭＰＥＧ	0.08344516150509135
ＭＰａ	0.20889043756735093
ＭＰａＧ	0.21889043756735094
ＭＳ	0.10386714349118253
ＭＳＢ	0.11386714349118253
ＭｅＶ	0.07344516150509135
Ｍｅｃｈａｎｉｃａｌ	0.09481729578957762
Ｍｅｄｉａ	0.09481729578957762
Ｍｅｄｉｕｍ	0.12721075129692008
Ｍｅｍｏｒｙ	0.10386714349118253
Ｍｇ	0.21621670106726473
ＭｇＦ	0.22621670106726474
ＭｇＯ	0.2748066310683302
Ｍｉ	0.07344516150509135
Ｍｉｃｒｏ	0.14409190565316204
Ｍｎ	0.051349081050361844
Ｍｏ	0.051349081050361844
Ｍｏｄｕｌａｔｉｏｎ	0.1948329364783868
Ｍｏｖｉｎｇ	0.10386714349118253
Ｍｗ	0.19889043756735092
Ｎ×Ｄ	0.05193357174559127
Ｎ×Ｍ	0.07344516150509135
Ｎ×Ｎ	0.07344516150509135
Ｎ／ｍ	0.343886152456969
ＮＡＳ	0.21336044372468793
ＮＡＳＨ	0.4406709690305481
ＮＨ	0.22033548451527404
ＮＨＣＯＯ	0.27481029574134086
ＮＬ	0.05996772325459172
ＮＯx	0.18724915584671722
ＮＯｘ	0.1468903230101827
ＮＰＵＳＣＨ	0.8712208575156438
ＮＲＴ	0.05193357174559127
Ｎａ	0.2613932455409794
Ｎｂ	0.2748066310683302
Ｎｃ	0.07344516150509135
Ｎｄ	0.19889043756735092
Ｎｅｔｗｏｒｋ	0.1374033155341651
Ｎｅｗｔｏｎ	0.1468903230101827
Ｎｆｓ	0.05193357174559127
Ｎｉ	0.051349081050361844
ＮｉＯ	0.12721075129692008
Ｎｐｏ	0.1374033155341651
Ｎｐｒ	0.12721075129692008
Ｎｓ	0.09481729578957762
ＯＣＦ	0.17961433506256014
ＯＣＨ	0.6360814114194606
ＯＣＯ	0.26481029574134085
ＯＣＯＮＨ	0.27481029574134086
ＯＤ	0.04240358376564003
ＯＥ	0.2435900433794421
ＯＦＤＭ	0.26818381130632407
ＯＦＦ	0.1374033155341651
ＯＨ	0.10386714349118253
ＯＬ	0.05996772325459172
ＯＭ	0.04240358376564003
ＯＮ	0.11993544650918345
ＯＰ	0.08480716753128006
ＯＲ	0.1468903230101827
ＯＵＴ	0.22033548451527404
Ｏｎ	0.05996772325459172
Ｏｕｔ	0.10386714349118253
Ｐ×ｚ	0.07344516150509135
ＰＡＤ	0.05193357174559127
ＰＣＦ	0.17224417150312876
ＰＣＩ	0.05193357174559127
ＰＤ	0.05996772325459172
ＰＤＣ	0.6036501727189605
ＰＤＳＣＨ	0.6360814114194606
ＰＥＥＫ	0.08480716753128006
ＰＥＧ	0.07344516150509135
ＰＥＴ	0.11386714349118253
ＰＦＡ	0.10481729578957762
ＰＩ	0.15865968242239462
ＰＩＤ	0.16865968242239462
ＰＬ	0.16422837374383503
ＰＬＤ	0.17422837374383504
ＰＭ	0.09481729578957762
ＰＮ	0.04240358376564003
ＰＯ	0.15288829553044753
ＰＯＮ	0.16288829553044754
ＰＰ	0.1406367771170335
ＰＲＡＣＨ	0.6360814114194606
ＰＳ	0.051349081050361844
ＰＳＤＣＨ	0.6360814114194606
ＰＴ	0.17990316976377518
ＰＵＣＣＨ	0.886934587962507
ＰＵＳＣＨ	0.8612208575156438
ＰＷＭ	0.28915388999957925
Ｐａ	0.19889043756735092
Ｐｂ	0.29682508635948024
ＰｂＯ	0.30682508635948025
Ｐｃ	0.04240358376564003
Ｐｄ	0.04240358376564003
Ｐｅ	0.04240358376564003
Ｐｉｃｔｕｒｅ	0.1121893373417793
ＰｏｌｙＱ	0.16422837374383503
Ｐｏｏｌ	0.1221893373417793
Ｐｒ	0.10386714349118253
Ｐｒｅｓｅｎｔａｔｉｏｎ	0.1948329364783868
Ｐｒｉｏｒｉｔｙ	0.30577659106089505
Ｐｒｏｃｅｓｓｉｎｇ	0.13409190565316204
Ｐｒｏｇｒａｍｍａｂｌｅ	0.8495481255642842
Ｐｒｏｔｏｃｏｌ	0.15063677711703352
Ｐｓ	0.04240358376564003
Ｐｔ	0.18483293647838678
ＱＣＬ	0.15689032301018271
ＲＡ	0.35980633952755037
ＲＡＩＤ	0.3698063395275504
ＲＡＮＡＰ	0.3698063395275504
ＲＢ	0.05996772325459172
ＲＣ	0.1468903230101827
ＲＤ	0.08893921730119896
ＲＥ	0.17990316976377518
ＲＥＭ	0.1899031697637752
ＲＦ	0.21621670106726473
ＲＧ	0.05996772325459172
ＲＨ	0.16961433506256013
ＲＩ	0.2613932455409794
ＲＬ	0.07344516150509135
ＲＬＭ	0.16865968242239462
ＲＭ	0.05996772325459172
ＲＮ	0.1121893373417793
ＲＮＣ	0.20113785847974305
ＲＮＴＩ	0.2243786746835586
ＲＰ	0.13409190565316204
ＲＱ	0.33118257636287074
ＲＲＣ	0.32014003689271686
ＲＳ	0.07261856683681703
ＲＳｍ	0.1161269967375045
ＲＷ	0.04240358376564003
Ｒａ	0.1468903230101827
Ｒａｈ	0.15689032301018271
Ｒａｎｄｏｍ	0.15689032301018271
Ｒａｐｈｓｏｎ	0.15865968242239462
Ｒａｔｅ	0.1948329364783868
Ｒａｖ	0.15689032301018271
Ｒｂ	0.05996772325459172
Ｒｃ	0.08480716753128006
Ｒｅ	0.08480716753128006
ＲｅｂＡ	0.09480716753128006
ＲｅｂＤ	0.19889043756735092
ＲｅｂＭ	0.21621670106726473
Ｒｅｓｏｕｒｃｅ	0.09480716753128006
Ｒｅｗ	0.09480716753128006
Ｒｈ	0.04240358376564003
Ｒｈｏ	0.19431763234344604
Ｒｉｇ	0.10386714349118253
Ｒｊ	0.04240358376564003
Ｒｋ	0.04240358376564003
Ｒｍ	0.04240358376564003
Ｒｐ	0.12721075129692008
Ｒｓ	0.04240358376564003
Ｒｔ	0.11993544650918345
Ｒｔｈ	0.12993544650918346
Ｒｚ	0.07344516150509135
ＳＡ	0.11993544650918345
ＳＡＰＯ	0.21336044372468793
ＳＢ	0.10386714349118253
ＳＣ	0.19889043756735092
ＳＣＨ	0.6360814114194606
ＳＣＭ	0.20889043756735093
ＳＣｍ	0.20889043756735093
ＳＤ	0.04240358376564003
ＳＧ	0.16422837374383503
ＳＨ	0.12721075129692008
ＳＮ	0.16422837374383503
ＳＯ	0.07261856683681703
ＳＯＣ	0.0729816596710011
ＳＰ	0.12721075129692008
ＳＲ	0.04240358376564003
ＳＲａ	0.15689032301018271
ＳＲｂ	0.10386714349118253
ＳＲｐ	0.1372107512969201
ＳＲｚ	0.08995158488188759
ＳＳ	0.24725325710649015
ＳＳＡ	0.25725325710649016
ＳＴＡＲＴ	0.09480716753128006
ＳＵＢ	0.05193357174559127
ＳＹ	0.051349081050361844
Ｓｂ	0.12721075129692008
Ｓｃ	0.19431763234344604
Ｓｃｈｅｍｅ	0.20431763234344605
Ｓｅ	0.10386714349118253
Ｓｅｒｖｉｃｅ	0.1121893373417793
Ｓｈ	0.05996772325459172
Ｓｉ	0.051349081050361844
ＳｉＡｌＮ	0.06704595282658102
ＳｉＣ	0.22637319101615158
ＳｉＮ	0.05193357174559127
ＳｉＯ	0.20773428698236507
ＳｉＲ	0.05193357174559127
Ｓｍ	0.04240358376564003
Ｓｎ	0.232253993475009
ＳｎＯ	0.242253993475009
Ｓｐ	0.15288829553044753
Ｓｒ	0.15865968242239462
ＳｒＯ	0.2435900433794421
Ｓｓ	0.07344516150509135
Ｓｔｏｒａｇｅ	0.15063677711703352
Ｓｔｏｒｅ	0.15063677711703352
Ｓｔｒｅａｍｉｎｇ	0.12721075129692008
Ｓｙｓｔｅｍ	0.07344516150509135
ＴＡ	0.08480716753128006
ＴＡＯ	0.09480716753128006
ＴＢ	0.08480716753128006
ＴＣＰ	0.1161269967375045
ＴＤ	0.04240358376564003
ＴＥ	0.04240358376564003
ＴＦＴ	0.12577904733420342
ＴＨ	0.051349081050361844
ＴＩ	0.1121893373417793
ＴＬ	0.09481729578957762
ＴＬｒ	0.10481729578957762
ＴＭ	0.15288829553044753
ＴＭＲ	0.16288829553044754
ＴＰ	0.04240358376564003
ＴＰＤ	0.08995158488188759
ＴＲ	0.04240358376564003
ＴＳ	0.19889043756735092
ＴＴＩ	0.32432505160089714
ＴＵＶ	0.08995158488188759
ＴＶＡ	0.07344516150509135
ＴＷ	0.1121893373417793
Ｔａ	0.18963459157915524
Ｔａｂｌｅ	0.19963459157915525
Ｔａｍ	0.19963459157915525
Ｔａｖｅ	0.19963459157915525
Ｔｂ	0.10386714349118253
Ｔｂｍｐ	0.13409190565316204
Ｔｃ	0.1406367771170335
Ｔｃａ	0.15063677711703352
Ｔｃｂ	0.15063677711703352
Ｔｅ	0.04240358376564003
Ｔｅｍｐｏｒａｒｙ	0.17990316976377518
Ｔｅｒｍ	0.10386714349118253
Ｔｆ	0.10386714349118253
Ｔｇ	0.04240358376564003
Ｔｈ	0.05996772325459172
Ｔｉ	0.37449831169343445
ＴｉＯ	0.38449831169343446
Ｔｌ	0.04240358376564003
Ｔｍ	0.09481729578957762
Ｔｍｃ	0.10481729578957762
Ｔｎ	0.09481729578957762
Ｔｎｓ	0.10481729578957762
Ｔｏ	0.11993544650918345
Ｔｏｕｔ	0.1899031697637752
Ｔｐ	0.12721075129692008
Ｔｐｅｌ	0.1372107512969201
Ｔｒ	0.04240358376564003
Ｔｒａｎｓａｃｔｉｏｎ	0.09944521878367546
Ｔｒａｎｓｍｉｓｓｉｏｎ	0.10386714349118253
Ｔｓ	0.10269816210072369
Ｔｔ	0.1121893373417793
Ｔｗ	0.08480716753128006
Ｔｗｆ	0.1468903230101827
Ｔｗｉｎ	0.11993544650918345
Ｔｗｏｕｔ	0.18963459157915524
ＵＤ	0.04240358376564003
ＵＥ	0.2435900433794421
ＵＬ	0.07261856683681703
ＵＳＢ	0.1089278502552255
ＵＴＣ	0.07344516150509135
ＵＶ	0.08893921730119896
Ｖin	0.11269816210072368
Ｖout	0.16404724315108551
Ｖsense	0.07344516150509135
ＶＣＬ	0.15689032301018271
ＶＥ	0.07344516150509135
ＶＨＦ	0.10386714349118253
ＶＬ	0.05996772325459172
ＶＳ	0.04240358376564003
ＶＳＬ	0.05193357174559127
ＶＴＦ	0.05193357174559127
Ｖａ	0.1121893373417793
Ｖａｌｕｅ	0.1221893373417793
Ｖｂ	0.1121893373417793
Ｖｆ	0.1468903230101827
Ｖｍｕｆｆ	0.11386714349118253
Ｖｎ	0.07344516150509135
Ｖｏ	0.04240358376564003
Ｖｏｌ	0.1221893373417793
Ｖｐ	0.04240358376564003
Ｖｐｚ	0.07344516150509135
Ｖｒａｔ	0.1948329364783868
Ｖｓｔ	0.07344516150509135
Ｖｘ	0.08480716753128006
ＷＡ	0.05996772325459172
ＷＣ	0.15288829553044753
ＷＬ	0.07344516150509135
ＷＬＡＮ	0.3880821092507383
ＷＰ	0.04240358376564003
ＷＲ	0.05996772325459172
ＷＳ	0.07344516150509135
ＷＴｍ	0.12721075129692008
Ｗａｂ	0.08995158488188759
Ｗｅ	0.04240358376564003
Ｗｉ	0.051349081050361844
Ｗｉｒｅｌｅｓｓ	0.1468903230101827
Ｗｌ	0.05996772325459172
ＷｏＬ	0.05193357174559127
ＸＡ	0.05996772325459172
ＸＢ	0.05996772325459172
ＸＭ	0.04240358376564003
ＸＲＤ	0.09893921730119895
ＸＴ	0.04240358376564003
ＸＹ	0.08893921730119896
ＸＹＺ	0.12721075129692008
ＸＺ	0.10386714349118253
Ｘｃ	0.10386714349118253
Ｘｅ	0.08480716753128006
Ｘｆ	0.05996772325459172
Ｘｓ	0.05996772325459172
ＹｂＳＺ	0.11993544650918345
ＺＳＭ	0.28915388999957925
Ｚｎ	0.15865968242239462
ＺｎＯ	0.16865968242239462
Ｚｒ	0.2508629846468741
ＺｒＯ	0.26086298464687413
ａＤ	0.04240358376564003
ａａ	0.07344516150509135
ａａａ	0.08344516150509135
ａｉ	0.04240358376564003
ａｎｄ	0.06288952366710171
ａｏ	0.04240358376564003
ａｒｃｔａｎ	0.16580071523677384
ａｓ	0.08480716753128006
ａｔ	0.18483293647838678
ａｔｏｍｉｃ	0.1948329364783868
ａｖｅ	0.1161269967375045
ｂＥ	0.2243786746835586
ｂＧ	0.04240358376564003
ｂａ	0.11993544650918345
ｂｂ	0.10386714349118253
ｂｃｃ	0.12721075129692008
ｂｒ	0.04240358376564003
ｂｓ	0.08480716753128006
ｂｗ	0.04240358376564003
ｃＮ	0.15288829553044753
ｃＶ	0.04240358376564003
ｃｃ	0.11993544650918345
ｃｄ	0.05996772325459172
ｃｍ	0.07261856683681703
ｃｍ２	0.1899031697637752
ｃｏｎｖｅｎｔｉｏｎ	0.09481729578957762
ｃｏｓ	0.19431763234344604
ｃｐｓ	0.10386714349118253
ｃｒ	0.13409190565316204
ｄＢ	0.04240358376564003
ｄＬ	0.1406367771170335
ｄＰａ	0.20889043756735093
ｄＳ	0.1121893373417793
ｄａｙ	0.10386714349118253
ｄｅｇ	0.12721075129692008
ｄｌ	0.05996772325459172
ｄｍａｘ	0.11993544650918345
ｄｍｉｎ	0.11993544650918345
ｄｑ	0.35980633952755037
ｄｔｅｘ	0.32845674748767006
ｅＮＢ	0.20773428698236507
ｅｆｆ	0.1161269967375045
ｆｆｔ	0.09480716753128006
ｆｆｗ	0.07344516150509135
ｆｌｏｏｒ	0.06704595282658102
ｆｔ	0.08480716753128006
ｆｗ	0.05996772325459172
ｇｃｄ	0.07344516150509135
ｇｆ	0.1121893373417793
ｈｅｘ	0.17990316976377518
ｈｋｌ	0.1161269967375045
ｈｒ	0.04240358376564003
ｉ×	0.05996772325459172
ｉｉ	0.232253993475009
ｉｉｉ	0.242253993475009
ｉｎ	0.051349081050361844
ｉｎｊ	0.08995158488188759
ｉｖ	0.1121893373417793
ｉｘ	0.08480716753128006
ｋJ	0.04240358376564003
ｋＪ	0.04240358376564003
ｋＶ	0.04240358376564003
ｋｃａｌ	0.10386714349118253
ｋｅＶ	0.232253993475009
ｋｇ	0.21201791882820015
ｋｇ／ｍ３	0.343886152456969
ｋｇｆ	0.22201791882820016
ｋｈ	0.04240358376564003
ｋｌ	0.04240358376564003
ｌｍｏｌ	0.22412760182266578
ｌｘ	0.05996772325459172
ｍ／秒	0.12721075129692008
ｍ／ｓ	0.07344516150509135
ｍ２	0.17990316976377518
ｍ３	0.08480716753128006
ｍＡ	0.04240358376564003
ｍＣ	0.04240358376564003
ｍＥｑ	0.10386714349118253
ｍＪ	0.05996772325459172
ｍＬ	0.2243786746835586
ｍＮ	0.08480716753128006
ｍＰａ	0.20889043756735093
ｍＶ	0.10386714349118253
ｍＷ	0.05996772325459172
ｍａｓｓ	0.33922867012512026
ｍｅｑ	0.08995158488188759
ｍｇ	0.35729894772871246
ｍｇＫＯＨ	0.36729894772871247
ｍｉｌ	0.05193357174559127
ｍｉｎ	0.1161269967375045
ｍｌ	0.1406367771170335
ｍｍ	0.8395481255642842
ｍｍ×	0.8495481255642842
ｍｍｏｌ	0.8495481255642842
ｍｏｄ	0.10386714349118253
ｍｏｌ	0.21412760182266577
ｍｒａｄ	0.11993544650918345
ｍｓ	0.1121893373417793
ｍｓｅｃ	0.21113785847974306
ｍｕｆｆ	0.10386714349118253
ｎＨ	0.04240358376564003
ｎＬ	0.10386714349118253
ｎＮ	0.08480716753128006
ｎＳ	0.10386714349118253
ｎｄ	0.04240358376564003
ｎｍ	0.5720556203227763
ｎｓ	0.04240358376564003
ｎｕ	0.05996772325459172
ｏｌ	0.1121893373417793
ｏｎｅ	0.05193357174559127
ｏｕｔ	0.17990316976377518
ｏｖｅｒ	0.08480716753128006
ｐ×ｚ	0.05193357174559127
ｐＨ	0.1540472431510855
ｐＫａ	0.1161269967375045
ｐＬ	0.04240358376564003
ｐｎ	0.07344516150509135
ｐｏｒｔ	0.08480716753128006
ｐｏｔ	0.05193357174559127
ｐｐｂ	0.18724915584671722
ｐｐｂｗ	0.19724915584671723
ｐｐｍ	0.38514967620912804
ｐｐｍｗ	0.39514967620912805
ｐｕｔ	0.10386714349118253
ｒｅｖ	0.07344516150509135
ｒｊ	0.04240358376564003
ｒｋ	0.04240358376564003
ｒｎｔｉ	0.08480716753128006
ｒｐ	0.05996772325459172
ｒｐｍ	0.10386714349118253
ｒｕ	0.04240358376564003
ｓＰＵＳＣＨ	0.8712208575156438
ｓｅｃ	0.20113785847974305
ｓｉｎ	0.12721075129692008
ｔ×ｔａｎ	0.16580071523677384
ｔ×ｖ	0.07344516150509135
ｔａ	0.07344516150509135
ｔａｎ	0.15580071523677383
ｔｄ	0.11993544650918345
ｔｈ	0.10386714349118253
ｔｌ	0.10386714349118253
ｔｏ	0.1406367771170335
ｔｏｎ	0.15063677711703352
ｔｖ	0.13409190565316204
ｔｗ	0.08480716753128006
ｕｓ	0.05996772325459172
ｖｉ	0.05996772325459172
ｖｉｉ	0.242253993475009
ｖｉｉｉ	0.252253993475009
ｖｏｌ	0.1161269967375045
ｖｓ	0.07344516150509135
ｗＡ	0.07344516150509135
ｗＢ	0.07344516150509135
ｗａ	0.07344516150509135
ｗｔ	0.07261856683681703
ｚｄ	0.20336044372468792
｝-	0.04240358376564003
￥-	0.04240358376564003
または	6.445246076198819
又は	5.2370028649887015
請求項	15.275067487915164
